<?xml version="1.0" encoding="UTF-8"?>
<window id="9098">
	<defaultcontrol always="true">3110</defaultcontrol>
	<controls>

		<include>SimpleWindowBackground</include>

		<control type="panel" id="3110">
			<viewtype label="31438">icons</viewtype>
			<left>50</left>
			<top>150</top>
			<width>100%</width>
			<height>85%</height>
			<orientation>horizontal</orientation>
			<onleft>3110</onleft>
			<onright>3110</onright>
			<onup>3110</onup>
			<ondown>3012</ondown>
			<preloaditems>4</preloaditems>
			<pagecontrol>60</pagecontrol>
			<focusposition>-1</focusposition>
			<movement>6</movement>
			<itemlayout height="360" width="360">
				<control type="image">
					<width>350</width>
					<height>350</height>
					<texture>$INFO[ListItem.Icon]</texture>
				</control>
			</itemlayout>
			<focusedlayout height="360" width="360">
				<control type="group">
					<control type="image">
						<width>350</width>
						<height>350</height>
						<texture>$INFO[ListItem.Icon]</texture>
					</control>
					<control type="image">
					<animation type="Focus">
						<effect type="zoom" center="auto" start="120" end="122" time="200"/>
					</animation>
						<width>350</width>
						<height>350</height>
						<texture colordiffuse="$VAR[SecondaryColor]" border="90">fo.png</texture>
					</control>
				</control>
			</focusedlayout>
			<content>
				<item id="1">
					<onclick>Skin.Setstring(SecondaryColor,FFFCB11B)</onclick>
					<!--><onclick>Control.SetFocus(3012)</onclick><!-->
					<icon>demo\colors\amber.png</icon>
				</item>
				<item id="2">
					<onclick>Skin.Setstring(SecondaryColor,FF00FFFF)</onclick>
					<!--><onclick>Control.SetFocus(3012)</onclick><!-->
					<icon>demo\colors\aqua.png</icon>
				</item>
				<item id="3">
					<onclick>Skin.Setstring(SecondaryColor,FFEB9E17)</onclick>
					<!--><onclick>Control.SetFocus(3012)</onclick><!-->
					<icon>demo\colors\yellow.png</icon>
				</item>
				<item id="4">
					<onclick>Skin.Setstring(SecondaryColor,FFA400F6)</onclick>
					<!--><onclick>Control.SetFocus(3012)</onclick><!-->
					<icon>demo\colors\violet.png</icon>
				</item>
				<item id="5">
					<onclick>Skin.Setstring(SecondaryColor,FF40E0D0)</onclick>
					<!--><onclick>Control.SetFocus(3012)</onclick><!-->
					<icon>demo\colors\turquoise.png</icon>
				</item>
				<item id="6">
					<onclick>Skin.Setstring(SecondaryColor,FF1E90FF)</onclick>
					<!--><onclick>Control.SetFocus(3012)</onclick><!-->
					<icon>demo\colors\teal.png</icon>
				</item>
				<item id="7">
					<onclick>Skin.Setstring(SecondaryColor,FF998959)</onclick>
					<!--><onclick>Control.SetFocus(3012)</onclick><!-->
					<icon>demo\colors\taupe.png</icon>
				</item>
				<item id="8">
					<onclick>Skin.Setstring(SecondaryColor,FF4682B4)</onclick>
					<!--><onclick>Control.SetFocus(3012)</onclick><!-->
					<icon>demo\colors\steelblue.png</icon>
				</item>
				<item id="8">
					<onclick>Skin.Setstring(SecondaryColor,FF728699)</onclick>
					<!--><onclick>Control.SetFocus(3012)</onclick><!-->
					<icon>demo\colors\steel.png</icon>
				</item>
				<item id="9">
					<onclick>Skin.Setstring(SecondaryColor,FF2F4F4F)</onclick>
					<!--><onclick>Control.SetFocus(3012)</onclick><!-->
					<icon>demo\colors\slategrey.png</icon>
				</item>
				<item id="10">
					<onclick>Skin.Setstring(SecondaryColor,FF6A5ACD)</onclick>
					<!--><onclick>Control.SetFocus(3012)</onclick><!-->
					<icon>demo\colors\slateblue.png</icon>
				</item>
				<item id="11">
					<onclick>Skin.Setstring(SecondaryColor,FF00BFFF)</onclick>
					<!--><onclick>Control.SetFocus(3012)</onclick><!-->
					<icon>demo\colors\skyblue.png</icon>
				</item>
				<item id="12">
					<onclick>Skin.Setstring(SecondaryColor,FFC0C0C0)</onclick>
					<!--><onclick>Control.SetFocus(3012)</onclick><!-->
					<icon>demo\colors\silver.png</icon>
				</item>
				<item id="13">
					<onclick>Skin.Setstring(SecondaryColor,FF954E53)</onclick>
					<!--><onclick>Control.SetFocus(3012)</onclick><!-->
					<icon>demo\colors\sienna.png</icon>
				</item>
				<item id="14">
					<onclick>Skin.Setstring(SecondaryColor,FF20B2AA)</onclick>
					<!--><onclick>Control.SetFocus(3012)</onclick><!-->
					<icon>demo\colors\seagreen.png</icon>
				</item>
				<item id="15">
					<onclick>Skin.Setstring(SecondaryColor,FFFF0000)</onclick>
					<!--><onclick>Control.SetFocus(3012)</onclick><!-->
					<icon>demo\colors\red.png</icon>
				</item>
				<item id="16">
					<onclick>Skin.Setstring(SecondaryColor,FF800080)</onclick>
					<!--><onclick>Control.SetFocus(3012)</onclick><!-->
					<icon>demo\colors\purple.png</icon>
				</item>
				<item id="17">
					<onclick>Skin.Setstring(SecondaryColor,FFFF69B4)</onclick>
					<!--><onclick>Control.SetFocus(3012)</onclick><!-->
					<icon>demo\colors\pink.png</icon>
				</item>
				<item id="18">
					<onclick>Skin.Setstring(SecondaryColor,FFFF4500)</onclick>
					<!--><onclick>Control.SetFocus(3012)</onclick><!-->
					<icon>demo\colors\orangered.png</icon>
				</item>
				<item id="19">
					<onclick>Skin.Setstring(SecondaryColor,FFFFA500)</onclick>
					<!--><onclick>Control.SetFocus(3012)</onclick><!-->
					<icon>demo\colors\orange.png</icon>
				</item>
				<item id="20">
					<onclick>Skin.Setstring(SecondaryColor,FF6B8E23)</onclick>
					<!--><onclick>Control.SetFocus(3012)</onclick><!-->
					<icon>demo\colors\olivedrab.png</icon>
				</item>
				<item id="21">
					<onclick>Skin.Setstring(SecondaryColor,FF83A078)</onclick>
					<!--><onclick>Control.SetFocus(3012)</onclick><!-->
					<icon>demo\colors\olive.png</icon>
				</item>
				<item id="22">
					<onclick>Skin.Setstring(SecondaryColor,FF0000CD)</onclick>
					<!--><onclick>Control.SetFocus(3012)</onclick><!-->
					<icon>demo\colors\mediumblue.png</icon>
				</item>
				<item id="23">
					<onclick>Skin.Setstring(SecondaryColor,FF896EA2)</onclick>
					<!--><onclick>Control.SetFocus(3012)</onclick><!-->
					<icon>demo\colors\mauve.png</icon>
				</item>
				<item id="24">
					<onclick>Skin.Setstring(SecondaryColor,FFF80084)</onclick>
					<!--><onclick>Control.SetFocus(3012)</onclick><!-->
					<icon>demo\colors\magenta.png</icon>
				</item>
				<item id="25">
					<onclick>Skin.Setstring(SecondaryColor,FF32CD32)</onclick>
					<!--><onclick>Control.SetFocus(3012)</onclick><!-->
					<icon>demo\colors\limegreen.png</icon>
				</item>
				<item id="25">
					<onclick>Skin.Setstring(SecondaryColor,FF32CD32)</onclick>
					<!--><onclick>Control.SetFocus(3012)</onclick><!-->
					<icon>demo\colors\lime.png</icon>
				</item>
				<item id="26">
					<onclick>Skin.Setstring(SecondaryColor,FF6A00FF)</onclick>
					<!--><onclick>Control.SetFocus(3012)</onclick><!-->
					<icon>demo\colors\indigo.png</icon>
				</item>
				<item id="27">
					<onclick>Skin.Setstring(SecondaryColor,FFCD5C5C2)</onclick>
					<!--><onclick>Control.SetFocus(3012)</onclick><!-->
					<icon>demo\colors\indianred.png</icon>
				</item>
				<item id="28">
					<onclick>Skin.Setstring(SecondaryColor,FF228B22)</onclick>
					<!--><onclick>Control.SetFocus(3012)</onclick><!-->
					<icon>demo\colors\green.png</icon>
				</item>
				<item id="29">
					<onclick>Skin.Setstring(SecondaryColor,FF7B7B7B)</onclick>
					<!--><onclick>Control.SetFocus(3012)</onclick><!-->
					<icon>demo\colors\gray.png</icon>
				</item>
				<item id="30">
					<onclick>Skin.Setstring(SecondaryColor,FFFF00FF)</onclick>
					<!--><onclick>Control.SetFocus(3012)</onclick><!-->
					<icon>demo\colors\fuchisa.png</icon>
				</item>
				<item id="31">
					<onclick>Skin.Setstring(SecondaryColor,FF228B22)</onclick>
					<!--><onclick>Control.SetFocus(3012)</onclick><!-->
					<icon>demo\colors\forestgreen.png</icon>
				</item>
				<item id="32">
					<onclick>Skin.Setstring(SecondaryColor,FFB22222)</onclick>
					<!--><onclick>Control.SetFocus(3012)</onclick><!-->
					<icon>demo\colors\firebrick.png</icon>
				</item>
				<item id="33">
					<onclick>Skin.Setstring(SecondaryColor,FF00A400)</onclick>
					<!--><onclick>Control.SetFocus(3012)</onclick><!-->
					<icon>demo\colors\emerald.png</icon>
				</item>
				<item id="34">
					<onclick>Skin.Setstring(SecondaryColor,FF1E90FF)</onclick>
					<!--><onclick>Control.SetFocus(3012)</onclick><!-->
					<icon>demo\colors\dodgerblue.png</icon>
				</item>
				<item id="34">
					<onclick>Skin.Setstring(SecondaryColor,FFFF1493)</onclick>
					<!--><onclick>Control.SetFocus(3012)</onclick><!-->
					<icon>demo\colors\deeppink.png</icon>
				</item>
				<item id="35">
					<onclick>Skin.Setstring(SecondaryColor,FF00CED1)</onclick>
					<!--><onclick>Control.SetFocus(3012)</onclick><!-->
					<icon>demo\colors\darkturquoise.png</icon>
				</item>
				<item id="36">
					<onclick>Skin.Setstring(SecondaryColor,FFFF8C00)</onclick>
					<!--><onclick>Control.SetFocus(3012)</onclick><!-->
					<icon>demo\colors\darkorange.png</icon>
				</item>
				<item id="37">
					<onclick>Skin.Setstring(SecondaryColor,FF8B008B)</onclick>
					<!--><onclick>Control.SetFocus(3012)</onclick><!-->
					<icon>demo\colors\darkmagenta.png</icon>
				</item>
				<item id="38">
					<onclick>Skin.Setstring(SecondaryColor,FF00008B)</onclick>
					<!--><onclick>Control.SetFocus(3012)</onclick><!-->
					<icon>demo\colors\darkblue.png</icon>
				</item>
				<item id="39">
					<onclick>Skin.Setstring(SecondaryColor,FFD50031)</onclick>
					<!--><onclick>Control.SetFocus(3012)</onclick><!-->
					<icon>demo\colors\crimson.png</icon>
				</item>
				<item id="40">
					<onclick>Skin.Setstring(SecondaryColor,FF0054FF)</onclick>
					<!--><onclick>Control.SetFocus(3012)</onclick><!-->
					<icon>demo\colors\cobalt.png</icon>
				</item>
				<item id="41">
					<onclick>Skin.Setstring(SecondaryColor,FFD2691E)</onclick>
					<!--><onclick>Control.SetFocus(3012)</onclick><!-->
					<icon>demo\colors\chocolate.png</icon>
				</item>
				<item id="42">
					<onclick>Skin.Setstring(SecondaryColor,FF9A6B36)</onclick>
					<!--><onclick>Control.SetFocus(3012)</onclick><!-->
					<icon>demo\colors\brown.png</icon>
				</item>
				<item id="43">
					<onclick>Skin.Setstring(SecondaryColor,FF8A2BE2)</onclick>
					<!--><onclick>Control.SetFocus(3012)</onclick><!-->
					<icon>demo\colors\blueviolet.png</icon>
				</item>
				<item id="44">
					<onclick>Skin.Setstring(SecondaryColor,FF0000FF)</onclick>
					<!--><onclick>Control.SetFocus(3012)</onclick><!-->
					<icon>demo\colors\blue.png</icon>
				</item>
				<item id="45">
					<onclick>Skin.Setstring(SecondaryColor,FF00A400)</onclick>
					<!--><onclick>Control.SetFocus(3012)</onclick><!-->
					<icon>demo\colors\default.png</icon>
				</item>
				<item id="46">
					<onclick>Skin.Setstring(SecondaryColor,FFF10000)</onclick>
					<!--><onclick>Control.SetFocus(3012)</onclick><!-->
					<icon>demo\colors\newred.png</icon>
				</item>
				<item id="47">
					<onclick>Skin.Setstring(SecondaryColor,FFFF7E00)</onclick>
					<!--><onclick>Control.SetFocus(3012)</onclick><!-->
					<icon>demo\colors\neworange.png</icon>
				</item>
				<item id="48">
					<onclick>Skin.Setstring(SecondaryColor,FFFF7EFF)</onclick>
					<!--><onclick>Control.SetFocus(3012)</onclick><!-->
					<icon>demo\colors\newpink.png</icon>
				</item>
				<item id="49">
					<onclick>Skin.Setstring(SecondaryColor,FFFF00FF)</onclick>
					<!--><onclick>Control.SetFocus(3012)</onclick><!-->
					<icon>demo\colors\newdarkpink.png</icon>
				</item>
				<item id="50">
					<onclick>Skin.Setstring(SecondaryColor,FFFF009B)</onclick>
					<!--><onclick>Control.SetFocus(3012)</onclick><!-->
					<icon>demo\colors\newdarkpink2.png</icon>
				</item>
				<item id="51">
					<onclick>Skin.Setstring(SecondaryColor,FF92009B)</onclick>
					<!--><onclick>Control.SetFocus(3012)</onclick><!-->
					<icon>demo\colors\newpurple.png</icon>
				</item>
				<item id="52">
					<onclick>Skin.Setstring(SecondaryColor,FFEB0000)</onclick>
					<!--><onclick>Control.SetFocus(3012)</onclick><!-->
					<icon>demo\colors\newred2.png</icon>
				</item>
				<item id="53">
					<onclick>Skin.Setstring(SecondaryColor,FF00BDFF)</onclick>
					<!--><onclick>Control.SetFocus(3012)</onclick><!-->
					<icon>demo\colors\newteal.png</icon>
				</item>
				<item id="54">
					<onclick>Skin.Setstring(SecondaryColor,FFFFE800)</onclick>
					<!--><onclick>Control.SetFocus(3012)</onclick><!-->
					<icon>demo\colors\newyellow.png</icon>
				</item>
				<item id="55">
					<onclick>Skin.Setstring(SecondaryColor,FF9BDF2E)</onclick>
					<!--><onclick>Control.SetFocus(3012)</onclick><!-->
					<icon>demo\colors\newlime.png</icon>
				</item>
				<item id="56">
					<onclick>Skin.Setstring(SecondaryColor,AC0022C9)</onclick>
					<!--><onclick>Control.SetFocus(3012)</onclick><!-->
					<icon>demo\colors\blue2.png</icon>
				</item>
				<item id="57">
					<onclick>Skin.Setstring(SecondaryColor,AC0000FF)</onclick>
					<!--><onclick>Control.SetFocus(3012)</onclick><!-->
					<icon>demo\colors\blue3.png</icon>
				</item>
				<item id="58">
					<onclick>Skin.Setstring(SecondaryColor,FF0053FF)</onclick>
					<!--><onclick>Control.SetFocus(3012)</onclick><!-->
					<icon>demo\colors\blue4.png</icon>
				</item>
				<item id="59">
					<onclick>Skin.Setstring(SecondaryColor,FFFF7300)</onclick>
					<!--><onclick>Control.SetFocus(3012)</onclick><!-->
					<icon>demo\colors\orange2.png</icon>
				</item>
				<item id="60">
					<onclick>Skin.Setstring(SecondaryColor,CEFF1109)</onclick>
					<!--><onclick>Control.SetFocus(3012)</onclick><!-->
					<icon>demo\colors\redd.png</icon>
				</item>
				<item id="61">
					<onclick>Skin.Setstring(SecondaryColor,D7FF0000)</onclick>
					<!--><onclick>Control.SetFocus(3012)</onclick><!-->
					<icon>demo\colors\reddd.png</icon>
				</item>
				<item id="62">
					<onclick>Skin.Setstring(SecondaryColor,78000000)</onclick>
					<!--><onclick>Control.SetFocus(3012)</onclick><!-->
					<icon>demo\colors\newgray1.png</icon>
				</item>
				<item id="63">
					<onclick>Skin.Setstring(SecondaryColor,FFFF0000)</onclick>
					<!--><onclick>Control.SetFocus(3012)</onclick><!-->
					<icon>demo\colors\newred5.png</icon>
				</item>
				<item id="64">
					<onclick>Skin.Setstring(SecondaryColor,C6FF0000)</onclick>
					<!--><onclick>Control.SetFocus(3012)</onclick><!-->
					<icon>demo\colors\newred4.png</icon>
				</item>
				<item id="65">
					<onclick>Skin.Setstring(SecondaryColor,FFFF7B00)</onclick>
					<!--><onclick>Control.SetFocus(3012)</onclick><!-->
					<icon>demo\colors\neworange3.png</icon>
				</item>
				<item id="66">
					<onclick>Skin.Setstring(SecondaryColor,FFFFA900)</onclick>
					<!--><onclick>Control.SetFocus(3012)</onclick><!-->
					<icon>demo\colors\neworange2.png</icon>
				</item>
				<item id="67">
					<onclick>Skin.Setstring(SecondaryColor,FFFFFF00)</onclick>
					<!--><onclick>Control.SetFocus(3012)</onclick><!-->
					<icon>demo\colors\newyellow3.png</icon>
				</item>
				<item id="68">
					<onclick>Skin.Setstring(SecondaryColor,FFFFD700)</onclick>
					<!--><onclick>Control.SetFocus(3012)</onclick><!-->
					<icon>demo\colors\newyellow2.png</icon>
				</item>
				<item id="69">
					<onclick>Skin.Setstring(SecondaryColor,FFFF00FF)</onclick>
					<!--><onclick>Control.SetFocus(3012)</onclick><!-->
					<icon>demo\colors\newpink.png</icon>
				</item>
				<item id="70">
					<onclick>Skin.Setstring(SecondaryColor,FFFF64FF)</onclick>
					<!--><onclick>Control.SetFocus(3012)</onclick><!-->
					<icon>demo\colors\newpink3.png</icon>
				</item>
				<item id="71">
					<onclick>Skin.Setstring(SecondaryColor,FFFF0092)</onclick>
					<!--><onclick>Control.SetFocus(3012)</onclick><!-->
					<icon>demo\colors\newhotpink2.png</icon>
				</item>
				<item id="72">
					<onclick>Skin.Setstring(SecondaryColor,FFFF0039)</onclick>
					<!--><onclick>Control.SetFocus(3012)</onclick><!-->
					<icon>demo\colors\newred3.png</icon>
				</item>
				<item id="73">
					<onclick>Skin.Setstring(SecondaryColor,FFDA00FF)</onclick>
					<!--><onclick>Control.SetFocus(3012)</onclick><!-->
					<icon>demo\colors\newpurple3.png</icon>
				</item>
				<item id="74">
					<onclick>Skin.Setstring(SecondaryColor,FFA900FF)</onclick>
					<!--><onclick>Control.SetFocus(3012)</onclick><!-->
					<icon>demo\colors\newpurple2.png</icon>
				</item>
				<item id="75">
					<onclick>Skin.Setstring(SecondaryColor,FF00D1FF)</onclick>
					<!--><onclick>Control.SetFocus(3012)</onclick><!-->
					<icon>demo\colors\newaqua.png</icon>
				</item>
			</content>
		</control>

			<control type="button" id="3012">
				<onup>3110</onup>
				<include>HiddenControl</include>
				<onclick>ActivateWindow(1103)</onclick>
			</control>

		<control type="group">
			<left>50</left>
			<top>880</top>
			<control type="image">
				<width>300</width>
				<height>100</height>
				<texture colordiffuse="FF242424">color_white.png</texture>
			</control>
			<control type="image">
				<width>300</width>
				<height>100</height>
				<texture colordiffuse="$VAR[SecondaryColor]">color_white.png</texture>
				<visible>Control.HasFocus(3012)</visible>
			</control>
			<control type="label">
				<top>25</top>
				<left>30</left>
				<width>300</width>
				<height>50</height>
				<label>OK</label>
				<align>left</align>
				<aligny>center</aligny>
				<font>Button</font>
				<textcolor>$VAR[FocusedColor]</textcolor>
				<scroll>true</scroll>
			</control>
			<control type="image">
				<top>-25</top>
				<left>-5</left>
			<animation type="visible">
				<effect type="zoom" center="auto" start="121" end="122" time="200"/>
			</animation>
				<width>310</width>
				<height>150</height>
				<texture colordiffuse="$VAR[SecondaryColor]" border="40">fo.png</texture>
				<visible>Control.HasFocus(3010) | Control.HasFocus(3012)</visible>
			</control>
		</control>

	</controls>
</window>