<?xml version="1.0" encoding="UTF-8"?>
<window>
	<!-- addoninformation -->
	<defaultcontrol always="true">9000</defaultcontrol>
	<onunload>ClearProperty(AddonDetails,home)</onunload>
	<controls>
		<include>MenuFadeBackgroundImage</include>
			<!-- Image -->
			<control type="image">
				<bottom>0</bottom>
				<width>100%</width>
				<height>600</height>
				<fadetime>80</fadetime>
				<texture colordiffuse="$VAR[MaterialColorDark]">color_white.png</texture>
			</control>
			<control type="image">
				<bottom>0</bottom>
				<width>100%</width>
				<height>100</height>
				<fadetime>80</fadetime>
				<texture colordiffuse="$VAR[Fade]">color_white.png</texture>
			</control>
			<control type="image">
				<centerright>13%</centerright>
				<centerbottom>33%</centerbottom>
				<width>400</width>
				<height>400</height>
				<fadetime>80</fadetime>
				<aspectratio>keep</aspectratio>
				<texture>$INFO[ListItem.Icon]</texture>
			</control>

			<control type="group">
				<top>500</top>
				<left>50</left>
				<control type="label">
					<width>800</width>
					<height>50</height>
					<font>Reg35</font>
					<align>left</align>
					<aligny>center</aligny>
					<textcolor>$VAR[FocusedColor]</textcolor>
					<label>$INFO[ListItem.AddonName]</label>
				</control>
				<control type="label">
					<top>50</top>
					<width>1200</width>
					<height>20</height>
					<font>Reg20</font>
					<align>left</align>
					<aligny>center</aligny>
					<textcolor>$VAR[UnFocusedColor]</textcolor>
					<label fallback="10006">$INFO[ListItem.AddonType]$INFO[ListItem.AddonCreator, | ]$INFO[ListItem.AddonVersion, | Version ]</label>
				</control>
				<control type="textbox">
					<top>75</top>
					<width>1200</width>
					<height>300</height>
					<font>Reg25</font>
					<align>left</align>
					<textcolor>$VAR[UnFocusedColor]</textcolor>
					<wrapmultiline>true</wrapmultiline>
					<label fallback="10005">$INFO[ListItem.AddonDescription]</label>
				</control>
			</control>
				<control type="label">
					<left>50</left>
					<top>880</top>
					<width>1200</width>
					<height>80</height>
					<font>Reg20</font>
					<align>left</align>
					<aligny>center</aligny>
					<textcolor>$VAR[UnFocusedColor]</textcolor>
					<label>$INFO[ListItem.AddonDisclaimer]</label>
				</control>

		<!-- Button grouplist -->
		<control type="grouplist" id="9000">
			<bottom>0</bottom>
			<left>20</left>
			<onup>Close</onup>
			<ondown>Close</ondown>
			<width>100%</width>
			<height>85</height>
			<itemgap>10</itemgap>
			<orientation>horizontal</orientation>
			<!-- Launch Addon Button -->
			<control type="button" id="12">
				<include>InfoButton</include>
				<label>518</label>
				<visible>Control.IsEnabled(12)</visible>
			</control>
			<!-- Configure Addon Button -->
			<control type="button" id="9">
				<include>InfoButton</include>
				<label>24020</label>
				<visible>Control.IsEnabled(9)</visible>
			</control>
			<!-- Update Addon Button -->
			<control type="button" id="8">
				<include>InfoButton</include>
				<label>24069</label>
				<visible>Control.IsEnabled(8)</visible>
			</control>
			<!-- Install/UnInstall Addon button -->
			<control type="button" id="6">
				<include>InfoButton</include>
				<label>24022</label>
				<visible>Control.IsEnabled(6)</visible>
			</control>
			<!-- Enable/Disable Addon button -->
			<control type="button" id="7">
				<include>InfoButton</include>
				<label>24021</label>
				<visible>Control.IsEnabled(7)</visible>
			</control>
			<!-- Auto-update button Button -->
			<control type="radiobutton" id="13">
				<width>300</width>
				<include>InfoButton</include>
				<label>24021</label>
				<visible>Control.IsEnabled(13)</visible>
			</control>
		</control>

	</controls>
</window>