<?xml version="1.0" encoding="UTF-8"?>
<window id="9098">
	<defaultcontrol always="true">3110</defaultcontrol>
	<controls>

		<include>SimpleWindowBackground</include>

		<control type="panel" id="3110">
			<viewtype label="31438">icons</viewtype>
			<left>50</left>
			<top>150</top>
			<width>100%</width>
			<height>85%</height>
			<orientation>horizontal</orientation>
			<onleft>3110</onleft>
			<onright>3110</onright>
			<onup>3110</onup>
			<ondown>3012</ondown>
			<preloaditems>4</preloaditems>
			<pagecontrol>60</pagecontrol>
			<focusposition>-1</focusposition>
			<movement>6</movement>
			<itemlayout height="360" width="360">
				<control type="image">
					<width>350</width>
					<height>350</height>
					<texture>$INFO[ListItem.Icon]</texture>
				</control>
				<include content="BorderSelected2">
					<param name="width">350</param>
					<param name="height">350</param>
					<param name="type">SecondaryColor</param>
				</include>
			</itemlayout>
			<focusedlayout height="360" width="360">
				<control type="group">
					<control type="image">
						<width>350</width>
						<height>350</height>
						<texture>$INFO[ListItem.Icon]</texture>
					</control>
					<control type="image">
						<width>350</width>
						<height>350</height>
						<texture colordiffuse="$VAR[SecondaryColor]" border="11,43,43,11">views/border2.png</texture>
					</control>
					<include content="BorderSelected">
						<param name="width">350</param>
						<param name="height">350</param>
						<param name="type">SecondaryColor</param>
					</include>
				</control>
			</focusedlayout>
				<content>
					<include content="Colors">
						<param name="type">SecondaryColor</param>
					</include>
				</content>
		</control>

			<control type="button" id="3012">
				<onup>3110</onup>
				<include>HiddenControl</include>
				<onclick>ActivateWindow(1103)</onclick>
			</control>

		<control type="group">
			<left>50</left>
			<top>880</top>
			<control type="image">
				<width>300</width>
				<height>100</height>
				<texture colordiffuse="FF242424">color_white.png</texture>
			</control>
			<control type="image">
				<width>300</width>
				<height>100</height>
				<texture colordiffuse="$VAR[SecondaryColor]">color_white.png</texture>
				<visible>Control.HasFocus(3012)</visible>
			</control>
			<control type="label">
				<top>25</top>
				<left>30</left>
				<width>300</width>
				<height>50</height>
				<label>OK</label>
				<align>left</align>
				<aligny>center</aligny>
				<font>Button</font>
				<textcolor>$VAR[FocusedColor]</textcolor>
				<scroll>true</scroll>
			</control>
			<control type="image">
				<top>-25</top>
				<left>-5</left>
			<animation type="visible">
				<effect type="zoom" center="auto" start="121" end="122" time="200"/>
			</animation>
				<width>310</width>
				<height>150</height>
				<texture colordiffuse="$VAR[SecondaryColor]" border="40">fo.png</texture>
				<visible>Control.HasFocus(3010) | Control.HasFocus(3012)</visible>
			</control>
		</control>

	</controls>
</window>