<?xml version="1.0" encoding="UTF-8"?>
<window>
	<!-- textviewer -->
	<defaultcontrol always="true">61</defaultcontrol>
	<include>DialogZoomAnimation</include>

	<controls>

		<!-- Background -->
		<include>Fanart</include>

		<!--> Vignette <!-->
		<control type="image">
			<include>FullscreenDimensions</include>
			<aspectratio>stretch</aspectratio>
			<texture flipx="true" colordiffuse="$VAR[Black]">views\vignetteInfo_light.png</texture>
		</control>

		<!-- Heading -->
		<control type="label" id="1">
			<left>150</left>
			<top>96</top>
			<width>1620</width>
			<height>72</height>
			<font>Font72</font>
		</control>

		<!-- Info -->
		<control type="textbox" id="5">
			<left>150</left>
			<top>235</top>
			<width>1620</width>
			<height>850</height>
			<pagecontrol>61</pagecontrol>
		</control>

		<!-- Scrollbar -->
		<control type="scrollbar" id="61">
			<left>150</left>
			<top>235</top>
			<width>10</width>
			<height>716</height>
		</control>

	</controls>

</window>
