<?xml version="1.0" encoding="UTF-8"?>
<window type="window" id="1103">
	<!-- smartplaylisteditor -->
	<backgroundcolor>$VAR[BackgroundColor]</backgroundcolor>
	<defaultcontrol always="true">100</defaultcontrol>
	<onload>Skin.SetString(snapwindow, 1103)</onload>
	<onload>Skin.SetString(snapico, home/snap/settings.jpg,0)</onload>
	<onload>Skin.SetString(snapname, $LOCALIZE[31002])</onload>

	<onload condition="String.Contains(Skin.String(DashboardToggle),Retroarch)">Control.Move(3115,0)</onload>
	<onload condition="String.Contains(Skin.String(DashboardToggle),Horizontal)">Control.Move(3115,1)</onload>
	<onload condition="String.Contains(Skin.String(DashboardToggle),TV)">Control.Move(3115,2)</onload>
	<onload condition="String.Contains(Skin.String(DashboardToggle),Game)">Control.Move(3115,3)</onload>
	<onload condition="String.Contains(Skin.String(DashboardToggle),Android)">Control.Move(3115,4)</onload>
	<onload condition="String.Contains(Skin.String(DashboardToggle),Netflix)">Control.Move(3115,5)</onload>
	<onunload condition="String.Contains(Skin.String(DashboardToggle),Retroarch)">Control.Move(3115,0)</onunload>
	<onunload condition="String.Contains(Skin.String(DashboardToggle),Horizontal)">Control.Move(3115,-1)</onunload>
	<onunload condition="String.Contains(Skin.String(DashboardToggle),TV)">Control.Move(3115,-2)</onunload>
	<onunload condition="String.Contains(Skin.String(DashboardToggle),Game)">Control.Move(3115,-3)</onunload>
	<onunload condition="String.Contains(Skin.String(DashboardToggle),Android)">Control.Move(3115,-4)</onunload>
	<onunload condition="String.Contains(Skin.String(DashboardToggle),Netflix)">Control.Move(3115,-5)</onunload>

	<onload condition="String.Contains(Skin.String(musictoggle),1)">Control.Move(3116,0)</onload>
	<onload condition="String.Contains(Skin.String(musictoggle),2)">Control.Move(3116,1)</onload>
	<onload condition="String.Contains(Skin.String(musictoggle),COTW)">Control.Move(3116,2)</onload>
	<onload condition="String.Contains(Skin.String(musictoggle),FM)">Control.Move(3116,3)</onload>
	<onunload condition="String.Contains(Skin.String(musictoggle),1)">Control.Move(3116,0)</onunload>
	<onunload condition="String.Contains(Skin.String(musictoggle),2)">Control.Move(3116,-1)</onunload>
	<onunload condition="String.Contains(Skin.String(musictoggle),COTW)">Control.Move(3116,-2)</onunload>
	<onunload condition="String.Contains(Skin.String(musictoggle),FM)">Control.Move(3116,-3)</onunload>

	<onload condition="String.IsEqual(Skin.String(musicprogtoggle),no)">Control.Move(3117,0)</onload>
	<onload condition="String.Contains(Skin.String(musicprogtoggle),bottomno)">Control.Move(3117,1)</onload>
	<onload condition="String.Contains(Skin.String(musicprogtoggle),bottomyes)">Control.Move(3117,2)</onload>
	<onload condition="String.Contains(Skin.String(musicprogtoggle),liftedno)">Control.Move(3117,3)</onload>
	<onload condition="String.Contains(Skin.String(musicprogtoggle),liftedyes)">Control.Move(3117,4)</onload>	
	<onunload condition="String.IsEqual(Skin.String(musicprogtoggle),no)">Control.Move(3117,0)</onunload>
	<onunload condition="String.Contains(Skin.String(musicprogtoggle),bottomno)">Control.Move(3117,-1)</onunload>
	<onunload condition="String.Contains(Skin.String(musicprogtoggle),bottomyes)">Control.Move(3117,-2)</onunload>
	<onunload condition="String.Contains(Skin.String(musicprogtoggle),liftedno)">Control.Move(3117,-3)</onunload>
	<onunload condition="String.Contains(Skin.String(musicprogtoggle),liftedyes)">Control.Move(3117,-4)</onunload>

	<onload condition="String.IsEqual(Skin.String(MusicLyricsToggle),no)">Control.Move(3118,0)</onload>
	<onload condition="String.Contains(Skin.String(MusicLyricsToggle),left)">Control.Move(3118,1)</onload>
	<onload condition="String.Contains(Skin.String(MusicLyricsToggle),center)">Control.Move(3118,2)</onload>
	<onload condition="String.Contains(Skin.String(MusicLyricsToggle),right)">Control.Move(3118,3)</onload>
	<onunload condition="String.IsEqual(Skin.String(MusicLyricsToggle),no)">Control.Move(3118,0)</onunload>
	<onunload condition="String.Contains(Skin.String(MusicLyricsToggle),left)">Control.Move(3118,-1)</onunload>
	<onunload condition="String.Contains(Skin.String(MusicLyricsToggle),center)">Control.Move(3118,-2)</onunload>
	<onunload condition="String.Contains(Skin.String(MusicLyricsToggle),right)">Control.Move(3118,-3)</onunload>

	<onload condition="String.IsEqual(Skin.String(MusicBackgroundToggle),COTW)">Control.Move(210,0)</onload>
	<onload condition="String.Contains(Skin.String(MusicBackgroundToggle),FM)">Control.Move(210,1)</onload>
	<onload condition="String.Contains(Skin.String(MusicBackgroundToggle),Background)">Control.Move(210,2)</onload>
	<onunload condition="String.IsEqual(Skin.String(MusicBackgroundToggle),COTW)">Control.Move(210,0)</onunload>
	<onunload condition="String.Contains(Skin.String(MusicBackgroundToggle),FM)">Control.Move(210,-1)</onunload>
	<onunload condition="String.Contains(Skin.String(MusicBackgroundToggle),Background)">Control.Move(210,-2)</onunload>

	<controls>
		<control type="image">
			<width>500</width>
			<height>100%</height>
			<texture colordiffuse="$VAR[MaterialColorDark]">color_white.png</texture>
		</control>
		<!-- Main group -->
		<control type="group" id="1000">
			<left>00</left>
			<top>155</top>
			<width>100%</width>
			<height>775</height>
			<animation type="WindowOpen" reversible="false">
				<effect type="fade" start="0" end="100" time="200"/>
				<effect type="slide" start="0,500" end="0,0" time="400" tween="cubic" easing="out"/>
			</animation>
			<control type="label" id="-">
				<left>30</left>
				<top>-115</top>
				<height>70</height>
				<font>Large</font>
				<textcolor>$VAR[FocusedColor]</textcolor>
				<label>$LOCALIZE[31034]</label>
			</control>

			<control type="group">
				<width>100%</width>
				<height>100%</height>

				<!-- Left grouplist -->
				<control type="grouplist" id="100">
					<width>1000</width>
					<height>1000</height>
					<onright condition="Container(1).HasFocus(1)">3100</onright>
					<onright condition="Container(1).HasFocus(2)">3110</onright>
					<onright condition="Container(1).HasFocus(3)">3111</onright>
					<onright condition="Container(1).HasFocus(4)">3112</onright>
					<onright condition="Container(1).HasFocus(5)">3113</onright>
					<onright condition="Container(1).HasFocus(6)">3114</onright>
					<onright condition="Container(1).HasFocus(7)">3115</onright>
					<onright condition="Container(1).HasFocus(8)">13116</onright>
					<onright condition="Container(1).HasFocus(9)">3117</onright>
					<onleft>noop</onleft>
					<ondown>1</ondown>
					<onup>1</onup>
					<itemgap>0</itemgap>
					<control type="list" id="1">
						<width>1000</width>
						<height>900</height>
						<itemlayout width="510" height="60">
							<control type="group">
								<left>20</left>
								<top>20</top>
								<control type="label">
									<left>20</left>
									<width>500</width>
									<height>60</height>
									<label>$INFO[Listitem.label]</label>
									<align>left</align>
									<aligny>center</aligny>
									<font>Tile</font>
									<textcolor>$VAR[FocusedColor]</textcolor>
								</control>
							</control>
						</itemlayout>
						<focusedlayout width="510" height="60">
							<control type="group">
								<left>20</left>
								<top>20</top>
								<control type="image">
									<left>-5</left>
									<top>0</top>
									<width>5</width>
									<height>60</height>
									<texture colordiffuse="$VAR[SecondaryColor]">color_white.png</texture>
									<aspectratio>stretch</aspectratio>
								</control>
								<control type="label">
									<left>20</left>
									<width>500</width>
									<height>60</height>
									<label>$INFO[Listitem.label]</label>
									<align>left</align>
									<aligny>center</aligny>
									<font>Tile</font>
									<textcolor>$VAR[SecondaryColor]</textcolor>
								</control>
							</control>
						</focusedlayout>
						<content>
							<item id="1">
								<label>$LOCALIZE[31035] - $VAR[DashboardToggle]</label>
								<onclick>Control.SetFocus(3100)</onclick>
							</item>
							<item id="8">				
								<label>$LOCALIZE[31039]</label>
								<onclick>Control.SetFocus(13116)</onclick>
							</item>
							<item id="2">
								<label>$LOCALIZE[24997]</label>
								<onclick>Control.SetFocus(3110)</onclick>
							</item>
							<item id="3">
								<label>$LOCALIZE[31036]</label>
								<onclick>Control.SetFocus(3111)</onclick>
							</item>
							<item id="6">
								<label>$LOCALIZE[31092]</label>
								<onclick>Control.SetFocus(3114)</onclick>
								<visible>Skin.HasSetting(backgroundcolor) + !Skin.HasSetting(KioskMode)</visible>
							</item>
							<item id="4">
								<label>$LOCALIZE[31037]</label>
								<onclick>Control.SetFocus(3112)</onclick>
								<visible>Skin.HasSetting(hiddenoptions) + !Skin.HasSetting(KioskMode)</visible>
							</item>
							<item id="5">
								<label>$LOCALIZE[31038]</label>
								<onclick>Control.SetFocus(3113)</onclick>
								<visible>Skin.HasSetting(hiddenoptions) + !Skin.HasSetting(KioskMode)</visible>
							</item>
							<item id="7">
								<label>$LOCALIZE[31090]</label>
								<onclick>Control.SetFocus(3115)</onclick>
								<visible>false</visible>
							</item>
							<item id="99">
								<label>$LOCALIZE[31042]</label>
								<onclick>Skin.Reset(BackgroundColor)</onclick>
								<onclick>Skin.Reset(BackgroundColor2)</onclick>
								<onclick>Skin.Reset(backgroundimage)</onclick>
								<onclick>Skin.SetString(DashboardToggle, Retroarch)</onclick>
								<onclick>Skin.SetString(MusicToggle, 1)</onclick>
								<onclick>Skin.Reset(SecondaryColor)</onclick>
								<onclick>Skin.Reset(DiffuseColor)</onclick>
								<onclick>Skin.Reset(darkmode)</onclick>
								<onclick>Skin.Reset(hiddenoptions)</onclick>
								<onclick>Skin.Reset(TextColor)</onclick>
								<onclick>Skin.Reset(SelectedColor)</onclick>
								<visible>false</visible>
							</item>
						</content>
					</control>				
				</control>

				<!-- Background & Layout (1) -->
				<control type="group">
					<left>550</left>
					<height>150%</height>
					<control type="label" id="-">
						<top>-100</top>
						<height>70</height>
						<font>LargeLogo</font>
						<textcolor>$VAR[UnFocusedColor]</textcolor>
						<label>$LOCALIZE[31043]</label>
					</control>
					<visible>Container(1).HasFocus(1)</visible>
					<animation type="Visible" reversible="false">
						<effect type="fade" start="0" end="100" time="200"/>
						<effect type="slide" start="500" end="0,0" time="500" tween="cubic" easing="out"/>
					</animation>
					<animation type="Hidden">
						<effect type="fade" start="100" end="0" time="100"/>
						<effect type="slide" start="0,0" end="0,150" time="200" tween="cubic" easing="out"/>
					</animation>
					<control type="group">
						<control type="button" id="3100">
							<left>00</left>
							<width>1320</width>
							<height>743</height>
							<onleft>1</onleft>
							<onright>3100</onright>
							<onup>3100</onup>
							<ondown>3115</ondown>
							<onclick>Skin.SetImage(backgroundimage,special://skin/extras/wallpapers/)</onclick>
						</control>
						<control type="image">
							<width>1320</width>
							<height>743</height>
							<texture colordiffuse="$VAR[SecondaryColor]">color_white.png</texture>
						</control>
						<control type="image">
							<width>1320</width>
							<height>743</height>
							<texture>$INFO[Skin.String(backgroundimage)]</texture>
							<visible>!Skin.HasSetting(backgroundcolor)</visible>
							<aspectratio>scale</aspectratio>
						</control>
						<control type="image">
							<width>1320</width>
							<height>743</height>
							<texture colordiffuse="$VAR[BackgroundColor2]">$INFO[Skin.String(backgroundimage)]</texture>
							<visible>Skin.HasSetting(backgroundcolor)</visible>
							<aspectratio>scale</aspectratio>
						</control>
						<control type="image">
							<width>1320</width>
							<height>743</height>
							<texture background="true" colordiffuse="$VAR[SecondaryColor]">special://skin/extras/layouts/DEMO.png</texture>
							<visible>Skin.HasSetting(KioskMode)</visible>
						</control>
						<control type="group">
							<visible>!Skin.HasSetting(KioskMode)</visible>
							<control type="image">
								<width>1320</width>
								<height>743</height>
								<texture background="true" colordiffuse="$VAR[SecondaryColor]">special://skin/extras/layouts/TV.png</texture>
								<visible>Skin.String(DashboardToggle, TV)</visible>
							</control>
							<control type="image">
								<width>1320</width>
								<height>743</height>
								<texture background="true" colordiffuse="$VAR[SecondaryColor]">special://skin/extras/layouts/Game.png</texture>
								<visible>Skin.String(DashboardToggle, Game)</visible>
							</control>
							<control type="image">
								<width>1320</width>
								<height>743</height>
								<texture background="true" colordiffuse="$VAR[SecondaryColor]">special://skin/extras/layouts/Android.png</texture>
								<visible>Skin.String(DashboardToggle, Android)</visible>
							</control>
							<control type="image">
								<width>1320</width>
								<height>743</height>
								<texture colordiffuse="$VAR[MaterialColorDark]" background="true">views/darkvignette.png</texture>
								<visible>Skin.String(DashboardToggle, Netflix)</visible>
							</control>
							<control type="image">
								<width>1320</width>
								<height>743</height>
								<texture background="true" colordiffuse="$VAR[SecondaryColor]">special://skin/extras/layouts/Netflix.png</texture>
								<visible>Skin.String(DashboardToggle, Netflix)</visible>
							</control>
							<control type="image">
								<width>1320</width>
								<height>743</height>
								<texture background="true" colordiffuse="$VAR[SecondaryColor]">special://skin/extras/layouts/Horizontal.png</texture>
								<visible>Skin.String(DashboardToggle, Horizontal)</visible>
							</control>
							<control type="image">
								<width>1320</width>
								<height>743</height>
								<texture background="true" colordiffuse="$VAR[SecondaryColor]">special://skin/extras/layouts/PS3.png</texture>
								<visible>Skin.String(DashboardToggle, Retroarch)</visible>
							</control>
							<control type="image">
								<width>1320</width>
								<height>743</height>
								<texture background="true" colordiffuse="$VAR[SecondaryColor]">special://skin/extras/layouts/Oreo.png</texture>
								<visible>Skin.String(DashboardToggle, Oreo)</visible>
							</control>
						</control>
						<control type="image">
							<width>1320</width>
							<height>743</height>
							<texture colordiffuse="$VAR[white]" border="11,43,43,11">views/border2.png</texture>
							<visible>Control.HasFocus(3100)</visible>
						</control>
					</control>
					<control type="group">
						<visible>!Skin.HasSetting(KioskMode)</visible>
						<left>00</left>
						<top>780</top>
						<control type="image">
							<width>1320</width>
							<height>100</height>
							<texture colordiffuse="$VAR[MaterialColorDark]" border="9">views/Card_bg_white.png</texture>
							<aspectratio>stretch</aspectratio>
							<visible>!Control.HasFocus(3115)</visible>
						</control>
						<control type="image">
							<width>1320</width>
							<height>100</height>
							<texture colordiffuse="$VAR[SecondaryColor]" border="9">views/Card_bg_white.png</texture>
							<aspectratio>stretch</aspectratio>
							<visible>Control.HasFocus(3115)</visible>
						</control>
						<control type="image">
							<left>-30</left>
							<top>-30</top>
							<width>1380</width>
							<height>160</height>
							<texture colordiffuse="$VAR[SecondaryColor]" border="40">fo.png</texture>
							<visible>Control.HasFocus(3115)</visible>
						</control>
						<control type="list" id="3115">
							<top>-20</top>
							<width>1320</width>
							<height>170</height>
							<orientation>horizontal</orientation>
							<onleft>3115</onleft>
							<onright>3115</onright>
							<onup>3100</onup>
							<ondown>3115</ondown>
							<preloaditems>4</preloaditems>
							<pagecontrol>60</pagecontrol>
							<focusposition>-1</focusposition>
							<movement>6</movement>
							<scrolltime>500</scrolltime>
							<itemlayout height="150">
								<control type="group">
									<control type="label">
										<left>20</left>
										<height>140</height>
										<label>...</label>
										<align>left</align>
										<font>Tile</font>
										<textcolor>$VAR[White]</textcolor>
									</control>
									<control type="label">
										<height>140</height>
										<label>$INFO[Listitem.label]</label>
										<align>center</align>
										<font>Tile</font>
										<textcolor>$VAR[White]</textcolor>
									</control>
									<control type="label">
										<right>20</right>
										<height>140</height>
										<label>...</label>
										<align>right</align>
										<font>Tile</font>
										<textcolor>$VAR[White]</textcolor>
									</control>
								</control>
							</itemlayout>
							<focusedlayout height="150">
								<control type="button">
									<include>HiddenControl</include>
									<onfocus>Skin.SetString(DashboardToggle,$INFO[Container(3115).ListItem.Label2])</onfocus>
								</control>
								<control type="group">
									<control type="label">
										<left>20</left>
										<height>140</height>
										<label>...</label>
										<align>left</align>
										<font>Tile</font>
										<textcolor>$VAR[TextColor]</textcolor>
									</control>
									<control type="label">
										<height>140</height>
										<label>$INFO[Listitem.label]</label>
										<align>center</align>
										<font>Tile</font>
										<textcolor>$VAR[White]</textcolor>
										<visible>!Control.HasFocus(3115)</visible>
									</control>
									<control type="label">
										<height>140</height>
										<label>$INFO[Listitem.label]</label>
										<align>center</align>
										<font>Tile</font>
										<textcolor>$VAR[TextColor]</textcolor>
										<visible>Control.HasFocus(3115)</visible>
									</control>
									<control type="label">
										<right>20</right>
										<height>140</height>
										<label>...</label>
										<align>right</align>
										<font>Tile</font>
										<textcolor>$VAR[TextColor]</textcolor>
									</control>
								</control>
							</focusedlayout>
							<content>
								<item id="7">
									<label>$LOCALIZE[31044]</label>
									<label2>Retroarch</label2>
									<onclick>Skin.Setstring(DashboardToggle, Retroarch)</onclick>
									<onclick>SetFocus(1)</onclick>
								</item>
								<item id="1">
									<label>$LOCALIZE[31014]</label>
									<label2>Horizontal</label2>
									<onclick>Skin.Setstring(DashboardToggle, Horizontal)</onclick>
									<onclick>SetFocus(1)</onclick>
								</item>
								<item id="3">
									<label>$LOCALIZE[31010]</label>
									<label2>TV</label2>
									<onclick>Skin.Setstring(DashboardToggle, TV)</onclick>
								</item>
								<item id="2">
									<label>$LOCALIZE[31011]</label>
									<label2>Game</label2>
									<onclick>Skin.Setstring(DashboardToggle, Game)</onclick>
									<onclick>SetFocus(1)</onclick>
								</item>
								<item id="4">
									<label>$LOCALIZE[31012]</label>
									<label2>Android</label2>
									<onclick>Skin.Setstring(DashboardToggle, Android)</onclick>
									<onclick>SetFocus(1)</onclick>
								</item>
								<item id="5">
									<label>$LOCALIZE[31013]</label>
									<label2>Netflix</label2>
									<onclick>Skin.Setstring(DashboardToggle, Netflix)</onclick>
									<onclick>SetFocus(1)</onclick>
								</item>
								<!--<item id="10">
									<label>$LOCALIZE[31045]</label>
									<onclick>Skin.Setstring(DashboardToggle, Demo)</onclick>
									<onclick>Control.SetFocus(100)</onclick>
									<visible>Skin.HasSetting(hiddenoptions)</visible>
								</item> -->
							</content>
						</control>
					</control>
				</control>

				<!-- Music Layout (8) -->
				<control type="group">
					<left>550</left>
					<height>100%</height>
					<visible>Container(1).HasFocus(8)</visible>
					<animation type="Visible" reversible="false">
						<effect type="fade" start="0" end="100" time="200"/>
						<effect type="slide" start="500" end="0,0" time="500" tween="cubic" easing="out"/>
					</animation>
					<animation type="Hidden">
						<effect type="fade" start="100" end="0" time="100"/>
						<effect type="slide" start="0,0" end="0,150" time="200" tween="cubic" easing="out"/>
					</animation>
					<control type="label" id="-">
						<top>-100</top>
						<height>70</height>
						<font>LargeLogo</font>
						<textcolor>$VAR[UnFocusedColor]</textcolor>
						<label>$LOCALIZE[31046]</label>
					</control>
					<control type="group">
						<control type="image">
							<width>1320</width>
							<height>743</height>
							<texture colordiffuse="$VAR[SecondaryColor]">color_white.png</texture>
						</control>
						<control type="image">
							<width>1320</width>
							<height>743</height>
							<texture>$INFO[Skin.String(backgroundimage)]</texture>
							<visible>!Skin.HasSetting(backgroundcolor)</visible>
							<aspectratio>scale</aspectratio>
						</control>
						<control type="image">
							<width>1320</width>
							<height>743</height>
							<texture colordiffuse="$VAR[BackgroundColor2]">$INFO[Skin.String(backgroundimage)]</texture>
							<visible>Skin.HasSetting(backgroundcolor)</visible>
							<aspectratio>scale</aspectratio>
						</control>
						<control type="image">
							<width>1320</width>
							<height>743</height>
							<texture background="true">special://skin/extras/layouts/music/cotw.png</texture>
							<visible>Skin.String(MusicToggle, COTW)</visible>
						</control>
						<control type="image">
							<width>1320</width>
							<height>743</height>
							<texture background="true">special://skin/extras/layouts/music/fm.png</texture>
							<visible>Skin.String(MusicToggle, FM)</visible>
						</control>
						<control type="image">
							<width>1320</width>
							<height>743</height>
							<texture background="true">special://skin/extras/layouts/music/art.png</texture>
							<visible>Skin.String(MusicToggle, 1)</visible>
						</control>
						<control type="image">
							<width>1320</width>
							<height>743</height>
							<texture background="true">special://skin/extras/layouts/music/playlist.png</texture>
							<visible>Skin.String(MusicToggle, 2)</visible>
						</control>
						<control type="image">
							<width>1320</width>
							<height>743</height>
							<texture background="true">special://skin/extras/layouts/music/progress2.png</texture>
							<visible>Skin.String(MusicProgToggle, bottomno)|Skin.String(MusicProgToggle, bottomyes)</visible>
						</control>
						<control type="image">
							<width>1320</width>
							<height>743</height>
							<texture background="true">special://skin/extras/layouts/music/duration1.png</texture>
							<visible>Skin.String(MusicProgToggle, bottomyes)</visible>
						</control>
						<control type="image">
							<width>1320</width>
							<height>743</height>
							<texture background="true">special://skin/extras/layouts/music/progress1.png</texture>
							<visible>Skin.String(MusicProgToggle, liftedno)|Skin.String(MusicProgToggle, liftedyes)</visible>
						</control>
						<control type="image">
							<width>1320</width>
							<height>743</height>
							<texture background="true">special://skin/extras/layouts/music/duration2.png</texture>
							<visible>Skin.String(MusicProgToggle, liftedyes)</visible>
						</control>
						<control type="image">
							<width>1320</width>
							<height>743</height>
							<texture background="true">special://skin/extras/layouts/music/leftlyrics.png</texture>
							<visible>Skin.String(MusicLyricsToggle, left)</visible>
						</control>
						<control type="image">
							<width>1320</width>
							<height>743</height>
							<texture background="true">special://skin/extras/layouts/music/rightlyrics.png</texture>
							<visible>Skin.String(MusicLyricsToggle, right)</visible>
						</control>
						<control type="image">
							<width>1320</width>
							<height>743</height>
							<texture background="true">special://skin/extras/layouts/music/centerlyrics.png</texture>
							<visible>Skin.String(MusicLyricsToggle, center)</visible>
						</control>
					</control>
					<control type="grouplist" id="13116">
						<top>750</top>
						<height>170</height>
						<itemgap>0</itemgap>
						<!-- Artist & Title -->
						<control type="group">
							<visible>!Skin.HasSetting(KioskMode)</visible>
							<height>60</height>
							<control type="image">
								<width>1320</width>
								<height>60</height>
								<texture colordiffuse="$VAR[MaterialColorDark]" border="9">views/Card_bg_white.png</texture>
								<aspectratio>stretch</aspectratio>
								<visible>!Control.HasFocus(3116)</visible>
							</control>
							<control type="image">
								<width>1320</width>
								<height>60</height>
								<texture colordiffuse="$VAR[SecondaryColor]" border="9">views/Card_bg_white.png</texture>
								<aspectratio>stretch</aspectratio>
								<visible>Control.HasFocus(3116)</visible>
							</control>
							<control type="list" id="3116">
								<viewtype>icons</viewtype>
								<width>1320</width>
								<height>170</height>
								<top>-40</top>
								<orientation>horizontal</orientation>
								<onleft>3116</onleft>
								<onright>3116</onright>
								<onup>1</onup>
								<ondown>3117</ondown>
								<itemlayout height="150">
									<control type="group">
										<control type="label">
											<left>20</left>
											<height>140</height>
											<label>...</label>
											<align>left</align>
											<font>Tile</font>
											<textcolor>$VAR[White]</textcolor>
										</control>
										<control type="label">
											<height>140</height>
											<label>$INFO[Listitem.label]</label>
											<align>center</align>
											<font>Tile</font>
											<textcolor>$VAR[White]</textcolor>
										</control>
										<control type="label">
											<right>20</right>
											<height>140</height>
											<label>...</label>
											<align>right</align>
											<font>Tile</font>
											<textcolor>$VAR[White]</textcolor>
										</control>
									</control>
								</itemlayout>
								<focusedlayout height="150">
									<control type="button">
										<include>HiddenControl</include>
										<onfocus>Skin.SetString(MusicToggle,$INFO[Container(3116).ListItem.Label2])</onfocus>
									</control>
									<control type="group">
										<control type="label">
											<left>20</left>
											<height>140</height>
											<label>...</label>
											<align>left</align>
											<font>Tile</font>
											<textcolor>$VAR[TextColor]</textcolor>
										</control>
										<control type="label">
											<height>140</height>
											<label>$INFO[Listitem.label]</label>
											<align>center</align>
											<font>Tile</font>
											<textcolor>$VAR[White]</textcolor>
											<visible>!Control.HasFocus(3116)</visible>
										</control>
										<control type="label">
											<height>140</height>
											<label>$INFO[Listitem.label]</label>
											<align>center</align>
											<font>Tile</font>
											<textcolor>$VAR[TextColor]</textcolor>
											<visible>Control.HasFocus(3116)</visible>
										</control>
										<control type="label">
											<right>20</right>
											<height>140</height>
											<label>...</label>
											<align>right</align>
											<font>Tile</font>
											<textcolor>$VAR[TextColor]</textcolor>
										</control>
									</control>
								</focusedlayout>
								<content>
									<item id="1">
										<label>$LOCALIZE[31049]</label>
										<label2>$NUMBER[1]</label2>
										<onclick>Skin.Setstring(MusicToggle, 1)</onclick>
										<onclick>SetFocus(1)</onclick>
									</item>
									<item id="2">
										<label>$LOCALIZE[31050]</label>
										<label2>$NUMBER[2]</label2>
										<onclick>Skin.Setstring(MusicToggle, 2)</onclick>
										<onclick>SetFocus(1)</onclick>
									</item>
									<item id="3">
										<label>$LOCALIZE[31040]</label>
										<label2>COTW</label2>
										<onclick>Skin.Setstring(MusicToggle, COTW)</onclick>
										<onclick>SetFocus(1)</onclick>
									</item>
									<item id="4">
										<label>$LOCALIZE[31048]</label>
										<label2>FM</label2>
										<onclick>Skin.Setstring(MusicToggle, FM)</onclick>
										<onclick>SetFocus(1)</onclick>
									</item>
								</content>
							</control>
						</control>
						<!-- Progress Bar -->
						<control type="group">
							<visible>!Skin.HasSetting(KioskMode)</visible>
							<height>60</height>
							<control type="image">
								<width>1320</width>
								<height>60</height>
								<texture colordiffuse="$VAR[MaterialColorDark]" border="9">views/Card_bg_white.png</texture>
								<aspectratio>stretch</aspectratio>
								<visible>!Control.HasFocus(3117)</visible>
							</control>
							<control type="image">
								<width>1320</width>
								<height>60</height>
								<texture colordiffuse="$VAR[SecondaryColor]" border="9">views/Card_bg_white.png</texture>
								<aspectratio>stretch</aspectratio>
								<visible>Control.HasFocus(3117)</visible>
							</control>
							<control type="list" id="3117">
								<viewtype>icons</viewtype>
								<width>1320</width>
								<height>170</height>
								<top>-40</top>
								<orientation>horizontal</orientation>
								<onleft>3117</onleft>
								<onright>3117</onright>
								<onup>3116</onup>
								<ondown>3118</ondown>
								<itemlayout height="150">
									<control type="group">
										<control type="label">
											<left>20</left>
											<height>140</height>
											<label>...</label>
											<align>left</align>
											<font>Tile</font>
											<textcolor>$VAR[White]</textcolor>
										</control>
										<control type="label">
											<height>140</height>
											<label>$INFO[Listitem.label]</label>
											<align>center</align>
											<font>Tile</font>
											<textcolor>$VAR[White]</textcolor>
										</control>
										<control type="label">
											<right>20</right>
											<height>140</height>
											<label>...</label>
											<align>right</align>
											<font>Tile</font>
											<textcolor>$VAR[White]</textcolor>
										</control>
									</control>
								</itemlayout>
								<focusedlayout height="150">
									<control type="button">
										<include>HiddenControl</include>
										<onfocus>Skin.SetString(MusicProgToggle,$INFO[Container(3117).ListItem.Label2])</onfocus>
									</control>
									<control type="group">
										<control type="label">
											<left>20</left>
											<height>140</height>
											<label>...</label>
											<align>left</align>
											<font>Tile</font>
											<textcolor>$VAR[TextColor]</textcolor>
										</control>
										<control type="label">
											<height>140</height>
											<label>$INFO[Listitem.label]</label>
											<align>center</align>
											<font>Tile</font>
											<textcolor>$VAR[White]</textcolor>
											<visible>!Control.HasFocus(3117)</visible>
										</control>
										<control type="label">
											<height>140</height>
											<label>$INFO[Listitem.label]</label>
											<align>center</align>
											<font>Tile</font>
											<textcolor>$VAR[TextColor]</textcolor>
											<visible>Control.HasFocus(3117)</visible>
										</control>
										<control type="label">
											<right>20</right>
											<height>140</height>
											<label>...</label>
											<align>right</align>
											<font>Tile</font>
											<textcolor>$VAR[TextColor]</textcolor>
										</control>
									</control>
								</focusedlayout>
								<content>
									<item id="1">
										<label>$LOCALIZE[31112]</label>
										<label2>no</label2>
										<onclick>Skin.Setstring(MusicProgToggle,no)</onclick>
										<onclick>SetFocus(1)</onclick>
									</item>
									<item id="2">
										<label>$LOCALIZE[31113]</label>
										<label2>bottomno</label2>
										<onclick>Skin.Setstring(MusicProgToggle,bottomno)</onclick>
										<onclick>SetFocus(1)</onclick>
									</item>
									<item id="3">
										<label>$LOCALIZE[31114]</label>
										<label2>bottomyes</label2>
										<onclick>Skin.Setstring(MusicProgToggle,bottomyes)</onclick>
										<onclick>SetFocus(1)</onclick>
									</item>
									<item id="4">
										<label>$LOCALIZE[31115]</label>
										<label2>liftedno</label2>
										<onclick>Skin.Setstring(MusicProgToggle,liftedno)</onclick>
										<onclick>SetFocus(1)</onclick>
									</item>
									<item id="5">
										<label>$LOCALIZE[31116]</label>
										<label2>liftedyes</label2>
										<onclick>Skin.Setstring(MusicProgToggle,liftedyes)</onclick>
										<onclick>SetFocus(1)</onclick>
									</item>
								</content>
							</control>
						</control>
						<!-- Lyrics -->
						<control type="group">
							<height>60</height>
							<control type="image">
								<width>1320</width>
								<height>60</height>
								<texture colordiffuse="$VAR[MaterialColorDark]" border="9">views/Card_bg_white.png</texture>
								<aspectratio>stretch</aspectratio>
								<visible>!Control.HasFocus(3118)</visible>
							</control>
							<control type="image">
								<width>1320</width>
								<height>60</height>
								<texture colordiffuse="$VAR[SecondaryColor]" border="9">views/Card_bg_white.png</texture>
								<aspectratio>stretch</aspectratio>
								<visible>Control.HasFocus(3118)</visible>
							</control>
							<control type="list" id="3118">
								<viewtype>icons</viewtype>
								<width>1320</width>
								<height>170</height>
								<top>-40</top>
								<orientation>horizontal</orientation>
								<onleft>3118</onleft>
								<onright>3118</onright>
								<onup>3117</onup>
								<ondown>1</ondown>
								<preloaditems>4</preloaditems>
								<pagecontrol>60</pagecontrol>
								<focusposition>-1</focusposition>
								<movement>6</movement>
								<itemlayout height="150">
									<control type="group">
										<control type="label">
											<left>20</left>
											<height>140</height>
											<label>...</label>
											<align>left</align>
											<font>Tile</font>
											<textcolor>$VAR[White]</textcolor>
										</control>
										<control type="label">
											<height>140</height>
											<label>$INFO[Listitem.label]</label>
											<align>center</align>
											<font>Tile</font>
											<textcolor>$VAR[White]</textcolor>
										</control>
										<control type="label">
											<right>20</right>
											<height>140</height>
											<label>...</label>
											<align>right</align>
											<font>Tile</font>
											<textcolor>$VAR[White]</textcolor>
										</control>
									</control>
								</itemlayout>
								<focusedlayout height="150">
									<control type="button">
										<include>HiddenControl</include>
										<onfocus>Skin.SetString(MusicLyricsToggle,$INFO[Container(3118).ListItem.Label2])</onfocus>
									</control>
									<control type="group">
										<control type="label">
											<left>20</left>
											<height>140</height>
											<label>...</label>
											<align>left</align>
											<font>Tile</font>
											<textcolor>$VAR[TextColor]</textcolor>
										</control>
										<control type="label">
											<height>140</height>
											<label>$INFO[Listitem.label]</label>
											<align>center</align>
											<font>Tile</font>
											<textcolor>$VAR[White]</textcolor>
											<visible>!Control.HasFocus(3118)</visible>
										</control>
										<control type="label">
											<height>140</height>
											<label>$INFO[Listitem.label]</label>
											<align>center</align>
											<font>Tile</font>
											<textcolor>$VAR[TextColor]</textcolor>
											<visible>Control.HasFocus(3118)</visible>
										</control>
										<control type="label">
											<right>20</right>
											<height>140</height>
											<label>...</label>
											<align>right</align>
											<font>Tile</font>
											<textcolor>$VAR[TextColor]</textcolor>
										</control>
									</control>
								</focusedlayout>
								<content>
									<item id="1">
										<label>$LOCALIZE[31119]</label>
										<label2>No</label2>
										<onclick>Skin.Setstring(MusicLyricsToggle, no)</onclick>
										<onclick>Control.SetFocus(1)</onclick>
									</item>
									<item id="2">
										<label>$LOCALIZE[31120]</label>
										<label2>Left</label2>
										<onclick>Skin.Setstring(MusicLyricsToggle, left)</onclick>
										<onclick>Control.SetFocus(1)</onclick>
									</item>
									<item id="3">
										<label>$LOCALIZE[31121]</label>
										<label2>Center</label2>
										<onclick>Skin.Setstring(MusicLyricsToggle, center)</onclick>
										<onclick>Control.SetFocus(1)</onclick>
									</item>
									<item id="4">
										<label>$LOCALIZE[31122]</label>
										<label2>Right</label2>
										<onclick>Skin.Setstring(MusicLyricsToggle, right)</onclick>
										<onclick>Control.SetFocus(1)</onclick>
									</item>
								</content>
							</control>
						</control>
					</control>
				</control>

				<!-- Options (2) -->
				<control type="group">
					<left>550</left>
					<height>150%</height>
					<control type="label" id="-">
						<top>-100</top>
						<height>70</height>
						<font>LargeLogo</font>
						<textcolor>$VAR[UnFocusedColor]</textcolor>
						<label>$LOCALIZE[31089]</label>
					</control>
					<visible>Container(1).HasFocus(2)</visible>
					<animation type="Visible" reversible="false">
						<effect type="fade" start="0" end="100" time="200"/>
						<effect type="slide" start="500" end="0,0" time="500" tween="cubic" easing="out"/>
					</animation>
					<animation type="Hidden">
						<effect type="fade" start="100" end="0" time="100"/>
						<effect type="slide" start="0,0" end="0,150" time="200" tween="cubic" easing="out"/>
					</animation>

					<control type="grouplist" id="3110">
						<width>1240</width>
						<height>80%</height>
						<itemgap>0</itemgap>
						<onleft>1</onleft>
						<onright>noop</onright>
						<onup>noop</onup>
						<ondown>210</ondown>
						<orientation>vertical</orientation>
						<usecontrolcoords>true</usecontrolcoords>
						<scrolltime tween="sine" easing="out">240</scrolltime>
						<!-- System -->
						<control type="grouplist" id="13110">
							<height min="310" max="480">auto</height>
							<width>1240</width>
							<itemgap>0</itemgap>
							<onleft>1</onleft>
							<onright>noop</onright>
							<onup>noop</onup>
							<ondown>23110</ondown>
							<orientation>vertical</orientation>
							<usecontrolcoords>true</usecontrolcoords>
							<scrolltime tween="sine" easing="out">240</scrolltime>
							<!-- Toggle Darkmode -->
							<control type="radiobutton" id="114">
								<width>1200</width>
								<height>60</height>
								<textwidth>1120</textwidth>
								<label>$LOCALIZE[31041]</label>
								<focusedcolor>$VAR[TextColor]</focusedcolor>
								<include>DialogButton</include>
								<onclick>Skin.ToggleSetting(darkmode)</onclick>
								<selected>Skin.HasSetting(darkmode)</selected>
							</control>
							<!-- Enable Background Color -->
							<control type="radiobutton" id="110">
								<width>1200</width>
								<height>60</height>
								<textwidth>1120</textwidth>
								<label>$LOCALIZE[31095]</label>
								<focusedcolor>$VAR[TextColor]</focusedcolor>
								<include>DialogButton</include>
								<onclick>Skin.ToggleSetting(backgroundcolor)</onclick>
								<selected>Skin.HasSetting(backgroundcolor)</selected>
							</control>
							<!-- Enable Video Background -->
							<control type="radiobutton" id="111">
								<width>1200</width>
								<height>60</height>
								<textwidth>1120</textwidth>
								<label>$LOCALIZE[31096]</label>
								<focusedcolor>$VAR[TextColor]</focusedcolor>
								<include>DialogButton</include>
								<onclick>Skin.ToggleSetting(showvideobackground)</onclick>
								<selected>Skin.HasSetting(showvideobackground)</selected>
							</control>
							<!-- Enable Artist Background -->
							<control type="radiobutton" id="112">
								<width>1200</width>
								<height>60</height>
								<textwidth>1120</textwidth>
								<label>$LOCALIZE[31063]</label>
								<focusedcolor>$VAR[TextColor]</focusedcolor>
								<include>DialogButton</include>
								<onclick>Skin.ToggleSetting(artistslideshow)</onclick>
								<selected>Skin.HasSetting(artistslideshow)</selected>
							</control>
							<!-- Enable Info on Pause -->
							<control type="radiobutton" id="115">
								<width>1200</width>
								<height>60</height>
								<textwidth>1120</textwidth>
								<label>$LOCALIZE[31117]</label>
								<focusedcolor>$VAR[TextColor]</focusedcolor>
								<include>DialogButton</include>
								<onclick>Skin.ToggleSetting(Delayedinfo)</onclick>
								<selected>Skin.HasSetting(Delayedinfo)</selected>
							</control>
							<!-- Minimal Bar -->
							<control type="radiobutton" id="120">
								<width>1200</width>
								<height>60</height>
								<textwidth>1120</textwidth>
								<label>$LOCALIZE[31106]</label>
								<focusedcolor>$VAR[TextColor]</focusedcolor>
								<include>DialogButton</include>
								<onclick>Skin.ToggleSetting(showminimalbar)</onclick>
								<selected>Skin.HasSetting(showminimalbar)</selected>
								<visible>Skin.HasSetting(hiddenoptions)</visible>
							</control>
							<!-- Toggle Game UI -->
							<control type="radiobutton" id="121">
								<width>1200</width>
								<height>60</height>
								<textwidth>1120</textwidth>
								<label>$LOCALIZE[31108]</label>
								<focusedcolor>$VAR[TextColor]</focusedcolor>
								<include>DialogButton</include>
								<onclick>Skin.ToggleSetting(gamemode)</onclick>
								<selected>Skin.HasSetting(gamemode)</selected>
								<visible>Skin.HasSetting(hiddenoptions)</visible>
							</control>
							<!-- Toggle Shutdownmenu -->
							<control type="radiobutton" id="122">
								<width>1200</width>
								<height>60</height>
								<ondown>210</ondown>
								<textwidth>1120</textwidth>
								<label>$LOCALIZE[31109]</label>
								<focusedcolor>$VAR[TextColor]</focusedcolor>
								<include>DialogButton</include>
								<onclick>Skin.ToggleSetting(oldshutdownmenu)</onclick>
								<selected>Skin.HasSetting(oldshutdownmenu)</selected>
								<visible>Skin.HasSetting(hiddenoptions)</visible>
							</control>
						</control>
						<!-- Music -->
						<control type="label">
							<height>60</height>
							<font>Large</font>
							<textcolor>$VAR[UnFocusedColor]</textcolor>
							<label>$LOCALIZE[31039]</label>
						</control>
						<control type="group">
							<height>180</height>
							<control type="grouplist" id="23110">
								<itemgap>0</itemgap>
								<onleft>1</onleft>
								<width>1240</width>
								<onright>noop</onright>
								<onup>122</onup>
								<ondown>319</ondown>
								<orientation>vertical</orientation>
								<usecontrolcoords>true</usecontrolcoords>
								<scrolltime tween="sine" easing="out">240</scrolltime>
								<!-- Select Background -->
								<control type="group" id="222">
									<height>60</height>
									<control type="image">
										<width>1200</width>
										<height>60</height>
										<texture colordiffuse="$VAR[MaterialColorDark]" border="9">views/Card_bg_white.png</texture>
										<aspectratio>stretch</aspectratio>
										<visible>!Control.HasFocus(210)</visible>
									</control>
									<control type="image">
										<width>1200</width>
										<height>60</height>
										<texture colordiffuse="$VAR[SecondaryColor]" border="9">views/Card_bg_white.png</texture>
										<aspectratio>stretch</aspectratio>
										<visible>Control.HasFocus(210)</visible>
									</control>
									<control type="list" id="210">
									<viewtype>icons</viewtype>
									<width>1200</width>
									<height>170</height>
									<top>-40</top>
									<orientation>horizontal</orientation>
									<onleft>210</onleft>
									<onright>210</onright>
									<onup>122</onup>
									<ondown>211</ondown>
									<preloaditems>4</preloaditems>
									<pagecontrol>60</pagecontrol>
									<focusposition>-1</focusposition>
									<movement>6</movement>
									<itemlayout height="150">
										<control type="group">
											<control type="label">
												<left>20</left>
												<height>140</height>
												<label>...</label>
												<align>left</align>
												<font>Tile</font>
												<textcolor>$VAR[White]</textcolor>
											</control>
											<control type="label">
												<height>140</height>
												<label>$INFO[Listitem.label]</label>
												<align>center</align>
												<font>Tile</font>
												<textcolor>$VAR[White]</textcolor>
											</control>
											<control type="label">
												<right>20</right>
												<height>140</height>
												<label>...</label>
												<align>right</align>
												<font>Tile</font>
												<textcolor>$VAR[White]</textcolor>
											</control>
										</control>
									</itemlayout>
									<focusedlayout height="150">
										<control type="button">
											<include>HiddenControl</include>
											<onfocus>Skin.SetString(MusicBackgroundToggle,$INFO[Container(211).ListItem.Label2])</onfocus>
										</control>
										<control type="group">
											<control type="label">
												<left>20</left>
												<height>140</height>
												<label>...</label>
												<align>left</align>
												<font>Tile</font>
												<textcolor>$VAR[TextColor]</textcolor>
											</control>
											<control type="label">
												<height>140</height>
												<label>$INFO[Listitem.label]</label>
												<align>center</align>
												<font>Tile</font>
												<textcolor>$VAR[White]</textcolor>
												<visible>!Control.HasFocus(211)</visible>
											</control>
											<control type="label">
												<height>140</height>
												<label>$INFO[Listitem.label]</label>
												<align>center</align>
												<font>Tile</font>
												<textcolor>$VAR[TextColor]</textcolor>
												<visible>Control.HasFocus(211)</visible>
											</control>
											<control type="label">
												<right>20</right>
												<height>140</height>
												<label>...</label>
												<align>right</align>
												<font>Tile</font>
												<textcolor>$VAR[TextColor]</textcolor>
											</control>
										</control>
									</focusedlayout>
									<content>
										<item id="1">
											<label>$LOCALIZE[31051]</label>
											<label2>COTW</label2>
											<onclick>Skin.Setstring(MusicBackgroundToggle, COTW)</onclick>
											<onclick>Control.SetFocus(1)</onclick>
										</item>
										<item id="2">
											<label>$LOCALIZE[108]</label>
											<label2>FM</label2>
											<onclick>Skin.Setstring(MusicBackgroundToggle, FM)</onclick>
											<onclick>Control.SetFocus(1)</onclick>
										</item>
										<item id="3">
											<label>$LOCALIZE[31052]</label>
											<label2>Background</label2>
											<onclick>Skin.Setstring(MusicBackgroundToggle, Background)</onclick>
											<onclick>Control.SetFocus(1)</onclick>
										</item>
									</content>
									</control>
								</control>
								<!-- Select Background Folder -->
								<control type="radiobutton" id="211">
									<width>1200</width>
									<height>60</height>
									<textwidth>1120</textwidth>
									<label>$LOCALIZE[31097]</label>
									<focusedcolor>$VAR[TextColor]</focusedcolor>
									<label2>$INFO[Skin.String(enableAnimation)]</label2>
									<onclick>Skin.ToggleSetting(enableAnimation)</onclick>
									<selected>Skin.HasSetting(enableAnimation)</selected>
									<include>DialogButton</include>
								</control>
								<!-- Select Background Folder -->
								<control type="button" id="212">
									<width>1200</width>
									<height>60</height>
									<textwidth>1120</textwidth>
									<label>$LOCALIZE[31098]</label>
									<label2>$INFO[Skin.String(backgroundslideshow)]</label2>
									<focusedcolor>$VAR[TextColor]</focusedcolor>
									<include>DialogButton</include>
									<onclick>Skin.SetPath(backgroundslideshow)</onclick>
								</control>
							</control>
						</control>
						<!-- Layout -->
						<control type="label">
							<height>60</height>
							<font>Large</font>
							<textcolor>$VAR[UnFocusedColor]</textcolor>
							<label>$LOCALIZE[31090]</label>
							<visible>!Skin.HasSetting(KioskMode)</visible>
						</control>
						<control type="group">
							<visible>!Skin.HasSetting(KioskMode)</visible>
							<height min="310" max="480">480</height>
							<control type="grouplist" id="33110">
								<height min="310" max="480">auto</height>
								<itemgap>0</itemgap>
								<onleft>1</onleft>
								<width>1240</width>
								<onright>noop</onright>
								<onup>212</onup>
								<ondown>noop</ondown>
								<orientation>vertical</orientation>
								<usecontrolcoords>true</usecontrolcoords>
								<scrolltime tween="sine" easing="out">240</scrolltime>
								<!-- Customize horizontal buttons -->
								<control type="button" id="319">
									<width>1200</width>
									<height>60</height>
									<textwidth>1120</textwidth>
									<label>$LOCALIZE[31107]</label>
									<focusedcolor>$VAR[TextColor]</focusedcolor>
									<include>DialogButton</include>
									<onclick>RunScript(script.skinshortcuts,type=manage&amp;group=horizontal)</onclick>
									<visible>Skin.String(DashboardToggle, Horizontal)|Skin.String(DashboardToggle, Retroarch)|Skin.String(DashboardToggle, TV)</visible>
								</control>
								<!-- Enable Labels -->
								<control type="radiobutton" id="310">
									<width>1200</width>
									<height>60</height>
									<textwidth>1120</textwidth>
									<label>$LOCALIZE[31088]</label>
									<focusedcolor>$VAR[TextColor]</focusedcolor>
									<include>DialogButton</include>
									<onclick>Skin.ToggleSetting(ShowLabels)</onclick>
									<selected>Skin.HasSetting(ShowLabels)</selected>
									<visible>![Skin.String(DashboardToggle, Retroarch)|Skin.String(DashboardToggle, Game)|Skin.String(DashboardToggle, TV)]</visible>
								</control>
								<!-- Enable Showcase -->
								<control type="radiobutton" id="311">
									<width>1200</width>
									<height>60</height>
									<textwidth>1120</textwidth>
									<label>$LOCALIZE[31099]</label>
									<focusedcolor>$VAR[TextColor]</focusedcolor>
									<include>DialogButton</include>
									<onclick>Skin.ToggleSetting(enableShowcase)</onclick>
									<selected>Skin.HasSetting(enableShowcase)</selected>
									<visible>Skin.String(DashboardToggle, Netflix)</visible>
								</control>
								<!-- Enable Flags -->
								<control type="radiobutton" id="312">
									<width>1200</width>
									<height>60</height>
									<textwidth>1120</textwidth>
									<label>$LOCALIZE[31100]</label>
									<focusedcolor>$VAR[TextColor]</focusedcolor>
									<include>DialogButton</include>
									<onclick>Skin.ToggleSetting(enableFlags)</onclick>
									<selected>Skin.HasSetting(enableFlags)</selected>
									<visible>Skin.String(DashboardToggle, Netflix) + Skin.HasSetting(enableShowcase)</visible>
								</control>
								<!-- Enable Fanart -->
								<control type="radiobutton" id="313">
									<width>1200</width>
									<height>60</height>
									<textwidth>1120</textwidth>
									<label>$LOCALIZE[31101]</label>
									<focusedcolor>$VAR[TextColor]</focusedcolor>
									<include>DialogButton</include>
									<onclick>Skin.ToggleSetting(showFanart)</onclick>
									<selected>Skin.HasSetting(showFanart)</selected>
									<visible>Skin.String(DashboardToggle, Netflix)|Skin.String(DashboardToggle, Horizontal)</visible>
								</control>
								<!-- Enable Movie Group -->
								<control type="radiobutton" id="314">
									<width>1200</width>
									<height>60</height>
									<textwidth>1120</textwidth>
									<label>$LOCALIZE[31102]</label>
									<focusedcolor>$VAR[TextColor]</focusedcolor>
									<include>DialogButton</include>
									<onclick>Skin.ToggleSetting(showMoviegroup)</onclick>
									<selected>Skin.HasSetting(showMoviegroup)</selected>
									<visible>Skin.String(DashboardToggle, Game) + [Library.HasContent(Movies) | Library.HasContent(TVShows)]</visible>
								</control>
								<!-- Enable Music Group -->
								<control type="radiobutton" id="315">
									<width>1200</width>
									<height>60</height>
									<textwidth>1120</textwidth>
									<label>$LOCALIZE[31103]</label>
									<focusedcolor>$VAR[TextColor]</focusedcolor>
									<include>DialogButton</include>
									<onclick>Skin.ToggleSetting(showMusicgroup)</onclick>
									<selected>Skin.HasSetting(showMusicgroup)</selected>
									<visible>Skin.String(DashboardToggle, Game) + [Library.HasContent(Music)]</visible>
								</control>
								<!-- Enable Favourites -->
								<control type="radiobutton" id="316">
									<width>1200</width>
									<height>60</height>
									<textwidth>1120</textwidth>
									<label>$LOCALIZE[31091]</label>
									<focusedcolor>$VAR[TextColor]</focusedcolor>
									<include>DialogButton</include>
									<onclick>Skin.ToggleSetting(enableFavourites)</onclick>
									<selected>Skin.HasSetting(enableFavourites)</selected>
									<visible>Skin.String(DashboardToggle, Netflix)|Skin.String(DashboardToggle, Retroarch)|Skin.String(DashboardToggle, Android)|Skin.String(DashboardToggle, Horizontal)</visible>
								</control>
								<!-- Enable Small Icons -->
								<control type="radiobutton" id="317">
									<width>1200</width>
									<height>60</height>
									<textwidth>1120</textwidth>
									<label>$LOCALIZE[31104]</label>
									<focusedcolor>$VAR[TextColor]</focusedcolor>
									<include>DialogButton</include>
									<onclick>Skin.ToggleSetting(smallIcons)</onclick>
									<selected>Skin.HasSetting(smallIcons)</selected>
									<visible>Skin.String(DashboardToggle, Horizontal)</visible>
								</control>
								<!-- Show Apps in List -->
								<control type="radiobutton" id="318">
									<width>1200</width>
									<height>60</height>
									<textwidth>1120</textwidth>
									<label>$LOCALIZE[31105]</label>
									<focusedcolor>$VAR[TextColor]</focusedcolor>
									<include>DialogButton</include>
									<onclick>Skin.ToggleSetting(Showapps)</onclick>
									<selected>Skin.HasSetting(Showapps)</selected>
									<visible>Skin.String(DashboardToggle, Horizontal)</visible>
								</control>
								<!-- Show Icon List -->
								<control type="radiobutton" id="320">
									<width>1200</width>
									<height>60</height>
									<textwidth>1120</textwidth>
									<label>$LOCALIZE[31110]</label>
									<focusedcolor>$VAR[TextColor]</focusedcolor>
									<include>DialogButton</include>
									<onclick>Skin.ToggleSetting(showIcons)</onclick>
									<selected>Skin.HasSetting(showIcons)</selected>
									<visible>Skin.String(DashboardToggle, Netflix)</visible>
								</control>
								<!-- Show Icon List -->
								<control type="radiobutton" id="321">
									<width>1200</width>
									<height>60</height>
									<textwidth>1120</textwidth>
									<label>$LOCALIZE[31111]</label>
									<focusedcolor>$VAR[TextColor]</focusedcolor>
									<include>DialogButton</include>
									<onclick>Skin.ToggleSetting(showLastapp)</onclick>
									<selected>Skin.HasSetting(showLastapp)</selected>
									<visible>Skin.String(DashboardToggle, Android)</visible>
								</control>
							</control>
						</control>
					</control>
				</control>

				<!-- Secondary Color (3) -->
				<control type="group">
					<left>550</left>
					<height>150%</height>
					<visible>Container(1).HasFocus(3)</visible>
					<animation type="Visible" reversible="false">
						<effect type="fade" start="0" end="100" time="200"/>
						<effect type="slide" start="500" end="0,0" time="500" tween="cubic" easing="out"/>
					</animation>
					<animation type="Hidden">
						<effect type="fade" start="100" end="0" time="100"/>
						<effect type="slide" start="0,0" end="0,150" time="200" tween="cubic" easing="out"/>
					</animation>
					<control type="label" id="-">
						<top>-100</top>
						<height>70</height>
						<font>LargeLogo</font>
						<textcolor>$VAR[UnFocusedColor]</textcolor>
						<label>$LOCALIZE[31036]</label>
					</control>

					<control type="panel" id="3111">
						<viewtype>icons</viewtype>
						<width>100%</width>
						<height>80%</height>
						<orientation>vertical</orientation>
						<onleft>1</onleft>
						<onright>3111</onright>
						<onup>3111</onup>
						<ondown>3111</ondown>
						<preloaditems>4</preloaditems>
						<pagecontrol>60</pagecontrol>
						<focusposition>-1</focusposition>
						<movement>6</movement>
						<itemlayout height="230" width="230">
							<control type="image">
								<width>220</width>
								<height>220</height>
								<texture>$INFO[ListItem.Icon]</texture>
							</control>
							<include content="BorderSelected2">
								<param name="width">220</param>
								<param name="height">220</param>
								<param name="type">SecondaryColor</param>
							</include>
						</itemlayout>
						<focusedlayout height="230" width="230">
							<control type="group">
								<animation type="Focus">
									<effect type="zoom" center="auto" start="100" end="110" time="0"/>
								</animation>
								<control type="image">
									<width>220</width>
									<height>220</height>
									<texture>$INFO[ListItem.Icon]</texture>
								</control>
								<control type="image">
									<width>220</width>
									<height>220</height>
									<texture colordiffuse="$VAR[SecondaryColor]" border="11,43,43,11">views/border.png</texture>
								</control>
								<include content="BorderSelected">
									<param name="width">220</param>
									<param name="height">220</param>
									<param name="type">SecondaryColor</param>
								</include>
							</control>
						</focusedlayout>
						<content>
							<include content="Colors">
								<param name="type">SecondaryColor</param>
							</include>
						</content>
					</control>
				</control>

				<!-- Background Color (6) -->
				<control type="group">
					<left>550</left>
					<height>150%</height>
					<visible>Container(1).HasFocus(6)</visible>
					<animation type="Visible" reversible="false">
						<effect type="fade" start="0" end="100" time="200"/>
						<effect type="slide" start="500" end="0,0" time="500" tween="cubic" easing="out"/>
					</animation>
					<animation type="Hidden">
						<effect type="fade" start="100" end="0" time="100"/>
						<effect type="slide" start="0,0" end="0,150" time="200" tween="cubic" easing="out"/>
					</animation>
					<control type="label" id="-">
						<top>-100</top>
						<height>70</height>
						<font>LargeLogo</font>
						<textcolor>$VAR[UnFocusedColor]</textcolor>
						<label>$LOCALIZE[31092]</label>
					</control>

					<control type="panel" id="3114">
						<viewtype>icons</viewtype>
						<width>100%</width>
						<height>85%</height>
						<orientation>vertical</orientation>
						<onleft>1</onleft>
						<onright>3112</onright>
						<onup>1</onup>
						<ondown>1</ondown>
						<preloaditems>4</preloaditems>
						<pagecontrol>60</pagecontrol>
						<focusposition>-1</focusposition>
						<movement>6</movement>
						<itemlayout height="230" width="230">
							<control type="image">
								<width>220</width>
								<height>220</height>
								<texture>$INFO[ListItem.Icon]</texture>
							</control>
							<include content="BorderSelected2">
								<param name="width">220</param>
								<param name="height">220</param>
								<param name="type">BackgroundColor2</param>
							</include>
						</itemlayout>
						<focusedlayout height="230" width="230">
							<control type="group">
								<animation type="Focus">
									<effect type="zoom" center="auto" start="100" end="110" time="00"/>
								</animation>
								<control type="image">
									<width>220</width>
									<height>220</height>
									<texture>$INFO[ListItem.Icon]</texture>
								</control>
								<control type="image">
									<width>220</width>
									<height>220</height>
									<texture colordiffuse="$VAR[BackgroundColor2]" border="11,43,43,11">views/border.png</texture>
								</control>
								<include content="BorderSelected">
									<param name="width">220</param>
									<param name="height">220</param>
									<param name="type">BackgroundColor2</param>
								</include>
							</control>
						</focusedlayout>
						<content>
							<include content="Colors">
								<param name="type">BackgroundColor2</param>
							</include>
						</content>
					</control>
				</control>

				<!-- Diffuse Color (4) -->
				<control type="group">
					<left>550</left>
					<height>150%</height>
					<visible>Container(1).HasFocus(4)</visible>
					<animation type="Visible" reversible="false">
						<effect type="fade" start="0" end="100" time="200"/>
						<effect type="slide" start="500" end="0,0" time="500" tween="cubic" easing="out"/>
					</animation>
					<animation type="Hidden">
						<effect type="fade" start="100" end="0" time="100"/>
						<effect type="slide" start="0,0" end="0,150" time="200" tween="cubic" easing="out"/>
					</animation>
					<control type="label" id="-">
						<top>-100</top>
						<height>70</height>
						<font>LargeLogo</font>
						<textcolor>$VAR[UnFocusedColor]</textcolor>
						<label>$LOCALIZE[31037]</label>
					</control>

					<control type="panel" id="3112">
						<viewtype>icons</viewtype>
						<width>100%</width>
						<height>85%</height>
						<orientation>vertical</orientation>
						<onleft>1</onleft>
						<onright>3112</onright>
						<onup>1</onup>
						<ondown>1</ondown>
						<preloaditems>4</preloaditems>
						<pagecontrol>60</pagecontrol>
						<focusposition>-1</focusposition>
						<movement>6</movement>
						<itemlayout height="230" width="230">
							<control type="image">
								<width>220</width>
								<height>220</height>
								<texture>$INFO[ListItem.Icon]</texture>
							</control>
							<include content="BorderSelected2">
								<param name="width">220</param>
								<param name="height">220</param>
								<param name="type">DiffuseColor</param>
							</include>
						</itemlayout>
						<focusedlayout height="230" width="230">
							<control type="group">
								<animation type="Focus">
									<effect type="zoom" center="auto" start="100" end="110" time="00"/>
								</animation>
								<control type="image">
									<width>220</width>
									<height>220</height>
									<texture>$INFO[ListItem.Icon]</texture>
								</control>
								<control type="image">
									<width>220</width>
									<height>220</height>
									<texture colordiffuse="$VAR[DiffuseColorPreview]" border="11,43,43,11">views/border.png</texture>
								</control>
								<include content="BorderSelected">
									<param name="width">220</param>
									<param name="height">220</param>
									<param name="type">DiffuseColor</param>
								</include>
							</control>
						</focusedlayout>
						<content>
							<item>
								<label>$NUMBER[000000]</label>
								<onclick>Skin.Setstring(DiffuseColor,000000)</onclick>
								<icon>color_black.png</icon>
							</item>
							<include content="Colors">
								<param name="type">DiffuseColor</param>
							</include>
						</content>
					</control>
				</control>

				<!-- Text Color (5) -->
				<control type="group">
					<left>550</left>
					<height>150%</height>
					<visible>Container(1).HasFocus(5)</visible>
					<animation type="Visible" reversible="false">
						<effect type="fade" start="0" end="100" time="200"/>
						<effect type="slide" start="500" end="0,0" time="500" tween="cubic" easing="out"/>
					</animation>
					<animation type="Hidden">
						<effect type="fade" start="100" end="0" time="100"/>
						<effect type="slide" start="0,0" end="0,150" time="200" tween="cubic" easing="out"/>
					</animation>
					<control type="label" id="-">
						<top>-100</top>
						<height>70</height>
						<font>LargeLogo</font>
						<textcolor>$VAR[UnFocusedColor]</textcolor>
						<label>$LOCALIZE[31038]</label>
					</control>

					<control type="panel" id="3113">
						<viewtype>icons</viewtype>
						<width>100%</width>
						<height>85%</height>
						<orientation>vertical</orientation>
						<onleft>1</onleft>
						<onright>3113</onright>
						<onup>1</onup>
						<ondown>1</ondown>
						<preloaditems>4</preloaditems>
						<pagecontrol>60</pagecontrol>
						<focusposition>-1</focusposition>
						<movement>6</movement>
						<itemlayout height="230" width="230">
							<control type="image">
								<width>220</width>
								<height>220</height>
								<texture>$INFO[ListItem.Icon]</texture>
							</control>
							<include content="BorderSelected2">
								<param name="width">220</param>
								<param name="height">220</param>
								<param name="type">TextColor</param>
							</include>
						</itemlayout>
						<focusedlayout height="230" width="230">
							<control type="group">
								<animation type="Focus">
									<effect type="zoom" center="auto" start="100" end="110" time="00"/>
								</animation>
								<control type="image">
									<width>220</width>
									<height>220</height>
									<texture>$INFO[ListItem.Icon]</texture>
								</control>
								<control type="image">
									<width>220</width>
									<height>220</height>
									<texture colordiffuse="$VAR[TextColor]" border="11,43,43,11">views/border.png</texture>
								</control>
								<include content="BorderSelected">
									<param name="width">220</param>
									<param name="height">220</param>
									<param name="type">TextColor</param>
								</include>
							</control>
						</focusedlayout>
						<content>
							<item>
								<label>FFFFFF</label>
								<onclick>Skin.Setstring(TextColor,FFFFFF)</onclick>
								<icon>color_white.png</icon>
							</item>
							<include content="Colors">
								<param name="type">TextColor</param>
							</include>
						</content>
					</control>
				</control>

			</control>
		</control>
		<!--> Logo <!-->
		<include>Logo</include>
	</controls>
</window>