<?xml version="1.0" encoding="UTF-8"?>
<window>
	<defaultcontrol always="true">50</defaultcontrol>
	<backgroundcolor>$VAR[BackgroundColor]</backgroundcolor>
	<views>50</views>
	<menucontrol>9000</menucontrol>
	<controls>
		<include>WindowBackgroundImage</include>
		<include>WindowBackgroundVideo</include>
		<control type="group">	
			<animation type="WindowClose">
				<effect type="slide" start="0" end="0,1000" center="auto" tween="Cubic" easing="inout" time="800"/>
				<effect type="zoom" start="100" end="80" center="auto" tween="Cubic" easing="inout" time="500"/>
			</animation>
			<control type="group">
				<animation type="WindowOpen">
					<effect type="slide" start="0,1000" end="0" center="auto" tween="Cubic" easing="inout" time="1000"/>
				</animation>
				<description>Guide Timeline</description>
				<visible>Control.IsVisible(50)</visible>

				<!--> Grid <!-->
				<control type="epggrid" id="50">
					<left>0</left>
					<right>0</right>
					<bottom>0</bottom>
					<height>425</height>
					<orientation>vertical</orientation>
					<pagecontrol>60</pagecontrol>
					<scrolltime tween="quadratic" easing="out">300</scrolltime>
					<timeblocks>30</timeblocks>
					<rulerunit>1</rulerunit>
					<onleft>11</onleft>
					<onright>60</onright>
					<onup>noop</onup>
					<ondown>noop</ondown>
					<viewtype>icon</viewtype>
					<focusposition>-1</focusposition>
					<movement>1</movement>
					<progresstexture border="0,10,18,14" colordiffuse="$VAR[SecondaryColor]">common/TimeBar.png</progresstexture>
					<rulerdatelayout  height="1" width="1700">
						<control type="label">
							<width>1700</width>
							<height>45</height>
							<font>font24</font>
							<label>$INFO[ListItem.Label]</label>
							<textcolor>"$VAR[SecondaryColor]"</textcolor>
							<align>center</align>
							<aligny>center</aligny>
						</control>
					</rulerdatelayout>
					<rulerlayout height="1" width="1400">
						<control type="label">
							<width>365</width>
							<height>45</height>
							<font>font12</font>
							<label>$INFO[ListItem.Label]</label>
							<textoffsetx>10</textoffsetx>
							<textcolor>"$VAR[SecondaryColor]"</textcolor>
						</control>
					</rulerlayout>
					<channellayout height="100" width="280">
						<control type="image">
							<top>0</top>
							<left>0</left>
							<width>270</width>
							<height>100</height>
							<fadetime>400</fadetime>
							<texture colordiffuse="$VAR[DarkFade]">color_white.png</texture>
						</control>
						<control type="label">
							<left>2</left>
							<bottom>0</bottom>
							<width>75</width>
							<height>100</height>
							<font>Reg20</font>
							<label>$INFO[ListItem.ChannelNumberLabel]</label>
							<textcolor>$VAR[UnFocusedColor]</textcolor>
							<align>center</align>
							<aligny>center</aligny>
						</control>
						<control type="label" id="1">
							<left>68</left>
							<top>-2</top>
							<height>100</height>
							<font>Reg20</font>
							<label>$INFO[ListItem.ChannelName]</label>
							<aligny>center</aligny>
							<textoffsetx>10</textoffsetx>
						</control>
					</channellayout>
					<focusedchannellayout height="100" width="280">
						<control type="image">
							<top>0</top>
							<left>0</left>
							<width>270</width>
							<height>100</height>
							<fadetime>400</fadetime>
							<texture colordiffuse="$VAR[SecondaryColor]">color_white.png</texture>
						</control>
						<control type="label">
							<left>2</left>
							<bottom>0</bottom>
							<width>75</width>
							<height>100</height>
							<font>Reg20</font>
							<label>$INFO[ListItem.ChannelNumberLabel]</label>
							<textcolor>$VAR[UnFocusedColor]</textcolor>
							<align>center</align>
							<aligny>center</aligny>
						</control>
						<control type="label" id="1">
							<left>68</left>
							<top>-2</top>
							<height>100</height>
							<font>Reg20</font>
							<label>$INFO[ListItem.ChannelName]</label>
							<aligny>center</aligny>
							<textoffsetx>10</textoffsetx>
						</control>
					</focusedchannellayout>
					<itemlayout height="100" width="50">
						<control type="image" id="2">
							<top>5</top>
							<width>50</width>
							<height>100</height>
							<texture colordiffuse="$VAR[MaterialColor]">color_white.png</texture>
						</control>
						<control type="image" id="2">
							<top>5</top>
							<width>50</width>
							<height>100</height>
							<texture colordiffuse="$VAR[MaterialColorDark]" border="10">views/border.png</texture>
						</control>
						<control type="label" id="1">
							<left>10</left>
							<top>0</top>
							<width>40</width>
							<height>100</height>
							<aligny>center</aligny>
							<font>Reg20</font>
							<wrapmultiline>true</wrapmultiline>
							<label>$INFO[ListItem.Label]</label>
						</control>
						<control type="image">
							<left>6</left>
							<top>40</top>
							<width>20</width>
							<height>20</height>
							<texture>$VAR[PVRTimerIcon]</texture>
						</control>
					</itemlayout>
					<focusedlayout height="100" width="50">
						<control type="image" id="2">
							<top>5</top>
							<width>50</width>
							<height>100</height>								
							<texture colordiffuse="$VAR[DarkFade]">lists/focus.png</texture>
							<visible>Control.HasFocus(50)</visible>
						</control>
						<control type="image" id="2">
							<top>5</top>
							<width>50</width>
							<height>100</height>	
							<texture colordiffuse="$VAR[SecondaryColor]">color_white.png</texture>
						</control>
						<control type="image" id="2">
							<top>5</top>
							<width>50</width>
							<height>100</height>
							<texture colordiffuse="$VAR[White]" border="10">views/border.png</texture>
						</control>
						<control type="image" id="2">
							<top>5</top>
							<width>50</width>
							<height>100</height>
							<top>0</top>
							<texture colordiffuse="$VAR[DarkFade]">color_white.png</texture>
							<visible>!Control.HasFocus(50)</visible>
						</control>
						<control type="label" id="1">
							<left>10</left>
							<top>0</top>
							<width>30</width>
							<height>100</height>
							<aligny>center</aligny>
							<font>Reg20</font>
							<label>$INFO[ListItem.Label]</label>
						</control>
						<control type="image">
							<left>6</left>
							<top>40</top>
							<width>20</width>
							<height>20</height>
							<texture>$VAR[PVRTimerIcon]</texture>
						</control>
					</focusedlayout>
				</control>
			</control>

			<!--> Info <!-->
			<control type="group">
				<top>50</top>
				<height>1000</height>
				<animation type="WindowOpen">
					<effect type="slide" start="0,-1000" end="0" center="auto" tween="Cubic" easing="inout" time="1000"/>
				</animation>
				<!--><control type="image">
					<top>10</top>
					<left>30</left>
					<width>290</width>
					<height>250</height>
					<aspectratio align="center" aligny="center">keep</aspectratio>
					<fadetime>400</fadetime>
					<texture>$INFO[ListItem.Icon]</texture>
				</control><!-->
				<control type="group">
					<top>0</top>
					<left>50</left>
					<control type="label">
						<width>70%</width>
						<height>30</height>
						<label>[B]$INFO[ListItem.EpgEventTitle][/B]</label>
					</control><!-->
					<control type="label">
						<top>0</top>
						<right>30</right>
						<width>30%</width>
						<height>30</height>
						<align>right</align>
						<label>[COLOR button_focus]$INFO[ListItem.StartTime,[COLOR grey]$LOCALIZE[555]:[/COLOR] ][/COLOR]$INFO[ListItem.EndTime,[COLOR button_focus] - ,[/COLOR]]</label>
					</control>
					<control type="label">
						<top>35</top>
						<width>60%</width>
						<height>30</height>
						<label>[I][COLOR grey]$VAR[SeasonEpisodeLabel][/COLOR]$INFO[ListItem.EpisodeName,[COLOR white],[/COLOR]][/I]</label>
					</control>
					<control type="label">
						<top>35</top>
						<right>30</right>
						<width>40%</width>
						<height>30</height>
						<align>right</align>
						<label>$INFO[ListItem.Genre,[COLOR grey]$LOCALIZE[515]:[/COLOR] ]</label>
					</control><!-->
				</control>
				<control type="textbox">
					<left>50</left>
					<top>85</top>
					<right>30</right>
					<width>70%</width>
					<height>170</height>
					<align>justify</align>
					<label>$INFO[ListItem.Plot]</label>
					<autoscroll delay="10000" time="3000" repeat="10000">Skin.HasSetting(AutoScroll)</autoscroll>
				</control>
			</control>
		</control>
		<!--> ??? 	
		<control type="group">
			<top>140</top>
			<control type="image">
				<left>0</left>
				<top>-10</top>
				<width>100%</width>
				<bottom>336</bottom>
				<texture colordiffuse="E6FFFFFF">dialogs/dialog-bg-nobo.png</texture>
			</control>

			<control type="group">
				<visible>Control.IsVisible(50)</visible>
				<control type="image">
					<left>0</left>
					<top>0</top>
					<width>100%</width>
					<height>44</height>
					<texture colordiffuse="border_alpha">colors/white50.png</texture>
				</control>
				<control type="image">
					<left>42</left>
					<top>0</top>
					<width>364</width>
					<height>44</height>
					<texture colordiffuse="button_focus">colors/white.png</texture>
					<visible>Control.HasFocus(11)</visible>
				</control>
				<control type="image">
					<left>10</left>
					<top>7</top>
					<width>20</width>
					<height>30</height>
					<texture>icons/keyboard/arrowleft.png</texture>
					<animation effect="fade" start="0" end="100" time="150">VisibleChange</animation>
					<visible>Control.HasFocus(11) + Container(11).HasPrevious</visible>
				</control>
				<control type="image">
					<right>10</right>
					<top>7</top>
					<width>20</width>
					<height>30</height>
					<texture>icons/keyboard/arrowright.png</texture>
					<animation effect="fade" start="0" end="100" time="150">VisibleChange</animation>
					<visible>Control.HasFocus(11) + !String.IsEqual(Container(11).CurrentItem, Container(11).NumItems)</visible>
				</control>
			</control>

			<!--> <!-->Groups
			<control type="fixedlist" id="11">
				<top>0</top>
				<left>40</left>
				<right>40</right>
				<onleft>noop</onleft>
				<onright>noop</onright>
				<onup>63</onup>
				<ondown>63</ondown>
				<orientation>horizontal</orientation>
				<scrolltime>200</scrolltime>
				<visible>Control.IsVisible(50) | Control.IsVisible(51)</visible>
				<itemlayout height="44" width="368">
					<control type="image">
						<left>1</left>
						<top>0</top>
						<width>366</width>
						<height>44</height>
						<texture colordiffuse="60FFFFFF">colors/white50.png</texture>
					</control>
					<control type="label">
						<left>5</left>
						<width>358</width>
						<height>42</height>
						<align>center</align>
						<aligny>center</aligny>
						<label>$INFO[ListItem.Label]</label>
						<textcolor>lightgrey</textcolor>
					</control>
				</itemlayout>
				<focusedlayout height="44" width="368">
					<control type="image">
						<left>1</left>
						<top>0</top>
						<width>366</width>
						<height>44</height>
						<texture colordiffuse="button_focus">colors_white.png</texture>
						<animation effect="fade" end="30" condition="true">Conditional</animation>
						<visible>!Control.HasFocus(11)</visible>
					</control>
					<control type="label">
						<left>5</left>
						<width>358</width>
						<height>42</height>
						<align>center</align>
						<aligny>center</aligny>
						<scroll>true</scroll>
						<label>$INFO[ListItem.Label]</label>
					</control>
				</focusedlayout>
			</control> <!-->
			<!--></control><!-->
		<!--><control type="label" id="29">
			<font></font>
			<include>HiddenObject</include>
		</control>
		<control type="label" id="30">
			<font></font>
			<include>HiddenObject</include>
		</control><!-->
	</controls>
</window>
