<?xml version="1.0" encoding="UTF-8"?>
<window>
	<!-- subtitlesearch -->
	<defaultcontrol>150</defaultcontrol>
	<include>DialogZoomAnimation</include>
	<controls>
 
		<control type="image">
			<width>100%</width>
			<height>100%</height>
			<texture colordiffuse="$VAR[DarkFade]">color_white.png</texture>
		</control>

		<control type="image">
			<width>450</width>
			<height>100%</height>
			<texture colordiffuse="$VAR[MaterialColorDark]">color_white.png</texture>
		</control>

		<!-- Heading -->
		<control type="label">
			<left>30</left>
			<top>50</top>
			<height>70</height>
			<font>Large</font>
			<label>$LOCALIZE[24018]</label>
		</control>

		<!-- Left heading
		<control type="label" id="100">
			<left>50</left>
			<top>100</top>
			<width>360</width>
			<height>66</height>
			<textcolor>$VAR[FocusedColor]</textcolor>
		</control> -->

		<!-- Left list -->
		<control type="list" id="150">
			<left>50</left>
			<top>150</top>
			<width>450</width>
			<height>90%</height>
			<onleft>noop</onleft>
			<onright>120</onright>
			<onup>noop</onup>
			<ondown>160</ondown>
			<viewtype label="535">list</viewtype>
			<scrolltime tween="sine" easing="out">240</scrolltime>
			<itemlayout width="510" height="60">
				<control type="group">
					<left>20</left>
					<top>20</top>
					<control type="label">
						<left>20</left>
						<width>500</width>
						<height>60</height>
						<label>$INFO[Listitem.label]</label>
						<align>left</align>
						<aligny>center</aligny>
						<font>Tile</font>
						<textcolor>$VAR[UnFocusedColor]</textcolor>
					</control>
				</control>
			</itemlayout>
			<focusedlayout width="510" height="60">
				<control type="group">
					<left>20</left>
					<top>20</top>
					<control type="image">
						<left>-5</left>
						<top>0</top>
						<width>5</width>
						<height>60</height>
						<texture colordiffuse="$VAR[SecondaryColor]">color_white.png</texture>
						<aspectratio>stretch</aspectratio>
					</control>
					<control type="label">
						<left>20</left>
						<width>500</width>
						<height>60</height>
						<label>$INFO[Listitem.label]</label>
						<align>left</align>
						<aligny>center</aligny>
						<font>Tile</font>
						<textcolor>$VAR[SecondaryColor]</textcolor>
						<visible>Control.HasFocus(150)</visible>
					</control>
					<control type="label">
						<left>20</left>
						<width>500</width>
						<height>60</height>
						<label>$INFO[Listitem.label]</label>
						<align>left</align>
						<aligny>center</aligny>
						<font>Tile</font>
						<textcolor>$VAR[UnFocusedColor]</textcolor>
						<visible>!Control.HasFocus(150)</visible>
					</control>
				</control>
			</focusedlayout>
		</control>

		<!-- Video label -->
		<control type="label">
			<left>500</left>
			<top>50</top>
			<width>90%</width>
			<height>66</height>
			<font>Reg35</font>
			<label>$INFO[Player.Filename]</label>
		</control>

		<!-- Number label -->
		<control type="label" id="140">
			<left>30</left>
			<bottom>10</bottom>
			<width>500</width>
			<height>30</height>
			<align>left</align>
			<font>Reg25</font>
		</control>

		<!-- List -->
		<control type="list" id="120">
			<left>450</left>
			<top>150</top>
			<width>1200</width>
			<height>80%</height>
			<onleft>150</onleft>
			<onright>noop</onright>
			<onup>noop</onup>
			<ondown>noop</ondown>
			<viewtype label="535">list</viewtype>
			<scrolltime tween="sine" easing="out">240</scrolltime>
			<itemlayout height="50">
				<control type="label">
					<left>80</left>
					<width>1200</width>
					<height>66</height>
					<font>Reg20</font>
					<textcolor>$VAR[UnFocusedColor]</textcolor>
					<label>$INFO[ListItem.Label] $INFO[ListItem.Label2,    ]</label>
				</control>
			</itemlayout>
			<focusedlayout height="50">
				<control type="group">
					<control type="label">
						<left>80</left>
						<width>1200</width>
						<height>66</height>
						<font>Reg20</font>
						<textcolor>$VAR[UnFocusedColor]</textcolor>
						<label>$INFO[ListItem.Label] $INFO[ListItem.Label2,    ]</label>
						<visible>!Control.HasFocus(120)</visible>
					</control>
					<control type="label">
						<left>80</left>
						<width>1200</width>
						<height>66</height>
						<font>Reg20</font>
						<textcolor>$VAR[FocusedColor]</textcolor>
						<label>$INFO[ListItem.Label] $INFO[ListItem.Label2,    ]</label>
						<visible>Control.HasFocus(120)</visible>
					</control>
				</control>
			</focusedlayout>
		</control>

		<!-- Manual search button -->
		<control type="button" id="160">
			<left>50</left>
			<bottom>100</bottom>
			<width>350</width>
			<height>66</height>
			<onleft>noop</onleft>
			<onright>noop</onright>
			<onup>150</onup>
			<ondown>noop</ondown>
			<label>24120</label>
			<include>DialogButton</include>
		</control>

		<!-- Notification -->
		<control type="label" id="130">
			<left>500</left>
			<bottom>10</bottom>
			<width>1200</width>
			<height>66</height>
			<align>left</align>
			<font>Reg25</font>
			<textcolor>$VAR[FocusedColor]</textcolor>
		</control>

	</controls>
</window>