<?xml version="1.0" encoding="UTF-8"?>
<window>
	<!-- filebrowser -->
	<defaultcontrol always="true">450</defaultcontrol>
	<include>DialogZoomAnimation</include>

	<controls>

		<!-- Background 
		<include>DialogBackgroundImage</include>-->

		<!-- Image -->
		<control type="image">
			<centerleft>50%</centerleft>
			<centertop>50%</centertop>
			<width>85%</width>
			<height>80%</height>
			<texture colordiffuse="$VAR[BackgroundColor]" border="9">views/Card_bg_white.png</texture>
		</control>

		<control type="image">
			<left>200</left>
			<top>235</top>
			<width>700</width>
			<height>670</height>
			<texture colordiffuse="$VAR[Dark]">views/white_100.png</texture>		
		</control>

		<!-- List -->
		<control type="list" id="450">
			<left>200</left>
			<top>235</top>
			<width>700</width>
			<height>670</height>
			<onup>noop</onup>
			<ondown>noop</ondown>
			<onleft>9000</onleft>
			<onright>9000</onright>
			<orientation>vertical</orientation>
			<viewtype label="list">list</viewtype>
			<scrolltime tween="sine" easing="out">240</scrolltime>
			<itemlayout width="700" height="96">
				<control type="label">
					<left>50</left>
					<width>700</width>
					<height>96</height>
					<font>Tile</font>
					<textcolor>$VAR[UnFocusedColor]</textcolor>
					<label>$INFO[ListItem.Label]</label>
				</control>
			</itemlayout>
			<focusedlayout width="700" height="96">
				<control type="image">
					<width>700</width>
					<height>96</height>
					<texture colordiffuse="$VAR[SecondaryColor]">views/white_100.png</texture>
				</control>
				<control type="label">
					<left>50</left>
					<width>700</width>
					<height>96</height>
					<font>Tile</font>
					<textcolor>$VAR[FocusedColor2]</textcolor>
					<label>$INFO[ListItem.Label]</label>
				</control>
			</focusedlayout>

		</control>

		<!-- List -->
		<control type="list" id="451">
			<left>200</left>
			<top>235</top>
			<width>700</width>
			<height>670</height>
			<onup>noop</onup>
			<ondown>noop</ondown>
			<onleft>9000</onleft>
			<onright>9000</onright>
			<orientation>vertical</orientation>
			<scrolltime tween="sine" easing="out">240</scrolltime>
			<itemlayout width="700" height="96">
				<control type="label">
					<left>50</left>
					<width>700</width>
					<height>96</height>
					<font>Tile</font>
					<textcolor>$VAR[UnFocusedColor]</textcolor>
					<label>$INFO[ListItem.Label]</label>
				</control>
			</itemlayout>
			<focusedlayout width="700" height="96">
				<control type="image">
					<width>700</width>
					<height>96</height>
					<texture colordiffuse="$VAR[SecondaryColor]">views/white_100.png</texture>
				</control>
				<control type="label">
					<left>50</left>
					<width>700</width>
					<height>96</height>
					<font>Tile</font>
					<textcolor>$VAR[FocusedColor2]</textcolor>
					<label>$INFO[ListItem.Label]</label>
				</control>
			</focusedlayout>
		</control>

		<!-- Button grouplist -->
		<control type="grouplist" id="9000">
			<right>450</right>
			<top>235</top>
			<width>324</width>
			<height>200</height>
			<itemgap>0</itemgap>
			<onleft>450</onleft>
			<onright>450</onright>
			<onup>noop</onup>
			<ondown>noop</ondown>
			<orientation>vertical</orientation>

			<!-- OK Button -->
			<control type="button" id="413">
				<width>324</width>
				<height>66</height>
				<label>186</label>
				<include>DialogButton</include>
			</control>

			<!-- Cancel Button -->
			<control type="button" id="414">
				<width>324</width>
				<height>66</height>
				<label>222</label>
				<include>DialogButton</include>
			</control>

			<!-- New folder -->
			<control type="button" id="415">
				<width>324</width>
				<height>66</height>
				<label>119</label>
				<visible>Control.IsEnabled(415)</visible>
			</control>

			<!-- Mirror image -->
			<control type="radiobutton" id="416">
				<width>324</width>
				<height>66</height>
				<label>749</label>
				<visible>Control.IsEnabled(416)</visible>
			</control>

		</control>

		<!-- Heading -->
		<control type="label" id="411">
			<left>200</left>
			<top>150</top>
			<width>1620</width>
			<height>72</height>
			<font>Large</font>
		</control>

		<!--<control type="videowindow">
			<width>500</width>
			<height>250</height>
			<aspectratio>stretch</aspectratio>
			<visible>Player.HasVideo</visible>
		</control> -->

		<control type="image">
			<right>200</right>
			<bottom>150</bottom>
			<height>550</height>
			<width>750</width>
			<aspectratio>keep</aspectratio>
			<texture>$INFO[Container(450).ListItem.Icon]</texture>		
		</control>

		<control type="image">
			<right>200</right>
			<bottom>150</bottom>
			<height>550</height>
			<width>750</width>
			<aspectratio>keep</aspectratio>
			<texture>$INFO[Container(451).ListItem.Icon]</texture>		
		</control>

		<!--> Logo <!-->
		<include>Logo</include>
	</controls>
</window>