<?xml version="1.0" encoding="UTF-8"?>
<window>
	<!-- visualisation -->
	<defaultcontrol>9876</defaultcontrol>
    <onload condition="Window.Previous(9980)">close</onload>
    <onload condition="!Window.Previous(9980)">activateWindow(9980)</onload>
	<onload condition="String.IsEmpty(Skin.String(MusicToggle))">Skin.SetString(MusicToggle, 1)</onload>
	<onload condition="String.IsEmpty(Skin.String(MusicBackgroundToggle))">Skin.SetString(MusicBackgroundToggle, FM)</onload>
	<controls>

		<!--hidden buttons to handle dialog autohide-->
		<control type="button" id="9876">
			<centerleft>50%</centerleft>
			<centertop>50%</centertop>
			<width>1000</width>
			<height>100%</height>
			<label> </label>
			<texturefocus> </texturefocus>
			<texturenofocus> </texturenofocus>
			<onup>playercontrol(next)</onup>
			<ondown>playercontrol(previous)</ondown>
			<onleft>Seek(-10)</onleft>
			<onright>Seek(10)</onright>
			<onclick>playercontrol(Play)</onclick>
		</control>
		<control type="button" id="9875">
			<left>0</left>
			<centertop>50%</centertop>
			<label> </label>
			<texturefocus> </texturefocus>
			<texturenofocus> </texturenofocus>
			<width>450</width>
			<height>100%</height>
			<onclick>Seek(-30)</onclick>
		</control>
		<control type="button" id="9877">
			<right>0</right>
			<centertop>50%</centertop>
			<label> </label>
			<texturefocus> </texturefocus>
			<texturenofocus> </texturenofocus>
			<width>450</width>
			<height>100%</height>
			<onclick>Seek(30)</onclick>
		</control>

		<include condition="Skin.String(MusicBackgroundToggle, COTW)">COTWBack</include>
		<include condition="Skin.String(MusicBackgroundToggle, FM)">FMBack</include>
		<include condition="Skin.String(MusicBackgroundToggle, Background)">ArtBack</include>
		
		<include condition="Skin.String(MusicToggle, 1)">1</include>
		<include condition="Skin.String(MusicToggle, 2)">2</include>
		<include condition="Skin.String(MusicToggle, COTW)">COTW</include>
		<include condition="Skin.String(MusicToggle, FM)">FM</include>
	</controls>
</window>