﻿<includes>
	<include name="Colors">
		<param name="type"/>
		<definition>
			<item>
				<label>$NUMBER[D32F2F]</label>
				<onclick>Skin.Setstring($PARAM[type],D32F2F)</onclick>
				<icon>colors\D32F2F.jpg</icon>
			</item>
			<item>
				<label>$NUMBER[C62828]</label>
				<onclick>Skin.Setstring($PARAM[type],C62828)</onclick>
				<icon>colors\C62828.jpg</icon>
			</item>
			<item>
				<label>$NUMBER[B71C1C]</label>
				<onclick>Skin.Setstring($PARAM[type],B71C1C)</onclick>
				<icon>colors\B71C1C.jpg</icon>
			</item>
			<item>
				<label>$NUMBER[D50000]</label>
				<onclick>Skin.Setstring($PARAM[type],D50000)</onclick>
				<icon>colors\D50000.jpg</icon>
			</item>
			<item>
				<label>$NUMBER[D81B60]</label>
				<onclick>Skin.Setstring($PARAM[type],D81B60)</onclick>
				<icon>colors\D81B60.jpg</icon>
			</item>
			<item>
				<label>$NUMBER[C2185B]</label>
				<onclick>Skin.Setstring($PARAM[type],C2185B)</onclick>
				<icon>colors\C2185B.jpg</icon>
			</item>
			<item>
				<label>$NUMBER[AD1457]</label>
				<onclick>Skin.Setstring($PARAM[type],AD1457)</onclick>
				<icon>colors\AD1457.jpg</icon>
			</item>
			<item>
				<label>$NUMBER[880E4F]</label>
				<onclick>Skin.Setstring($PARAM[type],880E4F)</onclick>
				<icon>colors\880E4F.jpg</icon>
			</item>
			<item>
				<label>$NUMBER[C51162]</label>
				<onclick>Skin.Setstring($PARAM[type],C51162)</onclick>
				<icon>colors\C51162.jpg</icon>
			</item>
			<item>
				<label>$NUMBER[CE93D8]</label>
				<onclick>Skin.Setstring($PARAM[type],CE93D8)</onclick>
				<icon>colors\CE93D8.jpg</icon>
			</item>
			<item>
				<label>$NUMBER[BA68C8]</label>
				<onclick>Skin.Setstring($PARAM[type],BA68C8)</onclick>
				<icon>colors\BA68C8.jpg</icon>
			</item>
			<item>
				<label>$NUMBER[AB47BC]</label>
				<onclick>Skin.Setstring($PARAM[type],AB47BC)</onclick>
				<icon>colors\AB47BC.jpg</icon>
			</item>
			<item>
				<label>$NUMBER[9C27B0]</label>
				<onclick>Skin.Setstring($PARAM[type],9C27B0)</onclick>
				<icon>colors\9C27B0.jpg</icon>
			</item>
			<item>
				<label>$NUMBER[8E24AA]</label>
				<onclick>Skin.Setstring($PARAM[type],8E24AA)</onclick>
				<icon>colors\8E24AA.jpg</icon>
			</item>
			<item>
				<label>$NUMBER[7B1FA2]</label>
				<onclick>Skin.Setstring($PARAM[type],7B1FA2)</onclick>
				<icon>colors\7B1FA2.jpg</icon>
			</item>
			<item>
				<label>$NUMBER[6A1B9A]</label>
				<onclick>Skin.Setstring($PARAM[type],6A1B9A)</onclick>
				<icon>colors\6A1B9A.jpg</icon>
			</item>
			<item>
				<label>$NUMBER[4A148C]</label>
				<onclick>Skin.Setstring($PARAM[type],4A148C)</onclick>
				<icon>colors\4A148C.jpg</icon>
			</item>
			<item>
				<label>$NUMBER[D500F9]</label>
				<onclick>Skin.Setstring($PARAM[type],D500F9)</onclick>
				<icon>colors\D500F9.jpg</icon>
			</item>
			<item>
				<label>$NUMBER[AA00FF]</label>
				<onclick>Skin.Setstring($PARAM[type],AA00FF)</onclick>
				<icon>colors\AA00FF.jpg</icon>
			</item>
			<item>
				<label>$NUMBER[D1C4E9]</label>
				<onclick>Skin.Setstring($PARAM[type],D1C4E9)</onclick>
				<icon>colors\D1C4E9.jpg</icon>
			</item>
			<item>
				<label>$NUMBER[B39DDB]</label>
				<onclick>Skin.Setstring($PARAM[type],B39DDB)</onclick>
				<icon>colors\B39DDB.jpg</icon>
			</item>
			<item>
				<label>$NUMBER[9575CD]</label>
				<onclick>Skin.Setstring($PARAM[type],9575CD)</onclick>
				<icon>colors\9575CD.jpg</icon>
			</item>
			<item>
				<label>$NUMBER[7E57C2]</label>
				<onclick>Skin.Setstring($PARAM[type],7E57C2)</onclick>
				<icon>colors\7E57C2.jpg</icon>
			</item>
			<item>
				<label>$NUMBER[673AB7]</label>
				<onclick>Skin.Setstring($PARAM[type],673AB7)</onclick>
				<icon>colors\673AB7.jpg</icon>
			</item>
			<item>
				<label>$NUMBER[5E35B1]</label>
				<onclick>Skin.Setstring($PARAM[type],5E35B1)</onclick>
				<icon>colors\5E35B1.jpg</icon>
			</item>
			<item>
				<label>$NUMBER[512DA8]</label>
				<onclick>Skin.Setstring($PARAM[type],512DA8)</onclick>
				<icon>colors\512DA8.jpg</icon>
			</item>
			<item>
				<label>$NUMBER[4527A0]</label>
				<onclick>Skin.Setstring($PARAM[type],4527A0)</onclick>
				<icon>colors\4527A0.jpg</icon>
			</item>
			<item>
				<label>$NUMBER[311B92]</label>
				<onclick>Skin.Setstring($PARAM[type],311B92)</onclick>
				<icon>colors\311B92.jpg</icon>
			</item>
			<item>
				<label>$NUMBER[B388FF]</label>
				<onclick>Skin.Setstring($PARAM[type],B388FF)</onclick>
				<icon>colors\B388FF.jpg</icon>
			</item>
			<item>
				<label>$NUMBER[7C4DFF]</label>
				<onclick>Skin.Setstring($PARAM[type],7C4DFF)</onclick>
				<icon>colors\7C4DFF.jpg</icon>
			</item>
			<item>
				<label>$NUMBER[651FFF]</label>
				<onclick>Skin.Setstring($PARAM[type],651FFF)</onclick>
				<icon>colors\651FFF.jpg</icon>
			</item>
			<item>
				<label>$NUMBER[6200EA]</label>
				<onclick>Skin.Setstring($PARAM[type],6200EA)</onclick>
				<icon>colors\6200EA.jpg</icon>
			</item>
			<item>
				<label>$NUMBER[C5CAE9]</label>
				<onclick>Skin.Setstring($PARAM[type],C5CAE9)</onclick>
				<icon>colors\C5CAE9.jpg</icon>
			</item>
			<item>
				<label>$NUMBER[9FA8DA]</label>
				<onclick>Skin.Setstring($PARAM[type],9FA8DA)</onclick>
				<icon>colors\9FA8DA.jpg</icon>
			</item>
			<item>
				<label>$NUMBER[7986CB]</label>
				<onclick>Skin.Setstring($PARAM[type],7986CB)</onclick>
				<icon>colors\7986CB.jpg</icon>
			</item>
			<item>
				<label>$NUMBER[5C6BC0]</label>
				<onclick>Skin.Setstring($PARAM[type],5C6BC0)</onclick>
				<icon>colors\5C6BC0.jpg</icon>
			</item>
			<item>
				<label>$NUMBER[3F51B5]</label>
				<onclick>Skin.Setstring($PARAM[type],3F51B5)</onclick>
				<icon>colors\3F51B5.jpg</icon>
			</item>
			<item>
				<label>$NUMBER[3949AB]</label>
				<onclick>Skin.Setstring($PARAM[type],3949AB)</onclick>
				<icon>colors\3949AB.jpg</icon>
			</item>
			<item>
				<label>$NUMBER[303F9F]</label>
				<onclick>Skin.Setstring($PARAM[type],303F9F)</onclick>
				<icon>colors\303F9F.jpg</icon>
			</item>
			<item>
				<label>$NUMBER[283593]</label>
				<onclick>Skin.Setstring($PARAM[type],283593)</onclick>
				<icon>colors\283593.jpg</icon>
			</item>
			<item>
				<label>$NUMBER[1A237E]</label>
				<onclick>Skin.Setstring($PARAM[type],1A237E)</onclick>
				<icon>colors\1A237E.jpg</icon>
			</item>
			<item>
				<label>$NUMBER[8C9EFF]</label>
				<onclick>Skin.Setstring($PARAM[type],8C9EFF)</onclick>
				<icon>colors\8C9EFF.jpg</icon>
			</item>
			<item>
				<label>$NUMBER[536DFE]</label>
				<onclick>Skin.Setstring($PARAM[type],536DFE)</onclick>
				<icon>colors\536DFE.jpg</icon>
			</item>
			<item>
				<label>$NUMBER[3D5AFE]</label>
				<onclick>Skin.Setstring($PARAM[type],3D5AFE)</onclick>
				<icon>colors\3D5AFE.jpg</icon>
			</item>
			<item>
				<label>$NUMBER[304FFE]</label>
				<onclick>Skin.Setstring($PARAM[type],304FFE)</onclick>
				<icon>colors\304FFE.jpg</icon>
			</item>
			<item>
				<label>$NUMBER[BBDEFB]</label>
				<onclick>Skin.Setstring($PARAM[type],BBDEFB)</onclick>
				<icon>colors\BBDEFB.jpg</icon>
			</item>
			<item>
				<label>$NUMBER[90CAF9]</label>
				<onclick>Skin.Setstring($PARAM[type],90CAF9)</onclick>
				<icon>colors\90CAF9.jpg</icon>
			</item>
			<item>
				<label>$NUMBER[64B5F6]</label>
				<onclick>Skin.Setstring($PARAM[type],64B5F6)</onclick>
				<icon>colors\64B5F6.jpg</icon>
			</item>
			<item>
				<label>$NUMBER[42A5F5]</label>
				<onclick>Skin.Setstring($PARAM[type],42A5F5)</onclick>
				<icon>colors\42A5F5.jpg</icon>
			</item>
			<item>
				<label>$NUMBER[2196F3]</label>
				<onclick>Skin.Setstring($PARAM[type],2196F3)</onclick>
				<icon>colors\2196F3.jpg</icon>
			</item>
			<item>
				<label>$NUMBER[1E88E5]</label>
				<onclick>Skin.Setstring($PARAM[type],1E88E5)</onclick>
				<icon>colors\1E88E5.jpg</icon>
			</item>
			<item>
				<label>$NUMBER[1976D2]</label>
				<onclick>Skin.Setstring($PARAM[type],1976D2)</onclick>
				<icon>colors\1976D2.jpg</icon>
			</item>
			<item>
				<label>$NUMBER[1565C0]</label>
				<onclick>Skin.Setstring($PARAM[type],1565C0)</onclick>
				<icon>colors\1565C0.jpg</icon>
			</item>
			<item>
				<label>$NUMBER[0D47A1]</label>
				<onclick>Skin.Setstring($PARAM[type],0D47A1)</onclick>
				<icon>colors\0D47A1.jpg</icon>
			</item>
			<item>
				<label>$NUMBER[82B1FF]</label>
				<onclick>Skin.Setstring($PARAM[type],82B1FF)</onclick>
				<icon>colors\82B1FF.jpg</icon>
			</item>
			<item>
				<label>$NUMBER[448AFF]</label>
				<onclick>Skin.Setstring($PARAM[type],448AFF)</onclick>
				<icon>colors\448AFF.jpg</icon>
			</item>
			<item>
				<label>$NUMBER[2979FF]</label>
				<onclick>Skin.Setstring($PARAM[type],2979FF)</onclick>
				<icon>colors\2979FF.jpg</icon>
			</item>
			<item>
				<label>$NUMBER[2962FF]</label>
				<onclick>Skin.Setstring($PARAM[type],2962FF)</onclick>
				<icon>colors\2962FF.jpg</icon>
			</item>
			<item>
				<label>$NUMBER[B3E5FC]</label>
				<onclick>Skin.Setstring($PARAM[type],B3E5FC)</onclick>
				<icon>colors\B3E5FC.jpg</icon>
			</item>
			<item>
				<label>$NUMBER[81D4fA]</label>
				<onclick>Skin.Setstring($PARAM[type],81D4fA)</onclick>
				<icon>colors\81D4fA.jpg</icon>
			</item>
			<item>
				<label>$NUMBER[4fC3F7]</label>
				<onclick>Skin.Setstring($PARAM[type],4fC3F7)</onclick>
				<icon>colors\4fC3F7.jpg</icon>
			</item>
			<item>
				<label>$NUMBER[29B6FC]</label>
				<onclick>Skin.Setstring($PARAM[type],29B6FC)</onclick>
				<icon>colors\29B6FC.jpg</icon>
			</item>
			<item>
				<label>$NUMBER[03A9F4]</label>
				<onclick>Skin.Setstring($PARAM[type],03A9F4)</onclick>
				<icon>colors\03A9F4.jpg</icon>
			</item>
			<item>
				<label>$NUMBER[039BE5]</label>
				<onclick>Skin.Setstring($PARAM[type],039BE5)</onclick>
				<icon>colors\039BE5.jpg</icon>
			</item>
			<item>
				<label>$NUMBER[0288D1]</label>
				<onclick>Skin.Setstring($PARAM[type],0288D1)</onclick>
				<icon>colors\0288D1.jpg</icon>
			</item>
			<item>
				<label>$NUMBER[0277BD]</label>
				<onclick>Skin.Setstring($PARAM[type],0277BD)</onclick>
				<icon>colors\0277BD.jpg</icon>
			</item>
			<item>
				<label>$NUMBER[01579B]</label>
				<onclick>Skin.Setstring($PARAM[type],01579B)</onclick>
				<icon>colors\01579B.jpg</icon>
			</item>
			<item>
				<label>$NUMBER[80D8FF]</label>
				<onclick>Skin.Setstring($PARAM[type],80D8FF)</onclick>
				<icon>colors\80D8FF.jpg</icon>
			</item>
			<item>
				<label>$NUMBER[40C4FF]</label>
				<onclick>Skin.Setstring($PARAM[type],40C4FF)</onclick>
				<icon>colors\40C4FF.jpg</icon>
			</item>
			<item>
				<label>$NUMBER[00B0FF]</label>
				<onclick>Skin.Setstring($PARAM[type],00B0FF)</onclick>
				<icon>colors\00B0FF.jpg</icon>
			</item>
			<item>
				<label>$NUMBER[0091EA]</label>
				<onclick>Skin.Setstring($PARAM[type],0091EA)</onclick>
				<icon>colors\0091EA.jpg</icon>
			</item>
			<item>
				<label>$NUMBER[B2EBF2]</label>
				<onclick>Skin.Setstring($PARAM[type],B2EBF2)</onclick>
				<icon>colors\B2EBF2.jpg</icon>
			</item>
			<item>
				<label>$NUMBER[80DEEA]</label>
				<onclick>Skin.Setstring($PARAM[type],80DEEA)</onclick>
				<icon>colors\80DEEA.jpg</icon>
			</item>
			<item>
				<label>$NUMBER[4DD0E1]</label>
				<onclick>Skin.Setstring($PARAM[type],4DD0E1)</onclick>
				<icon>colors\4DD0E1.jpg</icon>
			</item>
			<item>
				<label>$NUMBER[26C6DA]</label>
				<onclick>Skin.Setstring($PARAM[type],26C6DA)</onclick>
				<icon>colors\26C6DA.jpg</icon>
			</item>
			<item>
				<label>$NUMBER[00BCD4]</label>
				<onclick>Skin.Setstring($PARAM[type],00BCD4)</onclick>
				<icon>colors\00BCD4.jpg</icon>
			</item>
			<item>
				<label>$NUMBER[00ACC1]</label>
				<onclick>Skin.Setstring($PARAM[type],00ACC1)</onclick>
				<icon>colors\00ACC1.jpg</icon>
			</item>
			<item>
				<label>$NUMBER[0097A7]</label>
				<onclick>Skin.Setstring($PARAM[type],0097A7)</onclick>
				<icon>colors\0097A7.jpg</icon>
			</item>
			<item>
				<label>$NUMBER[00838F]</label>
				<onclick>Skin.Setstring($PARAM[type],00838F)</onclick>
				<icon>colors\00838F.jpg</icon>
			</item>
			<item>
				<label>$NUMBER[006064]</label>
				<onclick>Skin.Setstring($PARAM[type],006064)</onclick>
				<icon>colors\006064.jpg</icon>
			</item>
			<item>
				<label>$NUMBER[84FFFF]</label>
				<onclick>Skin.Setstring($PARAM[type],84FFFF)</onclick>
				<icon>colors\84FFFF.jpg</icon>
			</item>
			<item>
				<label>$NUMBER[18FFFF]</label>
				<onclick>Skin.Setstring($PARAM[type],18FFFF)</onclick>
				<icon>colors\18FFFF.jpg</icon>
			</item>
			<item>
				<label>$NUMBER[00E5FF]</label>
				<onclick>Skin.Setstring($PARAM[type],00E5FF)</onclick>
				<icon>colors\00E5FF.jpg</icon>
			</item>
			<item>
				<label>$NUMBER[00B8D4]</label>
				<onclick>Skin.Setstring($PARAM[type],00B8D4)</onclick>
				<icon>colors\00B8D4.jpg</icon>
			</item>
			<item>
				<label>$NUMBER[B2DFDB]</label>
				<onclick>Skin.Setstring($PARAM[type],B2DFDB)</onclick>
				<icon>colors\B2DFDB.jpg</icon>
			</item>
			<item>
				<label>$NUMBER[80CBC4]</label>
				<onclick>Skin.Setstring($PARAM[type],80CBC4)</onclick>
				<icon>colors\80CBC4.jpg</icon>
			</item>
			<item>
				<label>$NUMBER[4DB6AC]</label>
				<onclick>Skin.Setstring($PARAM[type],4DB6AC)</onclick>
				<icon>colors\4DB6AC.jpg</icon>
			</item>
			<item>
				<label>$NUMBER[26A69A]</label>
				<onclick>Skin.Setstring($PARAM[type],26A69A)</onclick>
				<icon>colors\26A69A.jpg</icon>
			</item>
			<item>
				<label>$NUMBER[009688]</label>
				<onclick>Skin.Setstring($PARAM[type],009688)</onclick>
				<icon>colors\009688.jpg</icon>
			</item>
			<item>
				<label>$NUMBER[00897B]</label>
				<onclick>Skin.Setstring($PARAM[type],00897B)</onclick>
				<icon>colors\00897B.jpg</icon>
			</item>
			<item>
				<label>$NUMBER[00796B]</label>
				<onclick>Skin.Setstring($PARAM[type],00796B)</onclick>
				<icon>colors\00796B.jpg</icon>
			</item>
			<item>
				<label>$NUMBER[00695C]</label>
				<onclick>Skin.Setstring($PARAM[type],00695C)</onclick>
				<icon>colors\00695C.jpg</icon>
			</item>
			<item>
				<label>$NUMBER[004D40]</label>
				<onclick>Skin.Setstring($PARAM[type],004D40)</onclick>
				<icon>colors\004D40.jpg</icon>
			</item>
			<item>
				<label>$NUMBER[A7FFEB]</label>
				<onclick>Skin.Setstring($PARAM[type],A7FFEB)</onclick>
				<icon>colors\A7FFEB.jpg</icon>
			</item>
			<item>
				<label>$NUMBER[64FFDA]</label>
				<onclick>Skin.Setstring($PARAM[type],64FFDA)</onclick>
				<icon>colors\64FFDA.jpg</icon>
			</item>
			<item>
				<label>$NUMBER[1DE9B6]</label>
				<onclick>Skin.Setstring($PARAM[type],1DE9B6)</onclick>
				<icon>colors\1DE9B6.jpg</icon>
			</item>
			<item>
				<label>$NUMBER[00BFA5]</label>
				<onclick>Skin.Setstring($PARAM[type],00BFA5)</onclick>
				<icon>colors\00BFA5.jpg</icon>
			</item>
			<item>
				<label>$NUMBER[C8E6C9]</label>
				<onclick>Skin.Setstring($PARAM[type],C8E6C9)</onclick>
				<icon>colors\C8E6C9.jpg</icon>
			</item>
			<item>
				<label>$NUMBER[A5D6A7]</label>
				<onclick>Skin.Setstring($PARAM[type],A5D6A7)</onclick>
				<icon>colors\A5D6A7.jpg</icon>
			</item>
			<item>
				<label>$NUMBER[81C784]</label>
				<onclick>Skin.Setstring($PARAM[type],81C784)</onclick>
				<icon>colors\81C784.jpg</icon>
			</item>
			<item>
				<label>$NUMBER[66BB6A]</label>
				<onclick>Skin.Setstring($PARAM[type],66BB6A)</onclick>
				<icon>colors\66BB6A.jpg</icon>
			</item>
			<item>
				<label>$NUMBER[4CAF50]</label>
				<onclick>Skin.Setstring($PARAM[type],4CAF50)</onclick>
				<icon>colors\4CAF50.jpg</icon>
			</item>
			<item>
				<label>$NUMBER[43A047]</label>
				<onclick>Skin.Setstring($PARAM[type],43A047)</onclick>
				<icon>colors\43A047.jpg</icon>
			</item>
			<item>
				<label>$NUMBER[388E3C]</label>
				<onclick>Skin.Setstring($PARAM[type],388E3C)</onclick>
				<icon>colors\388E3C.jpg</icon>
			</item>
			<item>
				<label>$NUMBER[2E7D32]</label>
				<onclick>Skin.Setstring($PARAM[type],2E7D32)</onclick>
				<icon>colors\2E7D32.jpg</icon>
			</item>
			<item>
				<label>$NUMBER[1B5E20]</label>
				<onclick>Skin.Setstring($PARAM[type],1B5E20)</onclick>
				<icon>colors\1B5E20.jpg</icon>
			</item>
			<item>
				<label>$NUMBER[B9F6CA]</label>
				<onclick>Skin.Setstring($PARAM[type],B9F6CA)</onclick>
				<icon>colors\B9F6CA.jpg</icon>
			</item>
			<item>
				<label>$NUMBER[69F0AE]</label>
				<onclick>Skin.Setstring($PARAM[type],69F0AE)</onclick>
				<icon>colors\69F0AE.jpg</icon>
			</item>
			<item>
				<label>$NUMBER[00E676]</label>
				<onclick>Skin.Setstring($PARAM[type],00E676)</onclick>
				<icon>colors\00E676.jpg</icon>
			</item>
			<item>
				<label>$NUMBER[00C853]</label>
				<onclick>Skin.Setstring($PARAM[type],00C853)</onclick>
				<icon>colors\00C853.jpg</icon>
			</item>
			<item>
				<label>$NUMBER[DCEDC8]</label>
				<onclick>Skin.Setstring($PARAM[type],DCEDC8)</onclick>
				<icon>colors\DCEDC8.jpg</icon>
			</item>
			<item>
				<label>$NUMBER[C5E1A5]</label>
				<onclick>Skin.Setstring($PARAM[type],C5E1A5)</onclick>
				<icon>colors\C5E1A5.jpg</icon>
			</item>
			<item>
				<label>$NUMBER[AED581]</label>
				<onclick>Skin.Setstring($PARAM[type],AED581)</onclick>
				<icon>colors\AED581.jpg</icon>
			</item>
			<item>
				<label>$NUMBER[9CCC65]</label>
				<onclick>Skin.Setstring($PARAM[type],9CCC65)</onclick>
				<icon>colors\9CCC65.jpg</icon>
			</item>
			<item>
				<label>$NUMBER[8BC34A]</label>
				<onclick>Skin.Setstring($PARAM[type],8BC34A)</onclick>
				<icon>colors\8BC34A.jpg</icon>
			</item>
			<item>
				<label>$NUMBER[7CB342]</label>
				<onclick>Skin.Setstring($PARAM[type],7CB342)</onclick>
				<icon>colors\7CB342.jpg</icon>
			</item>
			<item>
				<label>$NUMBER[689F38]</label>
				<onclick>Skin.Setstring($PARAM[type],689F38)</onclick>
				<icon>colors\689F38.jpg</icon>
			</item>
			<item>
				<label>$NUMBER[558B2F]</label>
				<onclick>Skin.Setstring($PARAM[type],558B2F)</onclick>
				<icon>colors\558B2F.jpg</icon>
			</item>
			<item>
				<label>$NUMBER[33691E]</label>
				<onclick>Skin.Setstring($PARAM[type],33691E)</onclick>
				<icon>colors\33691E.jpg</icon>
			</item>
			<item>
				<label>$NUMBER[CCFF90]</label>
				<onclick>Skin.Setstring($PARAM[type],CCFF90)</onclick>
				<icon>colors\CCFF90.jpg</icon>
			</item>
			<item>
				<label>$NUMBER[B2FF59]</label>
				<onclick>Skin.Setstring($PARAM[type],B2FF59)</onclick>
				<icon>colors\B2FF59.jpg</icon>
			</item>
			<item>
				<label>$NUMBER[76FF03]</label>
				<onclick>Skin.Setstring($PARAM[type],76FF03)</onclick>
				<icon>colors\76FF03.jpg</icon>
			</item>
			<item>
				<label>$NUMBER[64DD17]</label>
				<onclick>Skin.Setstring($PARAM[type],64DD17)</onclick>
				<icon>colors\64DD17.jpg</icon>
			</item>
			<item>
				<label>$NUMBER[DCE775]</label>
				<onclick>Skin.Setstring($PARAM[type],DCE775)</onclick>
				<icon>colors\DCE775.jpg</icon>
			</item>
			<item>
				<label>$NUMBER[D4E157]</label>
				<onclick>Skin.Setstring($PARAM[type],D4E157)</onclick>
				<icon>colors\D4E157.jpg</icon>
			</item>
			<item>
				<label>$NUMBER[CDDC39]</label>
				<onclick>Skin.Setstring($PARAM[type],CDDC39)</onclick>
				<icon>colors\CDDC39.jpg</icon>
			</item>
			<item>
				<label>$NUMBER[C0CA33]</label>
				<onclick>Skin.Setstring($PARAM[type],C0CA33)</onclick>
				<icon>colors\C0CA33.jpg</icon>
			</item>
			<item>
				<label>$NUMBER[A4B42B]</label>
				<onclick>Skin.Setstring($PARAM[type],A4B42B)</onclick>
				<icon>colors\A4B42B.jpg</icon>
			</item>
			<item>
				<label>$NUMBER[9E9D24]</label>
				<onclick>Skin.Setstring($PARAM[type],9E9D24)</onclick>
				<icon>colors\9E9D24.jpg</icon>
			</item>
			<item>
				<label>$NUMBER[827717]</label>
				<onclick>Skin.Setstring($PARAM[type],827717)</onclick>
				<icon>colors\827717.jpg</icon>
			</item>
			<item>
				<label>$NUMBER[C6FF00]</label>
				<onclick>Skin.Setstring($PARAM[type],C6FF00)</onclick>
				<icon>colors\C6FF00.jpg</icon>
			</item>
			<item>
				<label>$NUMBER[AEEA00]</label>
				<onclick>Skin.Setstring($PARAM[type],AEEA00)</onclick>
				<icon>colors\AEEA00.jpg</icon>
			</item>
			<item>
				<label>$NUMBER[D84315]</label>
				<onclick>Skin.Setstring($PARAM[type],D84315)</onclick>
				<icon>colors\D84315.jpg</icon>
			</item>
			<item>
				<label>$NUMBER[BF360C]</label>
				<onclick>Skin.Setstring($PARAM[type],BF360C)</onclick>
				<icon>colors\BF360C.jpg</icon>
			</item>
			<item>
				<label>$NUMBER[DD2600]</label>
				<onclick>Skin.Setstring($PARAM[type],DD2600)</onclick>
				<icon>colors\DD2600.jpg</icon>
			</item>
			<item>
				<label>$NUMBER[D7CCC8]</label>
				<onclick>Skin.Setstring($PARAM[type],D7CCC8)</onclick>
				<icon>colors\D7CCC8.jpg</icon>
			</item>
			<item>
				<label>$NUMBER[BCAAA4]</label>
				<onclick>Skin.Setstring($PARAM[type],BCAAA4)</onclick>
				<icon>colors\BCAAA4.jpg</icon>
			</item>
			<item>
				<label>$NUMBER[A1887F]</label>
				<onclick>Skin.Setstring($PARAM[type],A1887F)</onclick>
				<icon>colors\A1887F.jpg</icon>
			</item>
			<item>
				<label>$NUMBER[8D6E63]</label>
				<onclick>Skin.Setstring($PARAM[type],8D6E63)</onclick>
				<icon>colors\8D6E63.jpg</icon>
			</item>
			<item>
				<label>$NUMBER[795548]</label>
				<onclick>Skin.Setstring($PARAM[type],795548)</onclick>
				<icon>colors\795548.jpg</icon>
			</item>
			<item>
				<label>$NUMBER[6D4C41]</label>
				<onclick>Skin.Setstring($PARAM[type],6D4C41)</onclick>
				<icon>colors\6D4C41.jpg</icon>
			</item>
			<item>
				<label>$NUMBER[5D4037]</label>
				<onclick>Skin.Setstring($PARAM[type],5D4037)</onclick>
				<icon>colors\5D4037.jpg</icon>
			</item>
			<item>
				<label>$NUMBER[4E342E]</label>
				<onclick>Skin.Setstring($PARAM[type],4E342E)</onclick>
				<icon>colors\4E342E.jpg</icon>
			</item>
			<item>
				<label>$NUMBER[3E2723]</label>
				<onclick>Skin.Setstring($PARAM[type],3E2723)</onclick>
				<icon>colors\3E2723.jpg</icon>
			</item>
			<item>
				<label>$NUMBER[BDBDBD]</label>
				<onclick>Skin.Setstring($PARAM[type],BDBDBD)</onclick>
				<icon>colors\BDBDBD.jpg</icon>
			</item>
			<item>
				<label>$NUMBER[9E9E9E]</label>
				<onclick>Skin.Setstring($PARAM[type],9E9E9E)</onclick>
				<icon>colors\9E9E9E.jpg</icon>
			</item>
			<item>
				<label>$NUMBER[757575]</label>
				<onclick>Skin.Setstring($PARAM[type],757575)</onclick>
				<icon>colors\757575.jpg</icon>
			</item>
			<item>
				<label>$NUMBER[616161]</label>
				<onclick>Skin.Setstring($PARAM[type],616161)</onclick>
				<icon>colors\616161.jpg</icon>
			</item>
			<item>
				<label>$NUMBER[424242]</label>
				<onclick>Skin.Setstring($PARAM[type],424242)</onclick>
				<icon>colors\424242.jpg</icon>
			</item>
			<item>
				<label>$NUMBER[212121]</label>
				<onclick>Skin.Setstring($PARAM[type],212121)</onclick>
				<icon>colors\212121.jpg</icon>
			</item>
			<item>
				<label>$NUMBER[000000]</label>
				<onclick>Skin.Setstring($PARAM[type],000000)</onclick>
				<icon>colors\000000.jpg</icon>
			</item>
			<item>
				<label>$NUMBER[CFD8DC]</label>
				<onclick>Skin.Setstring($PARAM[type],CFD8DC)</onclick>
				<icon>colors\CFD8DC.jpg</icon>
			</item>
			<item>
				<label>$NUMBER[B0BBC5]</label>
				<onclick>Skin.Setstring($PARAM[type],B0BBC5)</onclick>
				<icon>colors\B0BBC5.jpg</icon>
			</item>
			<item>
				<label>$NUMBER[90A4AE]</label>
				<onclick>Skin.Setstring($PARAM[type],90A4AE)</onclick>
				<icon>colors\90A4AE.jpg</icon>
			</item>
			<item>
				<label>$NUMBER[78909C]</label>
				<onclick>Skin.Setstring($PARAM[type],78909C)</onclick>
				<icon>colors\78909C.jpg</icon>
			</item>
			<item>
				<label>$NUMBER[607D8B]</label>
				<onclick>Skin.Setstring($PARAM[type],607D8B)</onclick>
				<icon>colors\607D8B.jpg</icon>
			</item>
			<item>
				<label>$NUMBER[546E7A]</label>
				<onclick>Skin.Setstring($PARAM[type],546E7A)</onclick>
				<icon>colors\546E7A.jpg</icon>
			</item>
			<item>
				<label>$NUMBER[455A64]</label>
				<onclick>Skin.Setstring($PARAM[type],455A64)</onclick>
				<icon>colors\455A64.jpg</icon>
			</item>
			<item>
				<label>$NUMBER[37474F]</label>
				<onclick>Skin.Setstring($PARAM[type],37474F)</onclick>
				<icon>colors\37474F.jpg</icon>
			</item>
			<item>
				<label>$NUMBER[263238]</label>
				<onclick>Skin.Setstring($PARAM[type],263238)</onclick>
				<icon>colors\263238.jpg</icon>
			</item>
		</definition>
	</include>
</includes>
