<?xml version="1.0" encoding="UTF-8"?>
<window>
	<defaultcontrol always="true">50</defaultcontrol>
	<backgroundcolor>$VAR[BackgroundColor]</backgroundcolor>
	<views>50</views>
	<menucontrol>3000</menucontrol>
    <onload>Dialog.Close(contextmenu)</onload>
    <onload>Dialog.Close(all,true)</onload>
	<onload>ActivateWindow(tvguide)</onload>
	<controls>
		<include>WindowBackgroundImage</include>
		<include>WindowBackgroundVideo</include>

		<control type="group">
			<control type="group">
				<control type="fixedlist" id="50">
					<left>0</left>
					<top>0</top>
					<right>918</right>
					<bottom>0</bottom>
					<movement>3</movement>
					<focusposition>5</focusposition>
					<scrolltime tween="cubic" easing="out">500</scrolltime>
					<orientation>vertical</orientation>
					<onleft>3000</onleft>
					<onright>73</onright>
					<onup>50</onup>
					<ondown>50</ondown>
					<viewtype label="List">list</viewtype>
					<preloaditems>1</preloaditems>
					<pagecontrol>73</pagecontrol>
					<itemlayout height="80">
						<control type="label">
							<left>50</left>
							<width>1000</width>
							<height>80</height>
							<font>Reg20</font>
							<align>left</align>
							<textcolor>$VAR[UnFocusedColor]</textcolor>
							<label>$VAR[ListLabelNF]</label>
						</control>
						<control type="label">
							<right>50</right>
							<width>500</width>
							<height>80</height>
							<font>Reg20</font>
							<align>right</align>
							<textcolor>$VAR[UnFocusedColor]</textcolor>
							<label>$INFO[ListItem.AddonVersion]</label>
						</control>
					</itemlayout>
					<focusedlayout height="80">
						<control type="image">
							<left>0</left>
							<height>80</height>
							<texture colordiffuse="$VAR[MaterialColor]" border="9">views/Card_bg_white.png</texture>
						</control>
						<control type="label">
							<left>50</left>
							<width>1000</width>
							<height>80</height>
							<font>Reg20</font>
							<align>left</align>
							<scroll>true</scroll>
							<textcolor>$VAR[White]</textcolor>
							<label>$VAR[ListLabelNF]</label>
						</control>
						<control type="label">
							<right>50</right>
							<width>500</width>
							<height>80</height>
							<font>Reg20</font>
							<align>right</align>
							<textcolor>$VAR[White]</textcolor>
							<label>$INFO[ListItem.AddonVersion]</label>
						</control>
					</focusedlayout>
					<focusedlayout height="90">
						<control type="image">
							<left>0</left>
							<top>0</top>
							<right>0</right>
							<bottom>0</bottom>
							<texture colordiffuse="button_focus">lists/focus.png</texture>
							<visible>Control.hasFocus(50)</visible>
						</control>
						<control type="image">
							<right>20</right>
							<top>10</top>
							<width>80</width>
							<height>70</height>
							<aspectratio align="right">keep</aspectratio>
							<texture>$INFO[listitem.icon]</texture>
						</control>
						<control type="progress">
							<left>105</left>
							<top>58</top>
							<width>50</width>
							<height>12</height>
							<midtexture border="3">progress/texturebg_white.png</midtexture>
							<visible>ListItem.HasEpg</visible>
							<info>ListItem.Progress</info>
						</control>
						<control type="image">
							<right>110</right>
							<top>25</top>
							<width>40</width>
							<height>40</height>
							<texture>$VAR[PVRStatusImageVar]</texture>
						</control>
						<control type="label">
							<left>105</left>
							<top>8</top>
							<height>90</height>
							<right>120</right>
							<aligny>top</aligny>
							<font>font14</font>
							<animation effect="slide" start="0,0" end="0,14" time="0" condition="String.IsEmpty(ListItem.Title)">Conditional</animation>
							<label>$INFO[ListItem.Label]</label>
							<shadowcolor>text_shadow</shadowcolor>
						</control>
						<control type="label">
							<left>165</left>
							<top>46</top>
							<height>90</height>
							<right>120</right>
							<aligny>top</aligny>
							<font>font12</font>
							<label>$INFO[ListItem.Title]</label>
							<shadowcolor>text_shadow</shadowcolor>
						</control>
						<control type="label">
							<left>10</left>
							<top>0</top>
							<height>90</height>
							<width>82</width>
							<align>center</align>
							<aligny>center</aligny>
							<font>font32_title</font>
							<label>$INFO[ListItem.ChannelNumberLabel]</label>
							<shadowcolor>text_shadow</shadowcolor>
						</control>
					</focusedlayout>
					<itemlayout height="90">
						<control type="image">
							<right>20</right>
							<top>10</top>
							<width>80</width>
							<height>70</height>
							<aspectratio align="right">keep</aspectratio>
							<texture>$INFO[listitem.icon]</texture>
						</control>
						<control type="progress">
							<left>105</left>
							<top>58</top>
							<width>50</width>
							<height>12</height>
							<colordiffuse>88FFFFFF</colordiffuse>
							<visible>ListItem.HasEpg</visible>
							<info>ListItem.Progress</info>
						</control>
						<control type="image">
							<right>110</right>
							<top>25</top>
							<width>40</width>
							<height>40</height>
							<texture>$VAR[PVRStatusImageVar]</texture>
						</control>
						<control type="label">
							<left>105</left>
							<top>8</top>
							<height>90</height>
							<right>120</right>
							<aligny>top</aligny>
							<font>font14</font>
							<label>$INFO[ListItem.Label]</label>
							<animation effect="slide" start="0,0" end="0,14" time="0" condition="String.IsEmpty(ListItem.Title)">Conditional</animation>
							<shadowcolor>text_shadow</shadowcolor>
						</control>
						<control type="label">
							<left>165</left>
							<top>46</top>
							<height>90</height>
							<right>120</right>
							<aligny>top</aligny>
							<font>font12</font>
							<label>$INFO[ListItem.Title]</label>
							<shadowcolor>text_shadow</shadowcolor>
							<textcolor>grey</textcolor>
						</control>
						<control type="label">
							<left>10</left>
							<top>0</top>
							<height>90</height>
							<width>82</width>
							<align>center</align>
							<aligny>center</aligny>
							<font>font32_title</font>
							<label>$INFO[ListItem.ChannelNumberLabel]</label>
							<textcolor>grey</textcolor>
							<shadowcolor>text_shadow</shadowcolor>
						</control>
					</itemlayout>
				</control>
			</control>
			<control type="group">
				<depth>DepthContentPanel</depth>
				<include>OpenClose_Right</include>
				<width>870</width>
				<right>0</right>
				<include content="ContentPanel">
					<param name="left" value="-72" />
					<param name="width" value="970" />
					<param name="top" value="-20" />
					<param name="flipx" value="true" />
				</include>
				<control type="scrollbar" id="73">
					<left>-50</left>
					<top>list_y_offset</top>
					<width>12</width>
					<bottom>list_y_offset</bottom>
					<onleft>50</onleft>
					<onright>50</onright>
					<orientation>vertical</orientation>
					<animation effect="zoom" start="100,100" end="50,100" center="-50,0" time="300" tween="sine" easing="inout" condition="!Control.HasFocus(73)">conditional</animation>
				</control>
				<include>PVRInfoPanel</include>
			</control>
			<include content="TopBar">
				<param name="breadcrumbs_label" value="$VAR[BreadcrumbsPVRChannelsVar]" />
			</include>
			<include content="BottomBar">
				<param name="info_visible" value="true" />
			</include>
			<control type="label">
				<right>20</right>
				<include>OpenClose_Right</include>
				<bottom>10</bottom>
				<width>850</width>
				<height>60</height>
				<visible>!String.isempty(ListItem.NextTitle)</visible>
				<label>[COLOR grey]$LOCALIZE[19031]:[/COLOR] $INFO[ListItem.NextStartTime]: $INFO[ListItem.NextTitle]</label>
				<shadowcolor>black</shadowcolor>
				<align>right</align>
				<aligny>center</aligny>
				<wrapmultiline>true</wrapmultiline>
				<font>font27</font>
			</control>
			<include>PVRChannelNumberInput</include>
			<include>MediaMenuMouseOverlay</include>
			<control type="group">
				<include>MediaMenuCommon</include>
				<include>PVRSideBar</include>
			</control>
		</control>
		<control type="label" id="29">
			<font></font>
			<include>HiddenObject</include>
		</control>
		<control type="label" id="30">
			<font></font>
			<include>HiddenObject</include>
		</control>

		<!-- Options -->
		<control type="image">
			<include>VisibleFadeAnimation</include>
			<include>FullscreenDimensions</include>
			<texture colordiffuse="$VAR[SecondaryColor]">views/white_70.png</texture>
			<visible>Control.HasFocus(3000)</visible>
		</control>
		<control type="fixedlist" id="3000">
			<centerleft>20%</centerleft>
			<centertop>40%</centertop>
			<width>500</width>
			<height>100%</height>
			<onup>50</onup>
			<ondown>50</ondown>
			<onback>50</onback>
			<onleft condition="String.IsEmpty(Container(3000).ListItem.Property(ActionLeft))">50</onleft>
			<onright condition="String.IsEmpty(Container(3000).ListItem.Property(ActionRight))">50</onright>
			<onleft condition="!String.IsEmpty(Container(3000).ListItem.Property(ActionLeft))">$INFO[Container(3000).ListItem.Property(ActionLeft)]</onleft>
			<onright condition="!String.IsEmpty(Container(3000).ListItem.Property(ActionRight))">$INFO[Container(3000).ListItem.Property(ActionRight)]</onright>
			<movement>6</movement>
			<focusposition>6</focusposition>
			<orientation>vertical</orientation>
			<defaultcontrol always="true">0</defaultcontrol>
			<scrolltime tween="sine" easing="inout">200</scrolltime>
			<visible allowhiddenfocus="true">Control.HasFocus(3000)</visible>
			<include>OptionsAnimation</include>
			<itemlayout width="500" height="100">
				<control type="image">
					<width>500</width>
					<height>100</height>
					<texture colordiffuse="$VAR[MaterialColor]" border="9">views/Card_bg_white.png</texture>
				</control>
				<control type="label">
					<width>500</width>
					<height>100</height>
					<font>Thin20</font>
					<alignx>center</alignx>
					<align>center</align>
					<textcolor>$VAR[White]</textcolor>
					<label>$INFO[ListItem.Label2]</label>
				</control>
			</itemlayout>
			<focusedlayout width="500" height="100">
				<control type="image">
					<width>500</width>
					<height>100</height>
					<texture colordiffuse="$VAR[SecondaryColor]" border="9">views/Card_bg_white.png</texture>
				</control>
				<control type="label">
					<width>500</width>
					<height>100</height>
					<font>Thin20</font>
					<alignx>center</alignx>
					<align>center</align>
					<textcolor>$VAR[TextColor]</textcolor>
					<label>$INFO[ListItem.Label]</label>
				</control>
			</focusedlayout>
			<content>
				<!-- Viewmode -->
				<item>
					<onclick>Container.NextViewMode</onclick>
					<label>‹ $LOCALIZE[31750] ›</label>
					<label2>$LOCALIZE[31750]</label2>
					<property name="ActionLeft">Container.PreviousViewMode</property>
					<property name="ActionRight">Container.NextViewMode</property>
					<visible>Control.IsVisible(50)</visible>
				</item>
				<item>
					<onclick>Container.NextViewMode</onclick>
					<label>‹ $LOCALIZE[31751] ›</label>
					<label2>$LOCALIZE[31751]</label2>
					<property name="ActionLeft">Container.PreviousViewMode</property>
					<property name="ActionRight">Container.NextViewMode</property>
					<visible>Control.IsVisible(51)</visible>
				</item>
				<!-- Options -->
				<item>
					<label>$LOCALIZE[4]</label>
					<label2>$LOCALIZE[4]</label2>
				    <onclick>Dialog.Close(contextmenu)</onclick>
				    <onclick>Dialog.Close(all,true)</onclick>
					<onclick>ActivateWindow(tvguide)</onclick>
				</item>
			</content>
		</control>

	</controls>
</window>
