<?xml version="1.0" encoding="UTF-8"?>
<window>
	<!-- Videos -->
	<backgroundcolor>$VAR[BackgroundColor]</backgroundcolor>
	<defaultcontrol always="true">50</defaultcontrol>
	<menucontrol>3000</menucontrol>
	<onload condition="System.HasAddon(script.tv.show.next.aired)">RunScript(script.tv.show.next.aired,backend=True)</onload>
	
	<onload condition="![String.Contains(Container.FolderPath,plugin://plugin.video.pluto)|String.Contains(Container.FolderPath,plugin://plugin.video.netflix)|String.Contains(Container.FolderPath,plugin://plugin.video.amazon-test)|String.Contains(Container.FolderPath,plugin://plugin.video.twitch)|String.Contains(Container.FolderPath,plugin://plugin.video.youtube)]">Skin.SetString(snapwindow, videos)</onload>
	<onload condition="![String.Contains(Container.FolderPath,plugin://plugin.video.pluto)|String.Contains(Container.FolderPath,plugin://plugin.video.netflix)|String.Contains(Container.FolderPath,plugin://plugin.video.amazon-test)|String.Contains(Container.FolderPath,plugin://plugin.video.twitch)|String.Contains(Container.FolderPath,plugin://plugin.video.youtube)]">Skin.SetString(snapico, home/snap/tv.jpg,0)</onload>
	<onunload condition="![String.Contains(Container.FolderPath,plugin://plugin.video.pluto)|String.Contains(Container.FolderPath,plugin://plugin.video.netflix)|String.Contains(Container.FolderPath,plugin://plugin.video.amazon-test)|String.Contains(Container.FolderPath,plugin://plugin.video.twitch)|String.Contains(Container.FolderPath,plugin://plugin.video.youtube)]">Skin.SetString(snapname, Movies & TV Shows)</onunload>

	<views>50,530,531,532,533,534,535,550,551,552</views>
	<controls>
		<!-- Hidden controls -->
		<control type="button" id="3">
			<include>HiddenControl</include>
		</control>
		<control type="togglebutton" id="4">
			<usealttexture>Container.SortDirection(Descending)</usealttexture>
			<include>HiddenControl</include>
		</control>
		<control type="button" id="8">
			<include>HiddenControl</include>
		</control>
		<control type="button" id="14">
			<include>HiddenControl</include>
		</control>
		<control type="edit" id="19">
			<include>HiddenControl</include>
		</control>
		<control type="togglebutton" id="20">
			<usealttexture>Library.IsScanningVideo</usealttexture>
			<include>HiddenControl</include>
		</control>

		<control type="group">
			<animation type="Conditional" condition="Window.IsActive(contextmenu)">
				<effect type="zoom" center="auto" start="100" end="95" time="200" tween="cubic" easing="out"/>
			</animation>
			<!-- Fanart -->
			<include>Fanart</include>
	        <!-- Now Playing Video -->
			<include>WindowBackgroundVideo</include>
		</control>


		<!-- Main group -->
		<control type="group">
			<include>WindowFadeAnimation</include>
			
			<!--> Views -->
			<include>Viewtype_50_List</include>
			<include>Viewtype_530_WallPoster</include>
			<include>Viewtype_531_ShowcasePoster</include>
			<include>Viewtype_532_WallLandscape</include>
			<include>Viewtype_533_WallLandscape_Fanart</include>
			<include>Viewtype_534_Episode</include>
			<include>Viewtype_535_RowPoster</include>
			<include>Viewtype_550_Youtube</include>
			<include>Viewtype_551_Netflix</include>
			<include>Viewtype_552_Pluto</include>
			<!-- Now Playing Music -->
			<include>PlayingMusicWindow</include>
			<!-- ScrollBars -->
			<include>ScrollBars</include>
		</control>
		<!-- Options -->
		<control type="image">
			<include>VisibleFadeAnimation</include>
			<include>FullscreenDimensions</include>
			<texture colordiffuse="$VAR[BackgroundColor]">views/white_70.png</texture>
			<visible>Control.HasFocus(3000)</visible>
		</control>
		<control type="fixedlist" id="3000">
			<centerleft>20%</centerleft>
			<centertop>40%</centertop>
			<width>500</width>
			<height>100%</height>
			<onup>50</onup>
			<ondown>50</ondown>
			<onback>50</onback>
			<onleft condition="String.IsEmpty(Container(3000).ListItem.Property(ActionLeft))">50</onleft>
			<onright condition="String.IsEmpty(Container(3000).ListItem.Property(ActionRight))">50</onright>
			<onleft condition="!String.IsEmpty(Container(3000).ListItem.Property(ActionLeft))">$INFO[Container(3000).ListItem.Property(ActionLeft)]</onleft>
			<onright condition="!String.IsEmpty(Container(3000).ListItem.Property(ActionRight))">$INFO[Container(3000).ListItem.Property(ActionRight)]</onright>
			<movement>6</movement>
			<focusposition>6</focusposition>
			<orientation>vertical</orientation>
			<defaultcontrol always="true">0</defaultcontrol>
			<scrolltime tween="sine" easing="inout">200</scrolltime>
			<visible allowhiddenfocus="true">Control.HasFocus(3000)</visible>
			<include>OptionsAnimation</include>
			<itemlayout width="500" height="100">
				<control type="image">
					<width>500</width>
					<height>100</height>
					<texture colordiffuse="$VAR[MaterialColor]" border="9">views/Card_bg_white.png</texture>
				</control>
				<control type="label">
					<width>500</width>
					<height>100</height>
					<font>Thin20</font>
					<alignx>center</alignx>
					<align>center</align>
					<textcolor>$VAR[White]</textcolor>
					<label>$INFO[ListItem.Label2]</label>
				</control>
			</itemlayout>
			<focusedlayout width="500" height="100">
				<control type="image">
					<width>500</width>
					<height>100</height>
					<texture colordiffuse="$VAR[SecondaryColor]" border="9">views/Card_bg_white.png</texture>
				</control>
				<control type="label">
					<width>500</width>
					<height>100</height>
					<font>Thin20</font>
					<alignx>center</alignx>
					<align>center</align>
					<textcolor>$VAR[TextColor]</textcolor>
					<label>$INFO[ListItem.Label]</label>
				</control>
			</focusedlayout>
			<content>
				<!-- Viewmode -->
				<item>
					<onclick>Container.NextViewMode</onclick>
					<label>‹ $LOCALIZE[535] ›</label>
					<label2>$LOCALIZE[535]</label2>
					<property name="ActionLeft">Container.PreviousViewMode</property>
					<property name="ActionRight">Container.NextViewMode</property>
					<visible>Control.IsVisible(50)</visible>
				</item>
				<item>
					<onclick>Container.NextViewMode</onclick>
					<label>‹ $LOCALIZE[31530] ›</label>
					<label2>$LOCALIZE[31530]</label2>
					<property name="ActionLeft">Container.PreviousViewMode</property>
					<property name="ActionRight">Container.NextViewMode</property>
					<visible>Control.IsVisible(530)</visible>
				</item>
				<item>
					<onclick>Container.NextViewMode</onclick>
					<label>‹ $LOCALIZE[31531] ›</label>
					<label2>$LOCALIZE[31531]</label2>
					<property name="ActionLeft">Container.PreviousViewMode</property>
					<property name="ActionRight">Container.NextViewMode</property>
					<visible>Control.IsVisible(531)</visible>
				</item>
				<item>
					<onclick>Container.NextViewMode</onclick>
					<label>‹ $LOCALIZE[31532] ›</label>
					<label2>$LOCALIZE[31532]</label2>
					<property name="ActionLeft">Container.PreviousViewMode</property>
					<property name="ActionRight">Container.NextViewMode</property>
					<visible>Control.IsVisible(532)</visible>
				</item>
				<item>
					<onclick>Container.NextViewMode</onclick>
					<label>‹ $LOCALIZE[31533] ›</label>
					<label2>$LOCALIZE[31533]</label2>
					<property name="ActionLeft">Container.PreviousViewMode</property>
					<property name="ActionRight">Container.NextViewMode</property>
					<visible>Control.IsVisible(533)</visible>
				</item>
				<item>
					<onclick>Container.NextViewMode</onclick>
					<label>‹ $LOCALIZE[31534] ›</label>
					<label2>$LOCALIZE[31534]</label2>
					<property name="ActionLeft">Container.PreviousViewMode</property>
					<property name="ActionRight">Container.NextViewMode</property>
					<visible>Control.IsVisible(534)</visible>
				</item>
				<item>
					<onclick>Container.NextViewMode</onclick>
					<label>‹ $LOCALIZE[31535] ›</label>
					<label2>$LOCALIZE[31535]</label2>
					<property name="ActionLeft">Container.PreviousViewMode</property>
					<property name="ActionRight">Container.NextViewMode</property>
					<visible>Control.IsVisible(535)</visible>
				</item>
				<item>
					<onclick>Container.NextViewMode</onclick>
					<label>‹ $LOCALIZE[31551] ›</label>
					<label2>$LOCALIZE[31551]</label2>
					<property name="ActionLeft">Container.PreviousViewMode</property>
					<property name="ActionRight">Container.NextViewMode</property>
					<visible>Control.IsVisible(551)</visible>
				</item>
				<!-- Sort -->
				<item>
					<onclick>Container.NextSortMethod</onclick>
					<label>‹ $LOCALIZE[551] ›</label>
					<label2>$LOCALIZE[551]</label2>
					<property name="ActionLeft">Container.PreviousSortMethod</property>
					<property name="ActionRight">Container.NextSortMethod</property>
					<visible>Control.IsEnabled(3) + String.Contains(Container.SortMethod,$LOCALIZE[551])</visible>
				</item>
				<item>
					<onclick>Container.NextSortMethod</onclick>
					<label>‹ $LOCALIZE[552] ›</label>
					<label2>$LOCALIZE[552]</label2>
					<property name="ActionLeft">Container.PreviousSortMethod</property>
					<property name="ActionRight">Container.NextSortMethod</property>
					<visible>Control.IsEnabled(3) + String.IsEqual(Container.SortMethod,$LOCALIZE[552])</visible>
				</item>
				<item>
					<onclick>Container.NextSortMethod</onclick>
					<label>‹ $LOCALIZE[553] ›</label>
					<label2>$LOCALIZE[553]</label2>
					<property name="ActionLeft">Container.PreviousSortMethod</property>
					<property name="ActionRight">Container.NextSortMethod</property>
					<visible>Control.IsEnabled(3) + String.Contains(Container.SortMethod,$LOCALIZE[553])</visible>
				</item>
				<item>
					<onclick>Container.NextSortMethod</onclick>
					<label>‹ $LOCALIZE[623] ›</label>
					<label2>$LOCALIZE[623]</label2>
					<property name="ActionLeft">Container.PreviousSortMethod</property>
					<property name="ActionRight">Container.NextSortMethod</property>
					<visible>Control.IsEnabled(3) + String.Contains(Container.SortMethod,$LOCALIZE[623])</visible>
				</item>
				<item>
					<onclick>Container.NextSortMethod</onclick>
					<label>‹ $LOCALIZE[564] ›</label>
					<label2>$LOCALIZE[564]</label2>
					<property name="ActionLeft">Container.PreviousSortMethod</property>
					<property name="ActionRight">Container.NextSortMethod</property>
					<visible>Control.IsEnabled(3) + String.Contains(Container.SortMethod,$LOCALIZE[564])</visible>
				</item>
				<item>
					<onclick>Container.NextSortMethod</onclick>
					<label>‹ $LOCALIZE[554] ›</label>
					<label2>$LOCALIZE[554]</label2>
					<property name="ActionLeft">Container.PreviousSortMethod</property>
					<property name="ActionRight">Container.NextSortMethod</property>
					<visible>Control.IsEnabled(3) + String.Contains(Container.SortMethod,$LOCALIZE[554])</visible>
				</item>
				<item>
					<onclick>Container.NextSortMethod</onclick>
					<label>‹ $LOCALIZE[20359] ›</label>
					<label2>$LOCALIZE[20359]</label2>
					<property name="ActionLeft">Container.PreviousSortMethod</property>
					<property name="ActionRight">Container.NextSortMethod</property>
					<visible>Control.IsEnabled(3) + String.IsEqual(Container.SortMethod,$LOCALIZE[20359])</visible>
				</item>
				<item>
					<onclick>Container.NextSortMethod</onclick>
					<label>‹ $LOCALIZE[180] ›</label>
					<label2>$LOCALIZE[180]</label2>
					<property name="ActionLeft">Container.PreviousSortMethod</property>
					<property name="ActionRight">Container.NextSortMethod</property>
					<visible>Control.IsEnabled(3) + String.Contains(Container.SortMethod,$LOCALIZE[180])</visible>
				</item>
				<item>
					<onclick>Container.NextSortMethod</onclick>
					<label>‹ $LOCALIZE[556] ›</label>
					<label2>$LOCALIZE[556]</label2>
					<property name="ActionLeft">Container.PreviousSortMethod</property>
					<property name="ActionRight">Container.NextSortMethod</property>
					<visible>Control.IsEnabled(3) + String.Contains(Container.SortMethod,$LOCALIZE[556])</visible>
				</item>
				<item>
					<onclick>Container.NextSortMethod</onclick>
					<label>‹ $LOCALIZE[557] ›</label>
					<label2>$LOCALIZE[557]</label2>
					<property name="ActionLeft">Container.PreviousSortMethod</property>
					<property name="ActionRight">Container.NextSortMethod</property>
					<visible>Control.IsEnabled(3) + String.Contains(Container.SortMethod,$LOCALIZE[557])</visible>
				</item>
				<item>
					<onclick>Container.NextSortMethod</onclick>
					<label>‹ $LOCALIZE[558] ›</label>
					<label2>$LOCALIZE[558]</label2>
					<property name="ActionLeft">Container.PreviousSortMethod</property>
					<property name="ActionRight">Container.NextSortMethod</property>
					<visible>Control.IsEnabled(3) + String.Contains(Container.SortMethod,$LOCALIZE[558])</visible>
				</item>
				<item>
					<onclick>Container.NextSortMethod</onclick>
					<label>‹ $LOCALIZE[515] ›</label>
					<label2>$LOCALIZE[515]</label2>
					<property name="ActionLeft">Container.PreviousSortMethod</property>
					<property name="ActionRight">Container.NextSortMethod</property>
					<visible>Control.IsEnabled(3) + String.Contains(Container.SortMethod,$LOCALIZE[515])</visible>
				</item>
				<item>
					<onclick>Container.NextSortMethod</onclick>
					<label>‹ $LOCALIZE[574] ›</label>
					<label2>$LOCALIZE[574]</label2>
					<property name="ActionLeft">Container.PreviousSortMethod</property>
					<property name="ActionRight">Container.NextSortMethod</property>
					<visible>Control.IsEnabled(3) + String.Contains(Container.SortMethod,$LOCALIZE[574])</visible>
				</item>
				<item>
					<onclick>Container.NextSortMethod</onclick>
					<label>‹ $LOCALIZE[570] ›</label>
					<label2>$LOCALIZE[570]</label2>
					<property name="ActionLeft">Container.PreviousSortMethod</property>
					<property name="ActionRight">Container.NextSortMethod</property>
					<visible>Control.IsEnabled(3) + String.Contains(Container.SortMethod,$LOCALIZE[570])</visible>
				</item>
				<item>
					<onclick>Container.NextSortMethod</onclick>
					<label>‹ $LOCALIZE[561] ›</label>
					<label2>$LOCALIZE[561]</label2>
					<property name="ActionLeft">Container.PreviousSortMethod</property>
					<property name="ActionRight">Container.NextSortMethod</property>
					<visible>Control.IsEnabled(3) + String.Contains(Container.SortMethod,$LOCALIZE[561])</visible>
				</item>
				<item>
					<onclick>Container.NextSortMethod</onclick>
					<label>‹ $LOCALIZE[563] ›</label>
					<label2>$LOCALIZE[563]</label2>
					<property name="ActionLeft">Container.PreviousSortMethod</property>
					<property name="ActionRight">Container.NextSortMethod</property>
					<visible>Control.IsEnabled(3) + String.IsEqual(Container.SortMethod,$LOCALIZE[563])</visible>
				</item>
				<item>
					<onclick>Container.NextSortMethod</onclick>
					<label>‹ $LOCALIZE[38018] ›</label>
					<label2>$LOCALIZE[38018]</label2>
					<property name="ActionLeft">Container.PreviousSortMethod</property>
					<property name="ActionRight">Container.NextSortMethod</property>
					<visible>Control.IsEnabled(3) + String.Contains(Container.SortMethod,$LOCALIZE[38018])</visible>
				</item>
				<item>
					<onclick>Container.NextSortMethod</onclick>
					<label>‹ $LOCALIZE[171] ›</label>
					<label2>$LOCALIZE[171]</label2>
					<property name="ActionLeft">Container.PreviousSortMethod</property>
					<property name="ActionRight">Container.NextSortMethod</property>
					<visible>Control.IsEnabled(3) + String.Contains(Container.SortMethod,$LOCALIZE[171])</visible>
				</item>
				<item>
					<onclick>Container.NextSortMethod</onclick>
					<label>‹ $LOCALIZE[562] ›</label>
					<label2>$LOCALIZE[562]</label2>
					<property name="ActionLeft">Container.PreviousSortMethod</property>
					<property name="ActionRight">Container.NextSortMethod</property>
					<visible>Control.IsEnabled(3) + String.Contains(Container.SortMethod,$LOCALIZE[562])</visible>
				</item>
				<item>
					<onclick>Container.NextSortMethod</onclick>
					<label>‹ $LOCALIZE[20368] ›</label>
					<label2>$LOCALIZE[20368]</label2>
					<property name="ActionLeft">Container.PreviousSortMethod</property>
					<property name="ActionRight">Container.NextSortMethod</property>
					<visible>Control.IsEnabled(3) + String.Contains(Container.SortMethod,$LOCALIZE[20368])</visible>
				</item>
				<item>
					<onclick>Container.NextSortMethod</onclick>
					<label>‹ $LOCALIZE[567] ›</label>
					<label2>$LOCALIZE[567]</label2>
					<property name="ActionLeft">Container.PreviousSortMethod</property>
					<property name="ActionRight">Container.NextSortMethod</property>
					<visible>Control.IsEnabled(3) + String.Contains(Container.SortMethod,$LOCALIZE[567])</visible>
				</item>
				<item>
					<onclick>Container.NextSortMethod</onclick>
					<label>‹ $LOCALIZE[559] ›</label>
					<label2>$LOCALIZE[559]</label2>
					<property name="ActionLeft">Container.PreviousSortMethod</property>
					<property name="ActionRight">Container.NextSortMethod</property>
					<visible>Control.IsEnabled(3) + String.Contains(Container.SortMethod,$LOCALIZE[559])</visible>
				</item>
				<item>
					<onclick>Container.NextSortMethod</onclick>
					<label>‹ $LOCALIZE[20074] ›</label>
					<label2>$LOCALIZE[20074]</label2>
					<property name="ActionLeft">Container.PreviousSortMethod</property>
					<property name="ActionRight">Container.NextSortMethod</property>
					<visible>Control.IsEnabled(3) + String.Contains(Container.SortMethod,$LOCALIZE[20074])</visible>
				</item>
				<item>
					<onclick>Container.NextSortMethod</onclick>
					<label>‹ $LOCALIZE[572] ›</label>
					<label2>$LOCALIZE[572]</label2>
					<property name="ActionLeft">Container.PreviousSortMethod</property>
					<property name="ActionRight">Container.NextSortMethod</property>
					<visible>Control.IsEnabled(3) + String.Contains(Container.SortMethod,$LOCALIZE[572])</visible>
				</item>
				<item>
					<onclick>Container.NextSortMethod</onclick>
					<label>‹ $LOCALIZE[573] ›</label>
					<label2>$LOCALIZE[573]</label2>
					<property name="ActionLeft">Container.PreviousSortMethod</property>
					<property name="ActionRight">Container.NextSortMethod</property>
					<visible>Control.IsEnabled(3) + String.Contains(Container.SortMethod,$LOCALIZE[573])</visible>
				</item>
				<item>
					<onclick>Container.NextSortMethod</onclick>
					<label>‹ $LOCALIZE[568] ›</label>
					<label2>$LOCALIZE[568]</label2>
					<property name="ActionLeft">Container.PreviousSortMethod</property>
					<property name="ActionRight">Container.NextSortMethod</property>
					<visible>Control.IsEnabled(3) + String.Contains(Container.SortMethod,$LOCALIZE[568])</visible>
				</item>
				<item>
					<onclick>Container.NextSortMethod</onclick>
					<label>‹ $LOCALIZE[20455] ›</label>
					<label2>$LOCALIZE[20455]</label2>
					<property name="ActionLeft">Container.PreviousSortMethod</property>
					<property name="ActionRight">Container.NextSortMethod</property>
					<visible>Control.IsEnabled(3) + String.Contains(Container.SortMethod,$LOCALIZE[20455])</visible>
				</item>
				<item>
					<onclick>Container.NextSortMethod</onclick>
					<label>‹ $LOCALIZE[19029] ›</label>
					<label2>$LOCALIZE[19029]</label2>
					<property name="ActionLeft">Container.PreviousSortMethod</property>
					<property name="ActionRight">Container.NextSortMethod</property>
					<visible>Control.IsEnabled(3) + String.Contains(Container.SortMethod,$LOCALIZE[19029])</visible>
				</item>
				<item>
					<onclick>Container.NextSortMethod</onclick>
					<label>‹ $LOCALIZE[549] ›</label>
					<label2>$LOCALIZE[549]</label2>
					<property name="ActionLeft">Container.PreviousSortMethod</property>
					<property name="ActionRight">Container.NextSortMethod</property>
					<visible>Control.IsEnabled(3) + String.Contains(Container.SortMethod,$LOCALIZE[549])</visible>
				</item>
				<item>
					<onclick>Container.NextSortMethod</onclick>
					<label>‹ $LOCALIZE[577] ›</label>
					<label2>$LOCALIZE[577]</label2>
					<property name="ActionLeft">Container.PreviousSortMethod</property>
					<property name="ActionRight">Container.NextSortMethod</property>
					<visible>Control.IsEnabled(3) + String.Contains(Container.SortMethod,$LOCALIZE[577])</visible>
				</item>
				<item>
					<onclick>Container.NextSortMethod</onclick>
					<label>‹ $LOCALIZE[16018] ›</label>
					<label2>$LOCALIZE[16018]</label2>
					<property name="ActionLeft">Container.PreviousSortMethod</property>
					<property name="ActionRight">Container.NextSortMethod</property>
					<visible>Control.IsEnabled(3) + String.Contains(Container.SortMethod,$LOCALIZE[16018])</visible>
				</item>
				<item>
					<onclick>Container.NextSortMethod</onclick>
					<label>‹ $LOCALIZE[205] ›</label>
					<label2>$LOCALIZE[205]</label2>
					<property name="ActionLeft">Container.PreviousSortMethod</property>
					<property name="ActionRight">Container.NextSortMethod</property>
					<visible>Control.IsEnabled(3) + String.Contains(Container.SortMethod,$LOCALIZE[205])</visible>
				</item>
				<item>
					<onclick>Container.NextSortMethod</onclick>
					<label>‹ $LOCALIZE[13409] ›</label>
					<label2>$LOCALIZE[13409]</label2>
					<property name="ActionLeft">Container.PreviousSortMethod</property>
					<property name="ActionRight">Container.NextSortMethod</property>
					<visible>Control.IsEnabled(3) + String.Contains(Container.SortMethod,$LOCALIZE[13409])</visible>
				</item>
				<item>
					<onclick>Container.NextSortMethod</onclick>
					<label>‹ $LOCALIZE[20364] ›</label>
					<label2>$LOCALIZE[20364]</label2>
					<property name="ActionLeft">Container.PreviousSortMethod</property>
					<property name="ActionRight">Container.NextSortMethod</property>
					<visible>Control.IsEnabled(3) + String.Contains(Container.SortMethod,$LOCALIZE[20364])</visible>
				</item>
				<item>
					<onclick>Container.NextSortMethod</onclick>
					<label>‹ $LOCALIZE[126] ›</label>
					<label2>$LOCALIZE[126]</label2>
					<property name="ActionLeft">Container.PreviousSortMethod</property>
					<property name="ActionRight">Container.NextSortMethod</property>
					<visible>Control.IsEnabled(3) + String.Contains(Container.SortMethod,$LOCALIZE[126])</visible>
				</item>
				<item>
					<onclick>Container.NextSortMethod</onclick>
					<label>‹ $LOCALIZE[20373] ›</label>
					<label2>$LOCALIZE[20373]</label2>
					<property name="ActionLeft">Container.PreviousSortMethod</property>
					<property name="ActionRight">Container.NextSortMethod</property>
					<visible>Control.IsEnabled(3) + String.Contains(Container.SortMethod,$LOCALIZE[20373])</visible>
				</item>
				<item>
					<onclick>Container.NextSortMethod</onclick>
					<label>‹ $LOCALIZE[20360] ›</label>
					<label2>$LOCALIZE[20360]</label2>
					<property name="ActionLeft">Container.PreviousSortMethod</property>
					<property name="ActionRight">Container.NextSortMethod</property>
					<visible>Control.IsEnabled(3) + String.Contains(Container.SortMethod,$LOCALIZE[20360])</visible>
				</item>
				<item>
					<onclick>Container.NextSortMethod</onclick>
					<label>‹ $LOCALIZE[21441] ›</label>
					<label2>$LOCALIZE[21441]</label2>
					<property name="ActionLeft">Container.PreviousSortMethod</property>
					<property name="ActionRight">Container.NextSortMethod</property>
					<visible>Control.IsEnabled(3) + String.Contains(Container.SortMethod,$LOCALIZE[21441])</visible>
				</item>
				<item>
					<onclick>Container.NextSortMethod</onclick>
					<label>‹ $LOCALIZE[21443] ›</label>
					<label2>$LOCALIZE[21443]</label2>
					<property name="ActionLeft">Container.PreviousSortMethod</property>
					<property name="ActionRight">Container.NextSortMethod</property>
					<visible>Control.IsEnabled(3) + String.Contains(Container.SortMethod,$LOCALIZE[21443])</visible>
				</item>
				<item>
					<onclick>Container.NextSortMethod</onclick>
					<label>‹ $LOCALIZE[21445] ›</label>
					<label2>$LOCALIZE[21445]</label2>
					<property name="ActionLeft">Container.PreviousSortMethod</property>
					<property name="ActionRight">Container.NextSortMethod</property>
					<visible>Control.IsEnabled(3) + String.Contains(Container.SortMethod,$LOCALIZE[21445])</visible>
				</item>
				<item>
					<onclick>Container.NextSortMethod</onclick>
					<label>‹ $LOCALIZE[21374] ›</label>
					<label2>$LOCALIZE[21374]</label2>
					<property name="ActionLeft">Container.PreviousSortMethod</property>
					<property name="ActionRight">Container.NextSortMethod</property>
					<visible>Control.IsEnabled(3) + String.Contains(Container.SortMethod,$LOCALIZE[21374])</visible>
				</item>
				<item>
					<onclick>Container.NextSortMethod</onclick>
					<label>‹ $LOCALIZE[21444] ›</label>
					<label2>$LOCALIZE[21444]</label2>
					<property name="ActionLeft">Container.PreviousSortMethod</property>
					<property name="ActionRight">Container.NextSortMethod</property>
					<visible>Control.IsEnabled(3) + String.Contains(Container.SortMethod,$LOCALIZE[21444])</visible>
				</item>
				<item>
					<onclick>Container.NextSortMethod</onclick>
					<label>‹ $LOCALIZE[21446] ›</label>
					<label2>$LOCALIZE[21446]</label2>
					<property name="ActionLeft">Container.PreviousSortMethod</property>
					<property name="ActionRight">Container.NextSortMethod</property>
					<visible>Control.IsEnabled(3) + String.Contains(Container.SortMethod,$LOCALIZE[21446])</visible>
				</item>
				<item>
					<onclick>Container.NextSortMethod</onclick>
					<label>‹ $LOCALIZE[21447] ›</label>
					<label2>$LOCALIZE[21447]</label2>
					<property name="ActionLeft">Container.PreviousSortMethod</property>
					<property name="ActionRight">Container.NextSortMethod</property>
					<visible>Control.IsEnabled(3) + String.Contains(Container.SortMethod,$LOCALIZE[21447])</visible>
				</item>
				<item>
					<onclick>Container.NextSortMethod</onclick>
					<label>‹ $LOCALIZE[21448] ›</label>
					<label2>$LOCALIZE[21448]</label2>
					<property name="ActionLeft">Container.PreviousSortMethod</property>
					<property name="ActionRight">Container.NextSortMethod</property>
					<visible>Control.IsEnabled(3) + String.Contains(Container.SortMethod,$LOCALIZE[21448])</visible>
				</item>
				<item>
					<onclick>Container.NextSortMethod</onclick>
					<label>‹ $LOCALIZE[590] ›</label>
					<label2>$LOCALIZE[590]</label2>
					<property name="ActionLeft">Container.PreviousSortMethod</property>
					<property name="ActionRight">Container.NextSortMethod</property>
					<visible>Control.IsEnabled(3) + String.Contains(Container.SortMethod,$LOCALIZE[590])</visible>
				</item>
				<!-- Order -->
				<item>
					<onclick>SendClick(4)</onclick>
					<label>‹ $LOCALIZE[584] ›</label>
					<label2>$LOCALIZE[584]</label2>
					<property name="ActionLeft">SendClick(4)</property>
					<property name="ActionRight">SendClick(4)</property>
					<visible>Control.IsEnabled(4) + Container.SortDirection(ascending)</visible>
				</item>
				<item>
					<onclick>SendClick(4)</onclick>
					<label>‹ $LOCALIZE[585] ›</label>
					<label2>$LOCALIZE[585]</label2>
					<property name="ActionLeft">SendClick(4)</property>
					<property name="ActionRight">SendClick(4)</property>
					<visible>Control.IsEnabled(4) + Container.SortDirection(descending)</visible>
				</item>
				<!-- Include Watched/All-->
				<item>
					<onclick>SendClick(14)</onclick>
					<label>‹ $LOCALIZE[16100] ›</label>
					<label2>$LOCALIZE[16100]</label2>
					<property name="ActionLeft">SendClick(14)</property>
					<property name="ActionRight">SendClick(14)</property>
					<visible>Control.IsEnabled(14) + !System.Setting(hidewatched)</visible>
				</item>
				<item>
					<onclick>SendClick(14)</onclick>
					<label>‹ $LOCALIZE[16101] ›</label>
					<label2>$LOCALIZE[16101]</label2>
					<property name="ActionLeft">SendClick(14)</property>
					<property name="ActionRight">SendClick(14)</property>
					<visible>Control.IsEnabled(14) + System.Setting(hidewatched)</visible>
				</item>
				<!-- Filter -->
				<item>
					<onclick>SetFocus(50)</onclick>
					<onclick condition="Container.CanFilter + !Container.CanFilterAdvanced">SetFocus(19)</onclick>
					<onclick condition="Container.CanFilter + !Container.CanFilterAdvanced">Select</onclick>
					<onclick condition="Container.CanFilter + !Container.CanFilterAdvanced">SetFocus(50)</onclick>
					<onclick condition="Container.CanFilterAdvanced">Filter</onclick>
					<label>587</label>
					<label2>587</label2>
					<visible>Container.CanFilter | Container.CanFilterAdvanced</visible>
				</item>
				<!-- Search -->
				<item>
					<onclick>SetFocus(50)</onclick>
					<onclick>SendClick(8)</onclick>
					<label>137</label>
					<label2>137</label2>
					<visible>Control.IsEnabled(8)</visible>
				</item>
				<!-- Update library -->
				<item>
					<onclick>SetFocus(50)</onclick>
					<onclick>SendClick(20)</onclick>
					<label>$LOCALIZE[653]</label>
					<label2>$LOCALIZE[653]</label2>
					<visible>Control.IsEnabled(20) + !Library.IsScanningVideo</visible>
				</item>
				<!-- Cancel update -->
				<item>
					<onclick>SetFocus(50)</onclick>
					<onclick>SendClick(20)</onclick>
					<label>$LOCALIZE[13353]</label>
					<label2>$LOCALIZE[13353]</label2>
					<visible>Control.IsEnabled(20) + Library.IsScanningVideo</visible>
				</item>
				<!-- Current playlist -->
				<item>
					<onclick>SetFocus(50)</onclick>
					<onclick>ActivateWindow(videoplaylist)</onclick>
					<label>$LOCALIZE[13350]</label>
					<label2>$LOCALIZE[13350]</label2>
					<visible>!String.Contains(Playlist.Length(video),0)</visible>
				</item>
			</content>
		</control>
		<!--> Logo <!-->
		<include>Logo</include>
	</controls>
</window>