<?xml version="1.0" encoding="UTF-8"?>
<addon id="skin.pcxl.nightly" version="1.5.5.1" name="PCX L Nightly" provider-name="Cubed3">
	<requires>
		<import addon="xbmc.gui" version="5.13.0"/>
        <import addon="script.globalsearch" version="4.0.2" />
        <import addon="script.favourites" version="6.0.1" />
	</requires>
	<extension point="xbmc.gui.skin" effectslowdown="1.00" debugging="false">
		<res width="1920" height="1080" aspect="16:9" default="true" folder="16x9" />
	</extension>
	<extension point="xbmc.addon.metadata">
		<platform>all</platform>
		<assets>
			<icon>icon.png</icon>
			<fanart>fanart.jpg</fanart>
		</assets>
		<summary lang="en">For Leia</summary>
		<disclaimer lang="en">Nightly Build</disclaimer>		
		<description lang="en">A Skin for Kodi Leia featuring UI from both concepts and other apps</description>
	</extension>
</addon>