<?xml version="1.0" encoding="UTF-8"?>
<window>
	<!-- favourites -->
	<defaultcontrol always="true">450</defaultcontrol>
	<include>DialogZoomAnimation</include>
	<onload>Skin.SetString(snapwindow, favourites)</onload>
	<onload>Skin.SetString(snapico, home/snap/pins.jpg,0)</onload>
	<onload>Skin.SetString(snapname,My pins)</onload>

	<controls>

		<!-- Background -->
		<include>DialogBackgroundImage</include>
		<include>DialogZoomAnimation</include>

		<!-- Heading -->
		<control type="label">
			<left>150</left>
			<top>96</top>
			<width>1620</width>
			<height>72</height>
			<font>Font72</font>
			<label>1036</label>
		</control>

		<control type="label">
			<left>150</left>
			<top>175</top>
			<width>100%</width>
			<height>70</height>
			<font>Home</font>
			<align>Left</align>
			<textcolor>$VAR[UnFocusedColor]</textcolor>
			<label>$VAR[ConsoleName]</label>
		</control>

		<control type="image">
			<centerleft>50%</centerleft>
			<bottom>0</bottom>
			<width>80%</width>
			<height>50%</height>
			<aspectratio>scale</aspectratio>
			<texture colordiffuse="$VAR[MaterialColorDark]" border="9">views/Card_bg_white.png</texture>
			<animation type="WindowOpen">
				<effect type="slide" start="0,1000" end="0" center="auto" tween="Cubic" easing="inout" time="600"/>
			</animation>
			<animation type="WindowClose">
				<effect type="slide" start="0" end="0,1000" center="auto" tween="Cubic" easing="inout" time="600"/>
			</animation>
		</control>

		<!-- List -->
		<control type="list" id="450">
			<centerleft>50%</centerleft>
			<bottom>0</bottom>
			<width>80%</width>
			<height>50%</height>
			<focusposition>-1</focusposition>
			<movement>5</movement>
			<orientation>vertical</orientation>
			<viewtype>list</viewtype>
			<scrolltime tween="sine" easing="inout">240</scrolltime>
			<itemlayout height="80">
				<control type="label">
					<left>50</left>
					<width>1000</width>
					<height>80</height>
					<font>Reg20</font>
					<align>left</align>
					<textcolor>$VAR[UnFocusedColor]</textcolor>
					<label>$VAR[ListLabelNF]</label>
				</control>
				<control type="label">
					<right>50</right>
					<width>500</width>
					<height>80</height>
					<font>Reg20</font>
					<align>right</align>
					<textcolor>$VAR[UnFocusedColor]</textcolor>
					<label>$INFO[ListItem.AddonVersion]</label>
				</control>
			</itemlayout>
			<focusedlayout height="80">
				<control type="image">
					<left>0</left>
					<height>80</height>
					<texture colordiffuse="$VAR[MaterialColor]" border="9">views/Card_bg_white.png</texture>
				</control>
				<control type="label">
					<left>50</left>
					<width>1000</width>
					<height>80</height>
					<font>Reg20</font>
					<align>left</align>
					<scroll>true</scroll>
					<textcolor>$VAR[White]</textcolor>
					<label>$VAR[ListLabelNF]</label>
				</control>
				<control type="label">
					<right>50</right>
					<width>500</width>
					<height>80</height>
					<font>Reg20</font>
					<align>right</align>
					<textcolor>$VAR[White]</textcolor>
					<label>$INFO[ListItem.AddonVersion]</label>
				</control>
			</focusedlayout>
		</control>

	</controls>
</window>