<includes>

	<include name="COTWBack">
		<!-- Visualisation -->
		<control type="image">
			<width>200%</width>
			<height>200%</height>
			<centerleft>50%</centerleft>
			<bottom>-500</bottom>
			<aspectratio>keep</aspectratio>
			<animation type="conditional" condition="Player.Playing + Skin.HasSetting(enableAnimation)" reversible="true" pulse="true">
				<effect type="slide" start="0,0" end="0,-600" center="auto" tween="Cubic" easing="inout" time="30000"/>
				<effect type="slide" start="0,0" end="0,600" center="auto" tween="Cubic" easing="inout" delay="30000" time="30000"/>
			</animation>
			<animation type="conditional" condition="Player.Playing + Skin.HasSetting(enableAnimation)" reversible="true" pulse="true">
				<effect type="zoom" start="100" end="110" center="auto" tween="Cubic" easing="inout" time="10000"/>
				<effect type="zoom" start="110" end="100" center="auto" tween="Cubic" easing="inout" delay="10000" time="10000"/>
			</animation>
			<texture>$INFO[MusicPlayer.Cover]</texture>
		</control>
		<control type="image">
			<include>FullscreenDimensions</include>
			<colordiffuse>ff999999</colordiffuse>
			<texture>$INFO[Player.Art(fanart)]</texture>
			<visible>System.HasAddon(script.artistslideshow) + Skin.HasSetting(artistslideshow)</visible>
		</control>
		<control type="visualisation" id="2">
			<include>FullscreenDimensions</include>
			<visible>Player.HasAudio</visible>
		</control>
	</include>	

	<include name="FMBack">
		<!-- Visualisation -->
		<control type="multiimage">
			<description>My first slideshow control</description>
			<include>FullscreenDimensions</include>
			<imagepath>$INFO[Skin.String(backgroundslideshow)]</imagepath>
			<timeperimage>100000</timeperimage>
			<fadetime>2000</fadetime>
			<randomize>true</randomize>
			<loop>yes</loop>
			<aspectratio>scale</aspectratio>
			<visible>true</visible>
		</control>
		<control type="multiimage">
			<description>My first slideshow control</description>
			<include>FullscreenDimensions</include>
			<imagepath>special://skin/extras/wallpapers</imagepath>
			<timeperimage>100000</timeperimage>
			<colordiffuse>$VAR[BackgroundColor2]</colordiffuse>
			<fadetime>2000</fadetime>
			<randomize>true</randomize>
			<loop>yes</loop>
			<aspectratio>scale</aspectratio>
			<visible>false</visible>
		</control>
		<control type="image">
			<include>FullscreenDimensions</include>
			<colordiffuse>ff999999</colordiffuse>
			<texture>$INFO[Player.Art(fanart)]</texture>
			<visible>System.HasAddon(script.artistslideshow) + Skin.HasSetting(artistslideshow)</visible>
		</control>
		<control type="visualisation" id="2">
			<include>FullscreenDimensions</include>
			<visible>Player.HasAudio</visible>
		</control>
	</include>

	<include name="ArtBack">
		<control type="image">
			<include>FullscreenDimensions</include>
			<texture colordiffuse="$VAR[BackgroundColor2]">$INFO[Skin.String(backgroundimage)]</texture>
			<aspectratio>scale</aspectratio>
			<visible>Skin.HasSetting(backgroundcolor)</visible>
		</control>
		<control type="image">
			<include>FullscreenDimensions</include>
			<texture>$INFO[Skin.String(backgroundimage)]</texture>
			<visible>!Skin.HasSetting(backgroundcolor)</visible>
		</control>
		<control type="image">
			<include>FullscreenDimensions</include>
			<colordiffuse>ff999999</colordiffuse>
			<texture>$INFO[Player.Art(fanart)]</texture>
			<visible>System.HasAddon(script.artistslideshow) + Skin.HasSetting(artistslideshow)</visible>
		</control>
	</include>

	<include name="1">
		<control type="image">
			<texture colordiffuse="$VAR[Black]">views/white_50.png</texture>
		</control>

		<control type="group">
			<control type="image">
				<centertop>40%</centertop>
				<centerleft>50%</centerleft>
				<width>500</width>
				<height>500</height>
				<texture>$INFO[MusicPlayer.Cover]</texture>
			</control>

			<control type="label">
				<centertop>70%</centertop>
				<width>100%</width>
				<height>90</height>
				<font>Reg30</font>
				<align>center</align>
				<textcolor>$VAR[FocusedColor]</textcolor>
				<label>$INFO[MusicPlayer.Title]</label>
			</control>

			<control type="label">
				<centertop>73%</centertop>
				<width>100%</width>
				<height>90</height>
				<font>LightReg3030</font>
				<align>center</align>
				<textcolor>$VAR[UnFocusedColor]</textcolor>
				<label>$INFO[MusicPlayer.Artist]</label>
			</control>
		</control>
	</include>

	<include name="2">
		<control type="group">

			<control type="image">
				<texture colordiffuse="$VAR[Black]">views/white_50.png</texture>
			</control>

			<control type="group">
				<animation type="WindowOpen">
					<effect type="slide" start="-1500,0" end="0" center="auto" tween="sine" easing="inout" time="500"/>
				</animation>
				<animation type="WindowClose">
					<effect type="slide" start="0" end="-1500,0" center="auto" tween="sine" easing="inout" time="500"/>
				</animation>
				<control type="image">
					<centertop>50%</centertop>
					<centerleft>40%</centerleft>
					<width>500</width>
					<height>500</height>
					<texture colordiffuse="$VAR[DarkFade]">views/white_100.png</texture>
				</control>
				<control type="image">
					<centertop>50%</centertop>
					<centerleft>40%</centerleft>
					<width>500</width>
					<height>500</height>
					<texture>$INFO[MusicPlayer.Cover]</texture>
				</control>
			</control>
		</control>
		<control type="group">	
			<animation effect="slide" start="0,1500" end="0,0" tween="sine" easing="inout" time="800">WindowOpen</animation>
			<animation effect="slide" start="0,0" end="0,1500" tween="sine" easing="inout" time="800">WindowClose</animation>
			
			<control type="label">
				<top>50</top>
				<centerleft>75%</centerleft>
				<width>800</width>
				<height>500</height>
				<font>Light20</font>
				<align>left</align>
				<textcolor>$VAR[UnFocusedColor]</textcolor>
				<label>$INFO[MusicPlayer.offset(1).TrackNumber]</label>
			</control>

			<control type="label">
				<top>50</top>
				<centerleft>78%</centerleft>
				<width>800</width>
				<height>500</height>
				<font>Light20</font>
				<align>left</align>
				<textcolor>$VAR[UnFocusedColor]</textcolor>
				<label>$INFO[MusicPlayer.offset(1).Artist] - $INFO[MusicPlayer.offset(1).Title]</label>
			</control>

			<control type="fixedlist">
				<centertop>50%</centertop>
				<centerleft>78%</centerleft>
				<width>800</width>
				<height>500</height>
				<movement>4</movement>
				<focusposition>0</focusposition>
				<scrolltime tween="sine" easing="inout">400</scrolltime>			
				<animation effect="slide" start="0,1500" end="0,0" tween="sine" easing="inout" time="800">WindowOpen</animation>
				<animation effect="slide" start="0,0" end="0,1500" tween="sine" easing="inout" time="800">WindowClose</animation>
				<itemlayout width="800" height="30">
					<control type="group">
						<top>0</top>
						<control type="label">
							<top>0</top>
							<width>800</width>
							<font>Light20</font>
							<align>left</align>
							<textcolor>$VAR[UnFocusedColor]</textcolor>
							<label>$INFO[ListItem.label]</label>
						</control>
					</control>
				</itemlayout>
				<focusedlayout width="800" height="50">
					<control type="group">
						<top>0</top>
						<control type="label">
							<width>800</width>
							<height>80</height>
							<font>Reg30</font>
							<aligny>center</aligny>
							<textcolor>$VAR[FocusedColor]</textcolor>
							<label>$INFO[ListItem.label]</label>
						</control>
						<control type="label">
							<width>800</width>
							<height>125</height>
							<font>Reg15</font>
							<aligny>center</aligny>
							<textcolor>$VAR[UnFocusedColor]</textcolor>
							<label>$INFO[ListItem.label2]</label>
						</control>
					</control>
				</focusedlayout>
				<content>
					<item>
						<label>$INFO[MusicPlayer.offset(0).Artist] - $INFO[MusicPlayer.offset(0).Title]</label>
						<label2>$INFO[MusicPlayer.offset(0).Album]</label2>
					</item>
					<item>
						<label>$INFO[MusicPlayer.offset(-1).Artist] - $INFO[MusicPlayer.offset(-1).Title]</label>
					</item>
					<item>
						<label>$INFO[MusicPlayer.offset(-2).Artist] - $INFO[MusicPlayer.offset(-2).Title]</label>
					</item>
					<item>
						<label>$INFO[MusicPlayer.offset(-3).Artist] - $INFO[MusicPlayer.offset(-3).Title]</label>
					</item>
					<item>
						<label>$INFO[MusicPlayer.offset(-4).Artist] - $INFO[MusicPlayer.offset(-4).Title]</label>
					</item>
					<item>
						<label>$INFO[MusicPlayer.offset(-5).Artist] - $INFO[MusicPlayer.offset(-5).Title]</label>
					</item>
					<item>
						<label>$INFO[MusicPlayer.offset(-6).Artist] - $INFO[MusicPlayer.offset(-6).Title]</label>
					</item>
					<item>
						<label>$INFO[MusicPlayer.offset(-7).Artist] - $INFO[MusicPlayer.offset(-7).Title]</label>
					</item>
					<item>
						<label>$INFO[MusicPlayer.offset(-8).Artist] - $INFO[MusicPlayer.offset(-8).Title]</label>
					</item>
					<item>
						<label>$INFO[MusicPlayer.offset(-9).Artist] - $INFO[MusicPlayer.offset(-9).Title]</label>
					</item>
					<item>
						<label>$INFO[MusicPlayer.offset(-10).Artist] - $INFO[MusicPlayer.offset(-10).Title]</label>
					</item>
					<item>
						<label>$INFO[MusicPlayer.offset(-11).Artist] - $INFO[MusicPlayer.offset(-11).Title]</label>
					</item>
					<item>
						<label>$INFO[MusicPlayer.offset(-12).Artist] - $INFO[MusicPlayer.offset(-12).Title]</label>
					</item>
					<item>
						<label>$INFO[MusicPlayer.offset(-13).Artist] - $INFO[MusicPlayer.offset(-14).Title]</label>
					</item>
					<item>
						<label>$INFO[MusicPlayer.offset(-15).Artist] - $INFO[MusicPlayer.offset(-15).Title]</label>
					</item>
					<item>
						<label>$INFO[MusicPlayer.offset(-16).Artist] - $INFO[MusicPlayer.offset(-16).Title]</label>
					</item>
					<item>
						<label>$INFO[MusicPlayer.offset(-17).Artist] - $INFO[MusicPlayer.offset(-17).Title]</label>
					</item>
					<item>
						<label>$INFO[MusicPlayer.offset(-18).Artist] - $INFO[MusicPlayer.offset(-18).Title]</label>
					</item>
					<item>
						<label>$INFO[MusicPlayer.offset(-19).Artist] - $INFO[MusicPlayer.offset(-19).Title]</label>
					</item>
				</content>
			</control>

			<control type="fixedlist">
				<centertop>50%</centertop>
				<centerleft>75%</centerleft>
				<width>800</width>
				<height>500</height>
				<movement>4</movement>
				<focusposition>0</focusposition>
				<itemlayout width="800" height="30">
					<control type="group">
						<top>0</top>
						<control type="label">
							<top>0</top>
							<width>800</width>
							<font>Light20</font>
							<align>left</align>
							<textcolor>$VAR[UnFocusedColor]</textcolor>
							<label>$INFO[ListItem.label]</label>
						</control>
					</control>
				</itemlayout>
				<focusedlayout width="800" height="50">
					<control type="group">
						<top>0</top>
						<control type="label">
							<width>800</width>
							<height>90</height>
							<font>Reg30</font>
							<aligny>center</aligny>
							<textcolor>$VAR[FocusedColor]</textcolor>
							<label>$INFO[ListItem.label]</label>
						</control>
					</control>
				</focusedlayout>
				<content>
					<item>
						<label>$INFO[MusicPlayer.offset(0).TrackNumber]</label>
					</item>
					<item>
						<label>$INFO[MusicPlayer.offset(-1).TrackNumber]</label>
					</item>
					<item>
						<label>$INFO[MusicPlayer.offset(-2).TrackNumber]</label>
					</item>
					<item>
						<label>$INFO[MusicPlayer.offset(-3).TrackNumber]</label>
					</item>
					<item>
						<label>$INFO[MusicPlayer.offset(-4).TrackNumber]</label>
					</item>
					<item>
						<label>$INFO[MusicPlayer.offset(-5).TrackNumber]</label>
					</item>
					<item>
						<label>$INFO[MusicPlayer.offset(-6).TrackNumber]</label>
					</item>
					<item>
						<label>$INFO[MusicPlayer.offset(-7).TrackNumber]</label>
					</item>
					<item>
						<label>$INFO[MusicPlayer.offset(-8).TrackNumber]</label>
					</item>
					<item>
						<label>$INFO[MusicPlayer.offset(-9).TrackNumber]</label>
					</item>
					<item>
						<label>$INFO[MusicPlayer.offset(-10).TrackNumber]</label>
					</item>
					<item>
						<label>$INFO[MusicPlayer.offset(-11).TrackNumber]</label>
					</item>
					<item>
						<label>$INFO[MusicPlayer.offset(-12).TrackNumber]</label>
					</item>
					<item>
						<label>$INFO[MusicPlayer.offset(-13).TrackNumber]</label>
					</item>
					<item>
						<label>$INFO[MusicPlayer.offset(-14).TrackNumber]</label>
					</item>
					<item>
						<label>$INFO[MusicPlayer.offset(-15).TrackNumber]</label>
					</item>
					<item>
						<label>$INFO[MusicPlayer.offset(-16).TrackNumber]</label>
					</item>
					<item>
						<label>$INFO[MusicPlayer.offset(-17).TrackNumber]</label>
					</item>
					<item>
						<label>$INFO[MusicPlayer.offset(-18).TrackNumber]</label>
					</item>
					<item>
						<label>$INFO[MusicPlayer.offset(-19).TrackNumber]</label>
					</item>
				</content>
			</control>
		</control>		
	</include>

	<include name="COTW">
		<control type="image">
			<include>FullscreenDimensions</include>
			<aspectratio>stretch</aspectratio>
			<texture>views\vignette.png</texture>
		</control>

		<control type="group">
			<left>43</left>
			<top>840</top>	
			<control type="group">
				<control type="label">
					<top>-5</top>
					<width>1820</width>
					<font>McatAlCotw</font>
					<animation effect="slide" start="0,500" end="0,0" tween="back" easing="inout" time="800">WindowOpen</animation>
					<animation effect="slide" start="0,0" end="0,500" tween="back" easing="inout" time="800">WindowClose</animation>
					<animation effect="slide" start="0,500" end="0,0" tween="back" easing="inout" time="800" condition="!String.Contains(MusicPlayer.Time,00:00)">Conditional</animation>
					<textcolor>$VAR[SecondaryColor]</textcolor>
					<label>$INFO[MusicPlayer.Album]</label>
				</control>
				<control type="label">
					<top>50</top>
					<width>1820</width>
					<animation effect="slide" start="0,500" end="0,0" tween="back" easing="inout" time="600">WindowOpen</animation>
					<animation effect="slide" start="0,0" end="0,500" tween="back" easing="inout" time="600">WindowClose</animation>
					<animation effect="slide" start="0,500" end="0,0" tween="back" easing="inout" time="600" condition="!String.Contains(MusicPlayer.Time,00:00)">Conditional</animation>
					<font>McatACotw</font>
					<textcolor>$VAR[TextColor]</textcolor>
					<label>$INFO[MusicPlayer.Artist]</label>
				</control>
				<control type="label">
					<top>120</top>
					<width>1820</width>
					<font>McatTCotw</font>
					<animation effect="slide" start="0,500" end="0,0" tween="back" easing="inout" time="400">WindowOpen</animation>
					<animation effect="slide" start="0,0" end="0,500" tween="back" easing="inout" time="400">WindowClose</animation>
					<animation effect="slide" start="0,500" end="0,0" tween="back" easing="inout" time="400" condition="!String.Contains(MusicPlayer.Time,00:00)">Conditional</animation>
					<textcolor>$VAR[TextColor]</textcolor>
					<label>$INFO[MusicPlayer.Title]</label>
				</control>
			</control>
		</control>
	</include>

	<include name="FM">
		<control type="image">
			<include>FullscreenDimensions</include>
			<texture colordiffuse="$VAR[BackgroundColor]">views/white_70.png</texture>
		</control>

		<control type="group">
			<left>40</left>
			<top>850</top>
			<animation type="WindowOpen">
				<effect type="slide" start="-1000,0" end="0" center="auto" tween="Cubic" easing="out" time="500"/>
			</animation>
			<animation type="WindowClose">
				<effect type="slide" start="0" end="-1900,0" center="auto" tween="Cubic" easing="out" time="300"/>
			</animation>
			<animation type="Conditional" condition="!String.Contains(MusicPlayer.Time,00:00)">
				<effect type="slide" start="-2000,0" end="0" tween="Cubic" easing="inout" time="500"/>
				<effect type="fade" start="0" end="100" time="100"/>
			</animation>
			<control type="image">
				<width>180</width>
				<height>180</height>
				<aspectratio>keep</aspectratio>
				<texture>$INFO[MusicPlayer.Cover]</texture>
			</control>
			<control type="group">
				<control type="label">
					<left>205</left>
					<top>25</top>
					<width>1580</width>
					<font>McatA</font>
					<textcolor>$VAR[TextColor]</textcolor>
					<label>$INFO[MusicPlayer.Artist]</label>
				</control>
				<control type="label">
					<left>205</left>
					<top>80</top>
					<width>1580</width>
					<font>McatT</font>
					<textcolor>$VAR[TextColor]</textcolor>
					<label>$INFO[MusicPlayer.Title]</label>
				</control>
			</control>
		</control>
	</include>

	<include name="Progress">
		<control type="group">
			<visible>!Skin.String(MusicProgToggle, no)</visible>

			<!-- Bottom Progress bar -->
			<control type="group">
				<visible>Skin.String(MusicProgToggle, bottomno)|Skin.String(MusicProgToggle, bottomyes)</visible>
				<width>100%</width>
				<control type="progress">
					<left>0</left>
					<bottom>0</bottom>
					<width>100%</width>
					<height>5</height>
					<info>Player.Progress</info>
					<animation type="WindowOpen">
						<effect type="slide" start="0,500" end="0" center="auto" tween="sine" easing="inout" time="300"/>
						<!--><effect type="fade" start="0" end="100" time="200"/><!-->
					</animation>
					<animation type="WindowClose">
						<effect type="slide" start="0" end="0,500" center="auto" tween="sine" easing="inout" time="300"/>
						<!--><effect type="fade" start="0" end="100" time="200"/><!-->
					</animation>
					<animation type="conditional" condition="!String.Contains(MusicPlayer.Time,00:00)">
						<effect type="slide" start="0,100" end="0" tween="sine" easing="inout" time="300"/>
					</animation>
					<texturebg border="2">osd/OSDProgressBack.png</texturebg>
					<lefttexture>-</lefttexture>
					<midtexture border="2">osd/OSDProgressBar.png</midtexture>
					<righttexture>-</righttexture>
					<overlaytexture>-</overlaytexture>
				</control>
				<control type="label">
					<visible>Skin.String(MusicProgToggle, bottomyes)</visible>
					<animation type="WindowOpen">
						<effect type="slide" start="0,500" end="0" center="auto" tween="back" easing="inout" time="500"/>
					</animation>
					<animation type="WindowClose">
						<effect type="slide" start="0" end="0,500" center="auto" tween="back" easing="inout" time="500"/>
					</animation>
					<animation type="conditional" condition="!String.Contains(MusicPlayer.Time,00:00)">
						<effect type="fade" start="0" end="100" time="200"/>
						<effect type="slide" start="0,100" end="0" tween="back" easing="inout" time="500"/>
					</animation>
					<bottom>0</bottom>
					<right>20</right>
					<align>right</align>
					<font>Reg25</font>
					<textcolor>$VAR[UnFocusedColor]</textcolor>
					<label>$INFO[Player.Time] [COLOR $VAR[SecondaryColor]]/[/COLOR] $INFO[Player.Duration]</label>
				</control>
			</control>

			<!-- Lifted Progress bar -->
			<control type="group">
				<visible>Skin.String(MusicProgToggle, liftedno)|Skin.String(MusicProgToggle, liftedyes)</visible>
				<width>100%</width>
				<control type="progress">
					<left>47</left>
					<bottom>35</bottom>
					<width>1830</width>
					<height>5</height>
					<info>Player.Progress</info>
					<animation type="WindowOpen">
						<effect type="slide" start="0,500" end="0" center="auto" tween="back" easing="inout" time="300"/>
						<!--><effect type="fade" start="0" end="100" time="200"/><!-->
					</animation>
					<animation type="WindowClose">
						<effect type="slide" start="0" end="0,500" center="auto" tween="back" easing="inout" time="300"/>
						<!--><effect type="fade" start="0" end="100" time="200"/><!-->
					</animation>
					<animation type="conditional" condition="!String.Contains(MusicPlayer.Time,00:00)">
						<effect type="slide" start="0,100" end="0" tween="back" easing="inout" time="300"/>
					</animation>
					<texturebg border="2">osd/OSDProgressBack.png</texturebg>
					<lefttexture>-</lefttexture>
					<midtexture border="2">osd/OSDProgressBar.png</midtexture>
					<righttexture>-</righttexture>
					<overlaytexture>-</overlaytexture>
				</control>
				<control type="label">
					<visible>Skin.String(MusicProgToggle, liftedyes)</visible>
					<animation type="WindowOpen">
						<effect type="slide" start="0,500" end="0" center="auto" tween="back" easing="inout" time="500"/>
					</animation>
					<animation type="WindowClose">
						<effect type="slide" start="0" end="0,500" center="auto" tween="back" easing="inout" time="500"/>
					</animation>
					<animation type="conditional" condition="!String.Contains(MusicPlayer.Time,00:00)">
						<effect type="fade" start="0" end="100" time="200"/>
						<effect type="slide" start="0,100" end="0" tween="back" easing="inout" time="500"/>
					</animation>
					<bottom>30</bottom>
					<right>50</right>
					<align>right</align>
					<font>Reg25</font>
					<textcolor>$VAR[UnFocusedColor]</textcolor>
					<label>$INFO[Player.Time] [COLOR $VAR[SecondaryColor]]/[/COLOR] $INFO[Player.Duration]</label>
				</control>
			</control>
		</control>
	</include>

</includes>