<?xml version="1.0" encoding="UTF-8"?>
<includes>
	<include name="Viewtype_532_WallLandscape">
		<control type="group">
			<visible>Control.IsVisible(532)</visible>
			<animation type="Visible">
				<effect type="slide" start="0,1000" end="0" center="auto" tween="Cubic" easing="out" time="500"/>
			</animation>
			<animation type="WindowClose">
				<effect type="slide" start="0" end="0,1000" center="auto" tween="Cubic" easing="in" time="500"/>
			</animation>
			<include>WindowBackgroundImage</include>
			<include>WindowBackgroundVideo</include>
			<!--> List -->
			<control type="group">
				<animation type="Conditional" condition="Control.HasFocus(9050)">
					<effect type="slide" start="0" end="0,2000" time="500" tween="cubic" easing="inout" />
				</animation>
				<control type="panel" id="532">
					<centerleft>50%</centerleft>
					<top>20</top>
					<width>1880</width>
					<height>100%</height>				
					<onup>noop</onup>
					<ondown>noop</ondown>
					<onleft>noop</onleft>
					<onright>60</onright>
					<pagecontrol>60</pagecontrol>
					<preloaditems>2</preloaditems>
					<focusposition>2</focusposition>
					<orientation>horizontial</orientation>
					<viewtype>list</viewtype>
					<scrolltime tween="cubic" easing="out">360</scrolltime>
					<visible>String.Contains(Container.FolderPath,plugin://plugin.video.twitch)</visible>
					<itemlayout height="310" width="470">
						<control type="image">
							<width>460</width>
							<height>300</height>
							<aspectratio>scale</aspectratio>
							<texture>$INFO[ListItem.Icon]</texture>
						</control>
						<control type="image">
							<width>460</width>
							<height>300</height>
							<texture colordiffuse="$VAR[DiffuseColor]">views/white_100.png</texture>
						</control>
					</itemlayout>
					<focusedlayout height="310" width="470">
					<control type="group">
						<animation center="auto" condition="Control.HasFocus(532)" easing="inout" effect="zoom" end="110" start="100" time="300" tween="sine">Focus</animation>
						<control type="image">
							<width>460</width>
							<height>300</height>
							<aspectratio>scale</aspectratio>
							<texture>$INFO[ListItem.Icon]</texture>
						</control>
						<control type="image">
							<width>460</width>
							<height>300</height>
							<texture colordiffuse="$VAR[TextColor]" border="11,43,43,11">$VAR[BorderImage]</texture>
						</control>
						</control>
					</focusedlayout>
				</control>

			</control>
		</control>
	</include>
</includes>