<?xml version="1.0" encoding="UTF-8"?>
<includes>
	<include name="Viewtype_540_Switch">
		<control type="group">
			<visible>Control.IsVisible(540)</visible>
			<animation type="Visible">
				<effect type="slide" start="0,1000" end="0" center="auto" tween="Cubic" easing="out" time="500"/>
			</animation>
			<animation type="WindowClose">
				<effect type="slide" start="0" end="0,1000" center="auto" tween="Cubic" easing="in" time="500"/>
			</animation>

			<!--><control type="image">
				<width>100%</width>
				<height>100%</height>
				<aspectratio>scale</aspectratio>
				<texture>$VAR[ConsoleLogoArt]</texture>
			</control><!-->

			<!--> List <!-->
			<control type="group">
				<control type="fixedlist" id="540">
					<centertop>50%</centertop>
					<left>0</left>
					<width>100%</width>
					<height>640</height>					
					<onup>3000</onup>
					<ondown>9051</ondown>
					<onleft>noop</onleft>
					<onright>521</onright>
					<preloaditems>2</preloaditems>
					<focusposition>0</focusposition>
					<movement>0</movement>
					<orientation>horizontal</orientation>
					<viewtype>icon</viewtype>
					<scrolltime tween="sine" easing="inout">400</scrolltime>
					<itemlayout width="420" height="450">
						<control type="group">
							<top>50</top>
							<left>120</left>
							<control type="image">
								<width>400</width>
								<height>400</height>
								<aspectratio>scale</aspectratio>
								<texture colordiffuse="$VAR[SecondaryColor]">views/white_100.png</texture>
							</control>
							<control type="image">
								<width>400</width>
								<height>400</height>
								<aspectratio>scale</aspectratio>
								<texture>$INFO[ListItem.Icon]</texture>
							</control>
							<control type="image">
								<width>400</width>
								<height>400</height>
								<aspectratio>scale</aspectratio>
								<texture>$VAR[ConsoleLogo]</texture>
							</control>
							<control type="image">
								<width>400</width>
								<height>400</height>
								<texture colordiffuse="$VAR[DiffuseColor]">views/white_100.png</texture>
							</control>
						</control>
					</itemlayout>
					<focusedlayout width="420" height="450">
						<control type="group">
							<top>50</top>
							<left>120</left>
							<control type="image">
								<width>400</width>
								<height>400</height>
								<aspectratio>scale</aspectratio>
								<texture colordiffuse="$VAR[SecondaryColor]">views/white_100.png</texture>
							</control>
							<control type="image">
								<width>400</width>
								<height>400</height>
								<aspectratio>scale</aspectratio>
								<texture>$INFO[ListItem.Icon]</texture>
							</control>
							<control type="image">
								<width>400</width>
								<height>400</height>
								<aspectratio>scale</aspectratio>
								<texture>$VAR[ConsoleLogo]</texture>
							</control>

							<control type="image">
								<top>-40</top>
								<left>-40</left>
								<width>478</width>
								<height>480</height>
								<aspectratio>stretch</aspectratio>
								<texture colordiffuse="$VAR[SecondaryColor]" border="90">fo.png</texture>
							</control>
						</control>
					</focusedlayout>
				</control>

				<control type="label">
					<left>50</left>
					<top>15%</top>
					<width>100%</width>
					<height>70</height>
					<font>Home</font>
					<align>Left</align>
					<texturefocus colordiffuse="$VAR[SecondaryColor]">color_white.png</texturefocus>
					<texturenofocus colordiffuse="$VAR[SecondaryColor]">color_white.png</texturenofocus>
					<textcolor>$VAR[White]</textcolor>
					<label>$VAR[ConsoleName]</label>
					<animation type="Unfocus">
						<effect type="fade" start="100" end="0" center="auto" tween="sine"  easing="inout" time="100"/>
					</animation>
				</control>
			</control>
		</control>
	</include>
</includes>