<?xml version="1.0" encoding="UTF-8"?>
<window type="dialog" id="1100">
	<zorder>100</zorder>
	<visible>!Window.IsVisible(startup)</visible>
	<controls>

		<control type="group">
			<!-- Global debug grid -->
			<control type="image">
				<width>$INFO[System.ScreenWidth]</width>
				<height>$INFO[System.ScreenHeight]</height>
				<texture>special://skin/extras/backgrounds/debuggrid.png</texture>
				<colordiffuse>88ffffff</colordiffuse>
				<visible>Skin.HasSetting(DebugGrid)</visible>
			</control>
			<!-- Window/Dialog debug -->
			<control type="grouplist">
				<left>15</left>
				<top>15</top>
				<width>780</width>
				<height>450</height>
				<itemgap>12</itemgap>
				<visible>Skin.HasSetting(DebugInfo)</visible>
				<!-- Window labels -->
				<control type="label">
					<width>780</width>
					<height>21</height>
					<textcolor>FF0000FF</textcolor>
					<shadowcolor>FF000000</shadowcolor>
					<font>font13</font>
					<align>left</align>
					<label>AddonBrowser.xml</label>
					<visible>Window.IsVisible(AddonBrowser.xml)</visible>
				</control>
				<control type="label">
					<width>780</width>
					<height>21</height>
					<textcolor>FF0000FF</textcolor>
					<shadowcolor>FF000000</shadowcolor>
					<font>font13</font>
					<align>left</align>
					<label>EventLog.xml</label>
					<visible>Window.IsVisible(EventLog.xml)</visible>
				</control>
				<control type="label">
					<width>780</width>
					<height>21</height>
					<textcolor>FF0000FF</textcolor>
					<shadowcolor>FF000000</shadowcolor>
					<font>font13</font>
					<align>left</align>
					<label>FileManager.xml</label>
					<visible>Window.IsVisible(FileManager.xml)</visible>
				</control>
				<control type="label">
					<width>780</width>
					<height>21</height>
					<textcolor>FF0000FF</textcolor>
					<shadowcolor>FF000000</shadowcolor>
					<font>font13</font>
					<align>left</align>
					<label>Home.xml</label>
					<visible>Window.IsVisible(Home.xml)</visible>
				</control>
				<control type="label">
					<width>780</width>
					<height>21</height>
					<textcolor>FF0000FF</textcolor>
					<shadowcolor>FF000000</shadowcolor>
					<font>font13</font>
					<align>left</align>
					<label>LoginScreen.xml</label>
					<visible>Window.IsVisible(LoginScreen.xml)</visible>
				</control>
				<control type="label">
					<width>780</width>
					<height>21</height>
					<textcolor>FF0000FF</textcolor>
					<shadowcolor>FF000000</shadowcolor>
					<font>font13</font>
					<align>left</align>
					<label>MyMusicNav.xml</label>
					<visible>Window.IsVisible(MyMusicNav.xml)</visible>
				</control>
				<control type="label">
					<width>780</width>
					<height>21</height>
					<textcolor>FF0000FF</textcolor>
					<shadowcolor>FF000000</shadowcolor>
					<font>font13</font>
					<align>left</align>
					<label>MyGames.xml</label>
					<visible>Window.IsVisible(MyGames.xml)</visible>
				</control>
				<control type="label">
					<width>780</width>
					<height>21</height>
					<textcolor>FF0000FF</textcolor>
					<shadowcolor>FF000000</shadowcolor>
					<font>font13</font>
					<align>left</align>
					<label>MyMusicPlaylistEditor.xml</label>
					<visible>Window.IsVisible(MyMusicPlaylistEditor.xml)</visible>
				</control>
				<control type="label">
					<width>780</width>
					<height>21</height>
					<textcolor>FF0000FF</textcolor>
					<shadowcolor>FF000000</shadowcolor>
					<font>font13</font>
					<align>left</align>
					<label>MyMusicSongs.xml</label>
					<visible>Window.IsVisible(MyMusicSongs.xml)</visible>
				</control>
				<control type="label">
					<width>780</width>
					<height>21</height>
					<textcolor>FF0000FF</textcolor>
					<shadowcolor>FF000000</shadowcolor>
					<font>font13</font>
					<align>left</align>
					<label>MyPics.xml</label>
					<visible>Window.IsVisible(MyPics.xml)</visible>
				</control>
				<control type="label">
					<width>780</width>
					<height>21</height>
					<textcolor>FF0000FF</textcolor>
					<shadowcolor>FF000000</shadowcolor>
					<font>font13</font>
					<align>left</align>
					<label>MyPlaylist.xml</label>
					<visible>Window.IsVisible(MyPlaylist.xml)</visible>
				</control>
				<control type="label">
					<width>780</width>
					<height>21</height>
					<textcolor>FF0000FF</textcolor>
					<shadowcolor>FF000000</shadowcolor>
					<font>font13</font>
					<align>left</align>
					<label>MyPrograms.xml</label>
					<visible>Window.IsVisible(MyPrograms.xml)</visible>
				</control>
				<control type="label">
					<width>780</width>
					<height>21</height>
					<textcolor>FF0000FF</textcolor>
					<shadowcolor>FF000000</shadowcolor>
					<font>font13</font>
					<align>left</align>
					<label>MyPVRChannels.xml</label>
					<visible>Window.IsVisible(MyPVRChannels.xml)</visible>
				</control>
				<control type="label">
					<width>780</width>
					<height>21</height>
					<textcolor>FF0000FF</textcolor>
					<shadowcolor>FF000000</shadowcolor>
					<font>font13</font>
					<align>left</align>
					<label>MyPVRGuide.xml</label>
					<visible>Window.IsVisible(MyPVRGuide.xml)</visible>
				</control>
				<control type="label">
					<width>780</width>
					<height>21</height>
					<textcolor>FF0000FF</textcolor>
					<shadowcolor>FF000000</shadowcolor>
					<font>font13</font>
					<align>left</align>
					<label>MyPVRRecordings.xml</label>
					<visible>Window.IsVisible(MyPVRRecordings.xml)</visible>
				</control>
				<control type="label">
					<width>780</width>
					<height>21</height>
					<textcolor>FF0000FF</textcolor>
					<shadowcolor>FF000000</shadowcolor>
					<font>font13</font>
					<align>left</align>
					<label>MyPVRSearch.xml</label>
					<visible>Window.IsVisible(MyPVRSearch.xml)</visible>
				</control>
				<control type="label">
					<width>780</width>
					<height>21</height>
					<textcolor>FF0000FF</textcolor>
					<shadowcolor>FF000000</shadowcolor>
					<font>font13</font>
					<align>left</align>
					<label>MyPVRTimers.xml</label>
					<visible>Window.IsVisible(MyPVRTimers.xml)</visible>
				</control>
				<control type="label">
					<width>780</width>
					<height>21</height>
					<textcolor>FF0000FF</textcolor>
					<shadowcolor>FF000000</shadowcolor>
					<font>font13</font>
					<align>left</align>
					<label>MyVideoNav.xml</label>
					<visible>Window.IsVisible(MyVideoNav.xml)</visible>
				</control>
				<control type="label">
					<width>780</width>
					<height>21</height>
					<textcolor>FF0000FF</textcolor>
					<shadowcolor>FF000000</shadowcolor>
					<font>font13</font>
					<align>left</align>
					<label>MyWeather.xml</label>
					<visible>Window.IsVisible(MyWeather.xml)</visible>
				</control>
				<control type="label">
					<width>780</width>
					<height>21</height>
					<textcolor>FF0000FF</textcolor>
					<shadowcolor>FF000000</shadowcolor>
					<font>font13</font>
					<align>left</align>
					<label>Settings.xml</label>
					<visible>Window.IsVisible(Settings.xml)</visible>
				</control>
				<control type="label">
					<width>780</width>
					<height>21</height>
					<textcolor>FF0000FF</textcolor>
					<shadowcolor>FF000000</shadowcolor>
					<font>font13</font>
					<align>left</align>
					<label>SettingsCategory.xml</label>
					<visible>Window.IsVisible(SettingsCategory.xml)</visible>
				</control>
				<control type="label">
					<width>780</width>
					<height>21</height>
					<textcolor>FF0000FF</textcolor>
					<shadowcolor>FF000000</shadowcolor>
					<font>font13</font>
					<align>left</align>
					<label>SettingsProfile.xml</label>
					<visible>Window.IsVisible(SettingsProfile.xml)</visible>
				</control>
				<control type="label">
					<width>780</width>
					<height>21</height>
					<textcolor>FF0000FF</textcolor>
					<shadowcolor>FF000000</shadowcolor>
					<font>font13</font>
					<align>left</align>
					<label>SkinSettings.xml</label>
					<visible>Window.IsVisible(SkinSettings.xml)</visible>
				</control>
				<control type="label">
					<width>780</width>
					<height>21</height>
					<textcolor>FF0000FF</textcolor>
					<shadowcolor>FF000000</shadowcolor>
					<font>font13</font>
					<align>left</align>
					<label>VideoFullScreen.xml</label>
					<visible>Window.IsVisible(VideoFullScreen.xml)</visible>
				</control>
				<!-- Dialog labels -->
				<control type="label">
					<width>780</width>
					<height>21</height>
					<textcolor>FFFF0000</textcolor>
					<shadowcolor>FF000000</shadowcolor>
					<font>font13</font>
					<align>left</align>
					<label>DialogAddonInfo.xml</label>
					<visible>Window.IsVisible(DialogAddonInfo.xml)</visible>
				</control>
				<control type="label">
					<width>780</width>
					<height>21</height>
					<textcolor>FFFF0000</textcolor>
					<shadowcolor>FF000000</shadowcolor>
					<font>font13</font>
					<align>left</align>
					<label>DialogAddonSettings.xml</label>
					<visible>Window.IsVisible(DialogAddonSettings.xml)</visible>
				</control>
				<control type="label">
					<width>780</width>
					<height>21</height>
					<textcolor>FFFF0000</textcolor>
					<shadowcolor>FF000000</shadowcolor>
					<font>font13</font>
					<align>left</align>
					<label>DialogBusy.xml</label>
					<visible>Window.IsVisible(DialogBusy.xml)</visible>
				</control>
				<control type="label">
					<width>780</width>
					<height>21</height>
					<textcolor>FFFF0000</textcolor>
					<shadowcolor>FF000000</shadowcolor>
					<font>font13</font>
					<align>left</align>
					<label>DialogButtonMenu.xml</label>
					<visible>Window.IsVisible(DialogButtonMenu.xml)</visible>
				</control>
				<control type="label">
					<width>780</width>
					<height>21</height>
					<textcolor>FFFF0000</textcolor>
					<shadowcolor>FF000000</shadowcolor>
					<font>font13</font>
					<align>left</align>
					<label>DialogConfirm.xml</label>
					<visible>Window.IsVisible(DialogConfirm.xml)</visible>
				</control>
				<control type="label">
					<width>780</width>
					<height>21</height>
					<textcolor>FFFF0000</textcolor>
					<shadowcolor>FF000000</shadowcolor>
					<font>font13</font>
					<align>left</align>
					<label>DialogContentSettings.xml</label>
					<visible>Window.IsVisible(DialogContentSettings.xml)</visible>
				</control>
				<control type="label">
					<width>780</width>
					<height>21</height>
					<textcolor>FFFF0000</textcolor>
					<shadowcolor>FF000000</shadowcolor>
					<font>font13</font>
					<align>left</align>
					<label>DialogContextMenu.xml</label>
					<visible>Window.IsVisible(DialogContextMenu.xml)</visible>
				</control>
				<control type="label">
					<width>780</width>
					<height>21</height>
					<textcolor>FFFF0000</textcolor>
					<shadowcolor>FF000000</shadowcolor>
					<font>font13</font>
					<align>left</align>
					<label>DialogExtendedProgressBar.xml</label>
					<visible>Window.IsVisible(DialogExtendedProgressBar.xml)</visible>
				</control>
				<control type="label">
					<width>780</width>
					<height>21</height>
					<textcolor>FFFF0000</textcolor>
					<shadowcolor>FF000000</shadowcolor>
					<font>font13</font>
					<align>left</align>
					<label>DialogFavourites.xml</label>
					<visible>Window.IsVisible(DialogFavourites.xml)</visible>
				</control>
				<control type="label">
					<width>780</width>
					<height>21</height>
					<textcolor>FFFF0000</textcolor>
					<shadowcolor>FF000000</shadowcolor>
					<font>font13</font>
					<align>left</align>
					<label>DialogFileStacking.xml</label>
					<visible>Window.IsVisible(DialogFileStacking.xml)</visible>
				</control>
				<control type="label">
					<width>780</width>
					<height>21</height>
					<textcolor>FFFF0000</textcolor>
					<shadowcolor>FF000000</shadowcolor>
					<font>font13</font>
					<align>left</align>
					<label>DialogFullScreenInfo.xml</label>
					<visible>Window.IsVisible(DialogFullScreenInfo.xml)</visible>
				</control>
				<control type="label">
					<width>780</width>
					<height>21</height>
					<textcolor>FFFF0000</textcolor>
					<shadowcolor>FF000000</shadowcolor>
					<font>font13</font>
					<align>left</align>
					<label>DialogKeyboard.xml</label>
					<visible>Window.IsVisible(DialogKeyboard.xml)</visible>
				</control>
				<control type="label">
					<width>780</width>
					<height>21</height>
					<textcolor>FFFF0000</textcolor>
					<shadowcolor>FF000000</shadowcolor>
					<font>font13</font>
					<align>left</align>
					<label>DialogMediaFilter.xml</label>
					<visible>Window.IsVisible(DialogMediaFilter.xml)</visible>
				</control>
				<control type="label">
					<width>780</width>
					<height>21</height>
					<textcolor>FFFF0000</textcolor>
					<shadowcolor>FF000000</shadowcolor>
					<font>font13</font>
					<align>left</align>
					<label>DialogMediaSource.xml</label>
					<visible>Window.IsVisible(DialogMediaSource.xml)</visible>
				</control>
				<control type="label">
					<width>780</width>
					<height>21</height>
					<textcolor>FFFF0000</textcolor>
					<shadowcolor>FF000000</shadowcolor>
					<font>font13</font>
					<align>left</align>
					<label>DialogMusicInfo.xml</label>
					<visible>Window.IsVisible(DialogMusicInfo.xml)</visible>
				</control>
				<control type="label">
					<width>780</width>
					<height>21</height>
					<textcolor>FFFF0000</textcolor>
					<shadowcolor>FF000000</shadowcolor>
					<font>font13</font>
					<align>left</align>
					<label>DialogNetworkSetup.xml</label>
					<visible>Window.IsVisible(DialogNetworkSetup.xml)</visible>
				</control>
				<control type="label">
					<width>780</width>
					<height>21</height>
					<textcolor>FFFF0000</textcolor>
					<shadowcolor>FF000000</shadowcolor>
					<font>font13</font>
					<align>left</align>
					<label>DialogNotification.xml</label>
					<visible>Window.IsVisible(DialogNotification.xml)</visible>
				</control>
				<control type="label">
					<width>780</width>
					<height>21</height>
					<textcolor>FFFF0000</textcolor>
					<shadowcolor>FF000000</shadowcolor>
					<font>font13</font>
					<align>left</align>
					<label>DialogNumeric.xml</label>
					<visible>Window.IsVisible(DialogNumeric.xml)</visible>
				</control>
				<control type="label">
					<width>780</width>
					<height>21</height>
					<textcolor>FFFF0000</textcolor>
					<shadowcolor>FF000000</shadowcolor>
					<font>font13</font>
					<align>left</align>
					<label>DialogPeripheralManager.xml</label>
					<visible>Window.IsVisible(DialogPeripheralManager.xml)</visible>
				</control>
				<control type="label">
					<width>780</width>
					<height>21</height>
					<textcolor>FFFF0000</textcolor>
					<shadowcolor>FF000000</shadowcolor>
					<font>font13</font>
					<align>left</align>
					<label>DialogPeripheralSettings.xml</label>
					<visible>Window.IsVisible(DialogPeripheralSettings.xml)</visible>
				</control>
				<control type="label">
					<width>780</width>
					<height>21</height>
					<textcolor>FFFF0000</textcolor>
					<shadowcolor>FF000000</shadowcolor>
					<font>font13</font>
					<align>left</align>
					<label>DialogPictureInfo.xml</label>
					<visible>Window.IsVisible(DialogPictureInfo.xml)</visible>
				</control>
				<control type="label">
					<width>780</width>
					<height>21</height>
					<textcolor>FFFF0000</textcolor>
					<shadowcolor>FF000000</shadowcolor>
					<font>font13</font>
					<align>left</align>
					<label>DialogPVRChannelManager.xml</label>
					<visible>Window.IsVisible(DialogPVRChannelManager.xml)</visible>
				</control>
				<control type="label">
					<width>780</width>
					<height>21</height>
					<textcolor>FFFF0000</textcolor>
					<shadowcolor>FF000000</shadowcolor>
					<font>font13</font>
					<align>left</align>
					<label>DialogPVRChannelsOSD.xml</label>
					<visible>Window.IsVisible(DialogPVRChannelsOSD.xml)</visible>
				</control>
				<control type="label">
					<width>780</width>
					<height>21</height>
					<textcolor>FFFF0000</textcolor>
					<shadowcolor>FF000000</shadowcolor>
					<font>font13</font>
					<align>left</align>
					<label>DialogPVRGroupManager.xml</label>
					<visible>Window.IsVisible(DialogPVRGroupManager.xml)</visible>
				</control>
				<control type="label">
					<width>780</width>
					<height>21</height>
					<textcolor>FFFF0000</textcolor>
					<shadowcolor>FF000000</shadowcolor>
					<font>font13</font>
					<align>left</align>
					<label>DialogPVRGuideInfo.xml</label>
					<visible>Window.IsVisible(DialogPVRGuideInfo.xml)</visible>
				</control>
				<control type="label">
					<width>780</width>
					<height>21</height>
					<textcolor>FFFF0000</textcolor>
					<shadowcolor>FF000000</shadowcolor>
					<font>font13</font>
					<align>left</align>
					<label>DialogPVRGuideOSD.xml</label>
					<visible>Window.IsVisible(DialogPVRGuideOSD.xml)</visible>
				</control>
				<control type="label">
					<width>780</width>
					<height>21</height>
					<textcolor>FFFF0000</textcolor>
					<shadowcolor>FF000000</shadowcolor>
					<font>font13</font>
					<align>left</align>
					<label>DialogPVRGuideSearch.xml</label>
					<visible>Window.IsVisible(DialogPVRGuideSearch.xml)</visible>
				</control>
				<control type="label">
					<width>780</width>
					<height>21</height>
					<textcolor>FFFF0000</textcolor>
					<shadowcolor>FF000000</shadowcolor>
					<font>font13</font>
					<align>left</align>
					<label>DialogPVRRecordingInfo.xml</label>
					<visible>Window.IsVisible(DialogPVRRecordingInfo.xml)</visible>
				</control>
				<control type="label">
					<width>780</width>
					<height>21</height>
					<textcolor>FFFF0000</textcolor>
					<shadowcolor>FF000000</shadowcolor>
					<font>font13</font>
					<align>left</align>
					<label>DialogPVRTimerSettings.xml</label>
					<visible>Window.IsVisible(DialogPVRTimerSettings.xml)</visible>
				</control>
				<control type="label">
					<width>780</width>
					<height>21</height>
					<textcolor>FFFF0000</textcolor>
					<shadowcolor>FF000000</shadowcolor>
					<font>font13</font>
					<align>left</align>
					<label>DialogSeekbar.xml</label>
					<visible>Window.IsVisible(DialogSeekbar.xml)</visible>
				</control>
				<control type="label">
					<width>780</width>
					<height>21</height>
					<textcolor>FFFF0000</textcolor>
					<shadowcolor>FF000000</shadowcolor>
					<font>font13</font>
					<align>left</align>
					<label>DialogSelect.xml</label>
					<visible>Window.IsVisible(DialogSelect.xml)</visible>
				</control>
				<control type="label">
					<width>780</width>
					<height>21</height>
					<textcolor>FFFF0000</textcolor>
					<shadowcolor>FF000000</shadowcolor>
					<font>font13</font>
					<align>left</align>
					<label>DialogSlider.xml</label>
					<visible>Window.IsVisible(DialogSlider.xml)</visible>
				</control>
				<control type="label">
					<width>780</width>
					<height>21</height>
					<textcolor>FFFF0000</textcolor>
					<shadowcolor>FF000000</shadowcolor>
					<font>font13</font>
					<align>left</align>
					<label>DialogSubtitles.xml</label>
					<visible>Window.IsVisible(DialogSubtitles.xml)</visible>
				</control>
				<control type="label">
					<width>780</width>
					<height>21</height>
					<textcolor>FFFF0000</textcolor>
					<shadowcolor>FF000000</shadowcolor>
					<font>font13</font>
					<align>left</align>
					<label>DialogTextViewer.xml</label>
					<visible>Window.IsVisible(DialogTextViewer.xml)</visible>
				</control>
				<control type="label">
					<width>780</width>
					<height>21</height>
					<textcolor>FFFF0000</textcolor>
					<shadowcolor>FF000000</shadowcolor>
					<font>font13</font>
					<align>left</align>
					<label>DialogVideoInfo.xml</label>
					<visible>Window.IsVisible(DialogVideoInfo.xml)</visible>
				</control>
				<control type="label">
					<width>780</width>
					<height>21</height>
					<textcolor>FFFF0000</textcolor>
					<shadowcolor>FF000000</shadowcolor>
					<font>font13</font>
					<align>left</align>
					<label>DialogVolumeBar.xml</label>
					<visible>Window.IsVisible(DialogVolumeBar.xml)</visible>
				</control>
				<control type="label">
					<width>780</width>
					<height>21</height>
					<textcolor>FFFF0000</textcolor>
					<shadowcolor>FF000000</shadowcolor>
					<font>font13</font>
					<align>left</align>
					<label>FileBrowser.xml</label>
					<visible>Window.IsVisible(FileBrowser.xml)</visible>
				</control>
				<control type="label">
					<width>780</width>
					<height>21</height>
					<textcolor>FFFF0000</textcolor>
					<shadowcolor>FF000000</shadowcolor>
					<font>font13</font>
					<align>left</align>
					<label>LockSettings.xml</label>
					<visible>Window.IsVisible(LockSettings.xml)</visible>
				</control>
				<control type="label">
					<width>780</width>
					<height>21</height>
					<textcolor>FFFF0000</textcolor>
					<shadowcolor>FF000000</shadowcolor>
					<font>font13</font>
					<align>left</align>
					<label>MusicKaraokeLyrics.xml</label>
					<visible>Window.IsVisible(MusicKaraokeLyrics.xml)</visible>
				</control>
				<control type="label">
					<width>780</width>
					<height>21</height>
					<textcolor>FFFF0000</textcolor>
					<shadowcolor>FF000000</shadowcolor>
					<font>font13</font>
					<align>left</align>
					<label>MusicOSD.xml</label>
					<visible>Window.IsVisible(MusicOSD.xml)</visible>
				</control>
				<control type="label">
					<width>780</width>
					<height>21</height>
					<textcolor>FFFF0000</textcolor>
					<shadowcolor>FF000000</shadowcolor>
					<font>font13</font>
					<align>left</align>
					<label>MusicOverlay.xml</label>
					<visible>Window.IsVisible(MusicOverlay.xml)</visible>
				</control>
				<control type="label">
					<width>780</width>
					<height>21</height>
					<textcolor>FFFF0000</textcolor>
					<shadowcolor>FF000000</shadowcolor>
					<font>font13</font>
					<align>left</align>
					<label>MusicVisualisation.xml</label>
					<visible>Window.IsVisible(MusicVisualisation.xml)</visible>
				</control>
				<control type="label">
					<width>780</width>
					<height>21</height>
					<textcolor>FFFF0000</textcolor>
					<shadowcolor>FF000000</shadowcolor>
					<font>font13</font>
					<align>left</align>
					<label>PlayerControls.xml</label>
					<visible>Window.IsVisible(PlayerControls.xml)</visible>
				</control>
				<control type="label">
					<width>780</width>
					<height>21</height>
					<textcolor>FFFF0000</textcolor>
					<shadowcolor>FF000000</shadowcolor>
					<font>font13</font>
					<align>left</align>
					<label>ProfileSettings.xml</label>
					<visible>Window.IsVisible(ProfileSettings.xml)</visible>
				</control>
				<control type="label">
					<width>780</width>
					<height>21</height>
					<textcolor>FFFF0000</textcolor>
					<shadowcolor>FF000000</shadowcolor>
					<font>font13</font>
					<align>left</align>
					<label>SettingsScreenCalibration.xml</label>
					<visible>Window.IsVisible(SettingsScreenCalibration.xml)</visible>
				</control>
				<control type="label">
					<width>780</width>
					<height>21</height>
					<textcolor>FFFF0000</textcolor>
					<shadowcolor>FF000000</shadowcolor>
					<font>font13</font>
					<align>left</align>
					<label>SettingsSystemInfo.xml</label>
					<visible>Window.IsVisible(SettingsSystemInfo.xml)</visible>
				</control>
				<control type="label">
					<width>780</width>
					<height>21</height>
					<textcolor>FFFF0000</textcolor>
					<shadowcolor>FF000000</shadowcolor>
					<font>font13</font>
					<align>left</align>
					<label>SlideShow.xml</label>
					<visible>Window.IsVisible(SlideShow.xml)</visible>
				</control>
				<control type="label">
					<width>780</width>
					<height>21</height>
					<textcolor>FFFF0000</textcolor>
					<shadowcolor>FF000000</shadowcolor>
					<font>font13</font>
					<align>left</align>
					<label>SmartPlaylistEditor.xml</label>
					<visible>Window.IsVisible(SmartPlaylistEditor.xml)</visible>
				</control>
				<control type="label">
					<width>780</width>
					<height>21</height>
					<textcolor>FFFF0000</textcolor>
					<shadowcolor>FF000000</shadowcolor>
					<font>font13</font>
					<align>left</align>
					<label>SmartPlaylistRule.xml</label>
					<visible>Window.IsVisible(SmartPlaylistRule.xml)</visible>
				</control>
				<control type="label">
					<width>780</width>
					<height>21</height>
					<textcolor>FFFF0000</textcolor>
					<shadowcolor>FF000000</shadowcolor>
					<font>font13</font>
					<align>left</align>
					<label>VideoOSD.xml</label>
					<visible>Window.IsVisible(VideoOSD.xml)</visible>
				</control>
				<control type="label">
					<width>780</width>
					<height>21</height>
					<textcolor>FFFF0000</textcolor>
					<shadowcolor>FF000000</shadowcolor>
					<font>font13</font>
					<align>left</align>
					<label>VideoOSDBookmarks.xml</label>
					<visible>Window.IsVisible(VideoOSDBookmarks.xml)</visible>
				</control>
				<control type="label">
					<width>780</width>
					<height>21</height>
					<textcolor>FFFF0000</textcolor>
					<shadowcolor>FF000000</shadowcolor>
					<font>font13</font>
					<align>left</align>
					<label>VideoOSDSettings.xml</label>
					<visible>Window.IsVisible(VideoOSDSettings.xml)</visible>
				</control>
				<control type="label">
					<width>780</width>
					<height>21</height>
					<textcolor>FFFF0000</textcolor>
					<shadowcolor>FF000000</shadowcolor>
					<font>font13</font>
					<align>left</align>
					<label>VideoOverlay.xml</label>
					<visible>Window.IsVisible(VideoOverlay.xml)</visible>
				</control>
				<control type="label">
					<width>780</width>
					<height>21</height>
					<textcolor>FFFF0000</textcolor>
					<shadowcolor>FF000000</shadowcolor>
					<font>font13</font>
					<align>left</align>
					<label>VisualisationPresetList.xml</label>
					<visible>Window.IsVisible(VisualisationPresetList.xml)</visible>
				</control>
				<control type="label">
					<width>780</width>
					<height>21</height>
					<textcolor>FFFF0000</textcolor>
					<shadowcolor>FF000000</shadowcolor>
					<font>font13</font>
					<align>left</align>
					<label>script-skinshortcuts.xml</label>
					<visible>Window.IsVisible(script-skinshortcuts.xml)</visible>
				</control>
				<control type="label">
					<width>780</width>
					<height>21</height>
					<textcolor>FFFF0000</textcolor>
					<shadowcolor>FF000000</shadowcolor>
					<font>font13</font>
					<align>left</align>
					<label>script-ExtendedInfo Script-DialogInfo.xml</label>
					<visible>Window.IsVisible(script-ExtendedInfo Script-DialogInfo.xml)</visible>
				</control>
				<control type="label">
					<width>780</width>
					<height>21</height>
					<textcolor>FFFF0000</textcolor>
					<shadowcolor>FF000000</shadowcolor>
					<font>font13</font>
					<align>left</align>
					<label>script-ExtendedInfo Script-DialogVideoInfo.xml</label>
					<visible>Window.IsVisible(script-ExtendedInfo Script-DialogVideoInfo.xml)</visible>
				</control>
				<control type="label">
					<width>780</width>
					<height>21</height>
					<textcolor>FFFF0000</textcolor>
					<shadowcolor>FF000000</shadowcolor>
					<font>font13</font>
					<align>left</align>
					<label>script-globalsearch-contextmenu.xml</label>
					<visible>Window.IsVisible(script-globalsearch-contextmenu.xml)</visible>
				</control>
				<control type="label">
					<width>780</width>
					<height>21</height>
					<textcolor>FFFF0000</textcolor>
					<shadowcolor>FF000000</shadowcolor>
					<font>font13</font>
					<align>left</align>
					<label>script-globalsearch-infodialog.xml</label>
					<visible>Window.IsVisible(script-globalsearch-infodialog.xml)</visible>
				</control>
				<control type="label">
					<width>780</width>
					<height>21</height>
					<textcolor>FFFF0000</textcolor>
					<shadowcolor>FF000000</shadowcolor>
					<font>font13</font>
					<align>left</align>
					<label>script-globalsearch-main.xml</label>
					<visible>Window.IsVisible(script-globalsearch-main.xml)</visible>
				</control>
				<control type="label">
					<width>780</width>
					<height>21</height>
					<textcolor>FFFF0000</textcolor>
					<shadowcolor>FF000000</shadowcolor>
					<font>font13</font>
					<align>left</align>
					<label>script-nextup-notification-NextUpInfo.xml</label>
					<visible>Window.IsVisible(script-nextup-notification-NextUpInfo.xml)</visible>
				</control>
				<control type="label">
					<width>780</width>
					<height>21</height>
					<textcolor>FFFF0000</textcolor>
					<shadowcolor>FF000000</shadowcolor>
					<font>font13</font>
					<align>left</align>
					<label>script-nextup-notification-StillWatchingInfo.xml</label>
					<visible>Window.IsVisible(script-nextup-notification-StillWatchingInfo.xml)</visible>
				</control>
			</control>

			<!-- Controls debug -->
			<control type="grouplist">
				<right>15</right>
				<top>15</top>
				<width>1000</width>
				<height>450</height>
				<itemgap>12</itemgap>
				<visible>Skin.HasSetting(DebugInfo)</visible>
				<!-- Control label -->
				<control type="label">
					<top>15</top>
					<height>21</height>
					<textcolor>FFFF0000</textcolor>
					<shadowcolor>FF000000</shadowcolor>
					<font>font13</font>
					<align>right</align>
					<label>$INFO[System.CurrentControl,[COLOR FF00FF00]Current control - [/COLOR]]$INFO[System.CurrentControlID, (ID=,)]</label>
				</control>
				<!-- Folder label -->
				<control type="label">
					<top>48</top>
					<height>21</height>
					<textcolor>FFFF0000</textcolor>
					<shadowcolor>FF000000</shadowcolor>
					<font>font13</font>
					<align>right</align>
					<label>$INFO[Container.FolderName,[COLOR FF00FF00]Folder name - [/COLOR]]</label>
				</control>
				<!-- Path label -->
				<control type="label">
					<top>48</top>
					<height>21</height>
					<textcolor>FFFF0000</textcolor>
					<shadowcolor>FF000000</shadowcolor>
					<font>font13</font>
					<align>right</align>
					<scroll>true</scroll>
					<label>$INFO[Container.FolderPath,[COLOR FF00FF00]Folder path - [/COLOR]]</label>
				</control>
				<!-- Content label -->
				<control type="label">
					<top>48</top>
					<height>21</height>
					<textcolor>FFFF0000</textcolor>
					<shadowcolor>FF000000</shadowcolor>
					<font>font13</font>
					<align>right</align>
					<label>$INFO[Container.Content,[COLOR FF00FF00]Content - [/COLOR]]</label>
				</control>
			</control>
		</control>

		<!-- Info -->
		<control type="group">
			<height>screen_Height</height>
			<visible>true2</visible>
			<control type="image">
				<texture colordiffuse="FF000000">views/white_50.png</texture>
			</control>
			<control type="grouplist">
				<height>screen_Height</height>
				<itemgap>0</itemgap>
				
				<!-- System -->
				<control type="button" id="200">
					<label>System</label>
					<include>debug_Header</include>
				</control>
				<control type="button" id="205">
					<label>CPU: $INFO[System.CpuUsage]</label>
					<include>debug_Label</include>
				</control>
				<control type="button" id="210">
					<label>RAM: $INFO[System.Memory(used.percent)] used</label>
					<include>debug_Label</include>
				</control>

				<!-- Window -->
				<control type="button">
					<label>Window</label>
					<include>debug_Header</include>
				</control>
				<control type="button">
					<label>System.Window: $INFO[System.CurrentWindow] ($INFO[Window.Property(xmlfile)])</label>
					<include>debug_Label</include>
				</control>
				<control type="button">
					<label>System.CurrentControl: $INFO[System.CurrentControl] $INFO[System.CurrentControlID, (ID=,)]</label>
					<include>debug_Label</include>
				</control>

				<!-- Content -->
				<control type="button">
					<label>Content</label>
					<include>debug_Header</include>
				</control>
				<control type="button">
					<label>Container.ViewMode: $INFO[Container.Viewmode, - ]</label>
					<include>debug_Label</include>
				</control>
				<control type="button">
					<label>Container.Content: $INFO[Container.Content]</label>
					<include>debug_Label</include>
				</control>
				<control type="button">
					<label>Container.SortMethod: $INFO[Container.SortMethod]</label>
					<include>debug_Label</include>
				</control>
				<control type="button">
					<label>Container.FolderName: $INFO[Container.FolderName]</label>
					<include>debug_Label</include>
				</control>

				<!-- Path -->
				<control type="button">
					<label>Path</label>
					<include>debug_Header</include>
				</control>
				<control type="button">
					<label>Container.FolderPath: $INFO[Container.FolderPath]</label>
					<include>debug_Label</include>
				</control>
				<control type="button">
					<label>ListItem.FileNameAndPath: $INFO[ListItem.FileNameAndPath]</label>
					<include>debug_Label</include>
				</control>
				<control type="button">
					<label>ListItem.FolderPath: $INFO[ListItem.FolderPath]</label>
					<include>debug_Label</include>
				</control>

				<!-- Labels -->
				<control type="button">
					<label>Labels</label>
					<include>debug_Header</include>
				</control>
				<control type="button">
					<label>ListItem.Label: $INFO[ListItem.Label]</label>
					<include>debug_Label</include>
				</control>
				<control type="button">
					<label>ListItem.Label2: $INFO[ListItem.Label2]</label>
					<include>debug_Label</include>
				</control>
				<control type="button">
					<label>ListItem.DBTYPE: $INFO[ListItem.DBTYPE]</label>
					<include>debug_Label</include>
				</control>
				<control type="button">
					<label>ListItem.DBID: $INFO[ListItem.DBID]</label>
					<include>debug_Label</include>
				</control>
				<control type="button">
					<label>ListItem.Plot: $INFO[ListItem.Plot]</label>
					<include>debug_Label</include>
				</control>
				<control type="button">
					<label>ListItem.AddonSummary: $INFO[ListItem.AddonSummary]</label>
					<include>debug_Label</include>
				</control>
				<control type="button">
					<label>ListItem.AddonDescription: $INFO[ListItem.AddonDescription]</label>
					<include>debug_Label</include>
				</control>
				<!-- Artwork -->
				<control type="button">
					<label>Artwork</label>
					<include>debug_Header</include>
				</control>
				<control type="button">
					<label>ListItem.Icon: $INFO[ListItem.Icon]</label>
					<include>debug_Label</include>
				</control>
				<control type="button">
					<label>ListItem.ActualIcon: $INFO[ListItem.ActualIcon]</label>
					<include>debug_Label</include>
				</control>
				<control type="button">
					<label>ListItem.Art(thumb): $INFO[ListItem.Art(thumb)]</label>
					<include>debug_Label</include>
				</control>
				<control type="button">
					<label>ListItem.Art(poster): $INFO[ListItem.Art(poster)]</label>
					<include>debug_Label</include>
				</control>
				<control type="button">
					<label>ListItem.Art(banner): $INFO[ListItem.Art(banner)]</label>
					<include>debug_Label</include>
				</control>
				<control type="button">
					<label>ListItem.Art(tvshow.banner): $INFO[ListItem.Art(tvshow.banner)]</label>
					<include>debug_Label</include>
				</control>
				<control type="button">
					<label>ListItem.Art(fanart): $INFO[ListItem.Art(fanart)]</label>
					<include>debug_Label</include>
				</control>
				<control type="button">
					<label>ListItem.Art(set.fanart): $INFO[ListItem.Art(set.fanart)]</label>
					<include>debug_Label</include>
				</control>
				<control type="button">
					<label>ListItem.Overlay: $INFO[ListItem.Overlay]</label>
					<include>debug_Label</include>
				</control>
				<control type="button">
					<label>ListItem.Art(landcape): $INFO[ListItem.Art(landscape)]</label>
					<include>debug_Label</include>
				</control>
				<control type="button">
					<label>ListItem.Art(clearlogo): $INFO[ListItem.Art(clearlogo)]</label>
					<include>debug_Label</include>
				</control>
				<control type="button">
					<label>Container.Art(tvshow.fanart): $INFO[Container.Art(tvshow.fanart)]</label>
					<include>debug_Label</include>
				</control>
				<control type="button">
					<label>ListItem.Art(tvshow.clearlogo): $INFO[ListItem.Art(tvshow.clearlogo)]</label>
					<include>debug_Label</include>
				</control>
				<control type="button">
					<label>ListItem.Art(clearart): $INFO[ListItem.Art(clearart)]</label>
					<include>debug_Label</include>
				</control>
				<control type="button">
					<label>Container.Art(season.poster): $INFO[Container.Art(season.poster)]</label>
					<include>debug_Label</include>
				</control>
				<!-- Colorbox -->
				<control type="button">
					<label>Colorbox</label>
					<include>debug_Header</include>
				</control>
				<control type="button">
					<label>Window(Home).Property(ImageColorFIVE) $INFO[Window(Home).Property(ImageColorFIVE)]</label>
					<include>debug_Label</include>
					<visible>!String.IsEmpty(Window(Home).Property(ImageColorFIVE))</visible>
				</control>
				<control type="button">
					<label>Window(Home).Property(ImageColorSEVEN) $INFO[Window(Home).Property(ImageColorSEVEN)]</label>
					<include>debug_Label</include>
					<visible>!String.IsEmpty(Window(Home).Property(ImageColorSEVEN))</visible>
				</control>

			</control>
		</control>
		
		<control type="image">
			<left>-3</left>
			<top>-3</top>
			<width>100.3%</width>
			<height>100.7%</height>
			<texture colordiffuse="$VAR[White]" border="11,43,43,11">views/border.png</texture>
		</control>

		 <!-- <control type="group">
			<visible>![Window.IsVisible(DialogVideoInfo.xml) | Window.IsVisible(DialogMusicInfo.xml)]</visible>
		   Now Playing Music
		    <include>PlayingMusicWindow</include>
		</control> -->
	</controls>
</window>