<?xml version="1.0" encoding="UTF-8"?>
<window>
	<defaultcontrol always="true">50</defaultcontrol>
	<backgroundcolor>$VAR[BackgroundColor]</backgroundcolor>
	<views>50,51</views>
	<menucontrol>3000</menucontrol>
	<controls>
		<include>WindowBackgroundImage</include>

		<!--> Half Grid <!-->
		<control type="group">
			<description>Guide Timeline</description>
			<visible>Control.IsVisible(50)</visible>
			<control type="group">
				<include>DialogZoomAnimation</include>
				<control type="group">
					<width>100%</width>
					<height>60%</height>
					<bottom>0</bottom>
					<control type="image">
						<width>100%</width>
						<height>100%</height>
						<texture colordiffuse="$VAR[MaterialColorDark]">color_white.png</texture>
					</control>
					<control type="image">
						<top>0</top>
						<width>100%</width>
						<height>50</height>
						<texture colordiffuse="$VAR[MaterialColor]">color_white.png</texture>
					</control>
					<control type="image">
						<top>50</top>
						<width>100%</width>
						<height>50</height>
						<texture colordiffuse="$VAR[DarkFade]">color_white.png</texture>
					</control>
					<control type="label">
						<top>50</top>
						<left>10</left>
						<width>280</width>
						<height>45</height>
						<font>Reg25</font>
						<align>center</align>
						<textcolor>$VAR[White]</textcolor>
						<label>$INFO[System.Time(hh:mm:xx)]</label>
					</control>
				</control>
				<control type="epggrid" id="50">
					<left>0</left>
					<right>0</right>
					<bottom>0</bottom>
					<height>60%</height>
					<orientation>vertical</orientation>
					<pagecontrol>60</pagecontrol>
					<scrolltime tween="quadratic" easing="out">300</scrolltime>
					<timeblocks>30</timeblocks>
					<rulerunit>6</rulerunit>
					<onleft>3000</onleft>
					<onright>60</onright>
					<onup>50</onup>
					<ondown>50</ondown>
					<viewtype>icon</viewtype>
					<focusposition>-1</focusposition>
					<movement>1</movement>
					<progresstexture border="0,10,18,14" colordiffuse="$VAR[SecondaryColor]">common/TimeBar.png</progresstexture>
					<rulerdatelayout height="50" width="700">
						<control type="label">
							<left>10</left>
							<width>700</width>
							<height>50</height>
							<font>Reg25</font>
							<label>$INFO[ListItem.Label]</label>
							<textcolor>$VAR[White]</textcolor>
							<align>left</align>
							<aligny>center</aligny>
						</control>
					</rulerdatelayout>
					<rulerlayout height="50" width="365">
						<control type="label">
							<width>500</width>
							<height>45</height>
							<font>light27</font>
							<label>$INFO[ListItem.Label,| ]</label>
							<textcolor>$VAR[White]</textcolor>
						</control>
					</rulerlayout>
					<channellayout height="100" width="280">
						<control type="image">
							<top>0</top>
							<left>0</left>
							<width>280</width>
							<height>100</height>
							<fadetime>400</fadetime>
							<texture colordiffuse="$VAR[DarkFade]">color_white.png</texture>
						</control>
						<control type="label">
							<left>2</left>
							<bottom>0</bottom>
							<width>75</width>
							<height>100</height>
							<font>Reg20</font>
							<label>$INFO[ListItem.ChannelNumberLabel]</label>
							<textcolor>$VAR[UnFocusedColor]</textcolor>
							<align>center</align>
							<aligny>center</aligny>
						</control>
						<control type="label" id="1">
							<left>68</left>
							<top>-2</top>
							<height>100</height>
							<font>Reg20</font>
							<label>$INFO[ListItem.ChannelName]</label>
							<textcolor>$VAR[UnFocusedColor]</textcolor>
							<aligny>center</aligny>
							<textoffsetx>10</textoffsetx>
						</control>
					</channellayout>
					<focusedchannellayout height="100" width="280">
						<control type="image">
							<top>0</top>
							<left>0</left>
							<width>280</width>
							<height>100</height>
							<fadetime>400</fadetime>
							<texture colordiffuse="$VAR[SecondaryColor]">color_white.png</texture>
						</control>
						<!--control type="image">
							<top>0</top>
							<left>0</left>
							<width>280</width>
							<height>100</height>
							<aspectratio>keep</aspectratio>
           					<texture>$INFO[ListItem.Icon]</texture>
						</control-->
						<control type="label">
							<left>2</left>
							<bottom>0</bottom>
							<width>75</width>
							<height>100</height>
							<font>Reg20</font>
							<label>$INFO[ListItem.ChannelNumberLabel]</label>
							<textcolor>$VAR[TextColor]</textcolor>
							<align>center</align>
							<aligny>center</aligny>
						</control>
						<control type="label" id="1">
							<left>68</left>
							<top>-2</top>
							<height>100</height>
							<font>Reg20</font>
							<label>$INFO[ListItem.ChannelName]</label>
							<textcolor>$VAR[TextColor]</textcolor>
							<aligny>center</aligny>
							<textoffsetx>10</textoffsetx>
						</control>
					</focusedchannellayout>
					<itemlayout height="100" width="50">
						<control type="image" id="2">
							<top>5</top>
							<width>50</width>
							<height>100</height>
							<texture colordiffuse="$VAR[MaterialColor]" border="9">views/Card_bg_white.png</texture>
						</control>
						<control type="label" id="1">
							<left>10</left>
							<top>0</top>
							<width>40</width>
							<height>100</height>
							<aligny>center</aligny>
							<font>Reg20</font>
							<wrapmultiline>true</wrapmultiline>
							<label>$INFO[ListItem.Label]</label>
							<textcolor>$VAR[UnFocusedColor]</textcolor>
						</control>
						<control type="image">
							<left>6</left>
							<top>40</top>
							<width>20</width>
							<height>20</height>
							<texture>$VAR[PVRTimerIcon]</texture>
						</control>
					</itemlayout>
					<focusedlayout height="100" width="50">
						<control type="image" id="2">
							<top>5</top>
							<width>50</width>
							<height>100</height>	
							<texture colordiffuse="$VAR[BackgroundColor2]" border="9">views/Card_bg_white.png</texture>
						</control>
						<control type="label" id="1">
							<left>10</left>
							<top>0</top>
							<width>30</width>
							<height>100</height>
							<aligny>center</aligny>
							<font>Reg20</font>
							<label>$INFO[ListItem.Label]</label>
						</control>
						<control type="image">
							<left>6</left>
							<top>40</top>
							<width>20</width>
							<height>20</height>
							<texture>$VAR[PVRTimerIcon]</texture>
						</control>
					</focusedlayout>
				</control>
			</control>

			<!--> Info <!-->
			<control type="group">
				<top>20</top>
				<left>50</left>
				<height>1000</height>
				<animation type="WindowOpen">
					<effect type="slide" start="-1000,0" end="0" center="auto" tween="Cubic" easing="inout" time="1000"/>
				</animation>
				<control type="image">
					<width>693</width>
					<height>390</height>
					<fadetime>400</fadetime>
					<texture>color_black.png</texture>
				</control>
				<control type="image">
					<width>693</width>
					<height>390</height>
					<fadetime>400</fadetime>
					<aspectratio>keep</aspectratio>
					<texture>$INFO[ListItem.Icon]</texture>
				</control>
				<control type="videowindow">
					<width>693</width>
					<height>390</height>
				</control>
				<control type="group">
					<top>20</top>
					<left>720</left>
					<control type="label">
						<width>100%</width>
						<height>30</height>
						<font>Reg30</font>
						<label>$INFO[ListItem.EpgEventTitle]</label>
					</control>
					<control type="textbox">
						<top>45</top>
						<width>90%</width>
						<height>200</height>
						<font>light27</font>
						<align>left</align>
						<label>$INFO[ListItem.Plot]</label>
						<autoscroll delay="10000" time="3000" repeat="10000">true</autoscroll>
					</control>
				</control>
			</control>
		</control>

		<!--> Full Grid <!-->
		<control type="group">
			<description>Guide Timeline</description>
			<visible>Control.IsVisible(51)</visible>
			<control type="group">
				<include>DialogZoomAnimation</include>

				<control type="group">
					<width>100%</width>
					<height>100%</height>
					<control type="image">
						<width>100%</width>
						<height>100%</height>
						<texture colordiffuse="$VAR[MaterialColorDark]">color_white.png</texture>
					</control>
					<control type="image">
						<top>0</top>
						<width>100%</width>
						<height>50</height>
						<texture colordiffuse="$VAR[MaterialColor]">color_white.png</texture>
					</control>
					<control type="image">
						<top>50</top>
						<width>100%</width>
						<height>50</height>
						<texture colordiffuse="$VAR[Fade]">color_white.png</texture>
					</control>
					<control type="label">
						<top>50</top>
						<left>10</left>
						<width>280</width>
						<height>45</height>
						<font>Reg25</font>
						<align>center</align>
						<textcolor>$VAR[White]</textcolor>
						<label>$INFO[System.Time(hh:mm:xx)]</label>
					</control>
				</control>

				<control type="epggrid" id="51">
					<left>0</left>
					<right>0</right>
					<top>0</top>
					<height>100%</height>
					<orientation>vertical</orientation>
					<pagecontrol>60</pagecontrol>
					<scrolltime tween="quadratic" easing="out">300</scrolltime>
					<timeblocks>30</timeblocks>
					<rulerunit>3</rulerunit>
					<onleft>3000</onleft>
					<onright>60</onright>
					<onup>51</onup>
					<ondown>51</ondown>
					<viewtype>icon</viewtype>
					<focusposition>-1</focusposition>
					<movement>1</movement>
					<progresstexture border="0,10,18,14" colordiffuse="$VAR[SecondaryColor]">common/TimeBar.png</progresstexture>
					<rulerdatelayout height="50" width="700">
						<control type="label">
							<left>10</left>
							<width>700</width>
							<height>50</height>
							<font>Reg25</font>
							<label>$INFO[ListItem.Label]</label>
							<textcolor>$VAR[White]</textcolor>
							<align>left</align>
							<aligny>center</aligny>
						</control>
					</rulerdatelayout>
					<rulerlayout height="50" width="365">
						<control type="label">
							<width>500</width>
							<height>45</height>
							<font>light27</font>
							<label>$INFO[ListItem.Label]</label>
							<textcolor>$VAR[White]</textcolor>
						</control>
					</rulerlayout>
					<channellayout height="100" width="280">
						<control type="image">
							<top>0</top>
							<left>0</left>
							<width>280</width>
							<height>100</height>
							<fadetime>400</fadetime>
							<texture colordiffuse="$VAR[DarkFade]">color_white.png</texture>
						</control>
						<control type="label">
							<left>2</left>
							<bottom>0</bottom>
							<width>75</width>
							<height>100</height>
							<font>Reg20</font>
							<label>$INFO[ListItem.ChannelNumberLabel]</label>
							<textcolor>$VAR[UnFocusedColor]</textcolor>
							<align>center</align>
							<aligny>center</aligny>
						</control>
						<control type="label" id="1">
							<left>68</left>
							<top>-2</top>
							<height>100</height>
							<font>Reg20</font>
							<label>$INFO[ListItem.ChannelName]</label>
							<textcolor>$VAR[UnFocusedColor]</textcolor>
							<aligny>center</aligny>
							<textoffsetx>10</textoffsetx>
						</control>
					</channellayout>
					<focusedchannellayout height="100" width="280">
						<control type="image">
							<top>0</top>
							<left>0</left>
							<width>280</width>
							<height>100</height>
							<fadetime>400</fadetime>
							<texture colordiffuse="$VAR[SecondaryColor]">color_white.png</texture>
						</control>
						<!--control type="image">
							<top>0</top>
							<left>0</left>
							<width>280</width>
							<height>100</height>
							<aspectratio>keep</aspectratio>
           					<texture>$INFO[ListItem.Icon]</texture>
						</control-->
						<control type="label">
							<left>2</left>
							<bottom>0</bottom>
							<width>75</width>
							<height>100</height>
							<font>Reg20</font>
							<label>$INFO[ListItem.ChannelNumberLabel]</label>
							<textcolor>$VAR[TextColor]</textcolor>
							<align>center</align>
							<aligny>center</aligny>
						</control>
						<control type="label" id="1">
							<left>68</left>
							<top>-2</top>
							<height>100</height>
							<font>Reg20</font>
							<label>$INFO[ListItem.ChannelName]</label>
							<textcolor>$VAR[TextColor]</textcolor>
							<aligny>center</aligny>
							<textoffsetx>10</textoffsetx>
						</control>
					</focusedchannellayout>
					<itemlayout height="100" width="50">
						<control type="image" id="2">
							<top>5</top>
							<width>50</width>
							<height>100</height>
							<texture colordiffuse="$VAR[MaterialColor]" border="9">views/Card_bg_white.png</texture>
						</control>
						<control type="label" id="1">
							<left>10</left>
							<top>0</top>
							<width>40</width>
							<height>100</height>
							<aligny>center</aligny>
							<font>Reg20</font>
							<wrapmultiline>true</wrapmultiline>
							<label>$INFO[ListItem.Label]</label>
							<textcolor>$VAR[UnFocusedColor]</textcolor>
						</control>
						<control type="image">
							<left>6</left>
							<top>40</top>
							<width>20</width>
							<height>20</height>
							<texture>$VAR[PVRTimerIcon]</texture>
						</control>
					</itemlayout>
					<focusedlayout height="100" width="50">
						<control type="image" id="2">
							<top>5</top>
							<width>50</width>
							<height>100</height>	
							<texture colordiffuse="$VAR[BackgroundColor2]" border="9">views/Card_bg_white.png</texture>
						</control>
						<control type="label" id="1">
							<left>10</left>
							<top>0</top>
							<width>30</width>
							<height>100</height>
							<aligny>center</aligny>
							<font>Reg20</font>
							<label>$INFO[ListItem.Label]</label>
						</control>
						<control type="image">
							<left>6</left>
							<top>40</top>
							<width>20</width>
							<height>20</height>
							<texture>$VAR[PVRTimerIcon]</texture>
						</control>
					</focusedlayout>
				</control>
			</control>

			<!--> Info
			<control type="group">
				<top>50</top>
				<height>1000</height>
				<animation type="WindowOpen">
					<effect type="slide" start="0,-1000" end="0" center="auto" tween="Cubic" easing="inout" time="1000"/>
				</animation>
				<control type="image">
					<top>10</top>
					<left>30</left>
					<width>290</width>
					<height>250</height>
					<aspectratio align="center" aligny="center">keep</aspectratio>
					<fadetime>400</fadetime>
					<texture>$INFO[ListItem.Icon]</texture>
				</control>
				<control type="group">
					<top>0</top>
					<left>50</left>
					<control type="label">
						<width>70%</width>
						<height>30</height>
						<label>[B]$INFO[ListItem.EpgEventTitle][/B]</label>
					</control>
					<control type="label">
						<top>0</top>
						<right>30</right>
						<width>30%</width>
						<height>30</height>
						<align>right</align>
						<label>[COLOR button_focus]$INFO[ListItem.StartTime,[COLOR grey]$LOCALIZE[555]:[/COLOR] ][/COLOR]$INFO[ListItem.EndTime,[COLOR button_focus] - ,[/COLOR]]</label>
					</control>
					<control type="label">
						<top>35</top>
						<width>60%</width>
						<height>30</height>
						<label>[I][COLOR grey]$VAR[SeasonEpisodeLabel][/COLOR]$INFO[ListItem.EpisodeName,[COLOR white],[/COLOR]][/I]</label>
					</control>
					<control type="label">
						<top>35</top>
						<right>30</right>
						<width>40%</width>
						<height>30</height>
						<align>right</align>
						<label>$INFO[ListItem.Genre,[COLOR grey]$LOCALIZE[515]:[/COLOR] ]</label>
					</control>
				</control>
				<control type="textbox">
					<left>50</left>
					<top>85</top>
					<right>30</right>
					<width>70%</width>
					<height>170</height>
					<align>justify</align>
					<label>$INFO[ListItem.Plot]</label>
					<autoscroll delay="10000" time="3000" repeat="10000">Skin.HasSetting(AutoScroll)</autoscroll>
				</control>
			</control> <!-->
		</control>

		<!-- Options -->
		<control type="image">
			<include>VisibleFadeAnimation</include>
			<include>FullscreenDimensions</include>
			<texture colordiffuse="$VAR[SecondaryColor]">views/white_70.png</texture>
			<visible>Control.HasFocus(3000)</visible>
		</control>
		<control type="fixedlist" id="3000">
			<centerleft>20%</centerleft>
			<centertop>40%</centertop>
			<width>500</width>
			<height>100%</height>
			<onup>50</onup>
			<ondown>50</ondown>
			<onback>50</onback>
			<onleft condition="String.IsEmpty(Container(3000).ListItem.Property(ActionLeft))">50</onleft>
			<onright condition="String.IsEmpty(Container(3000).ListItem.Property(ActionRight))">50</onright>
			<onleft condition="!String.IsEmpty(Container(3000).ListItem.Property(ActionLeft))">$INFO[Container(3000).ListItem.Property(ActionLeft)]</onleft>
			<onright condition="!String.IsEmpty(Container(3000).ListItem.Property(ActionRight))">$INFO[Container(3000).ListItem.Property(ActionRight)]</onright>
			<movement>6</movement>
			<focusposition>6</focusposition>
			<orientation>vertical</orientation>
			<defaultcontrol always="true">0</defaultcontrol>
			<scrolltime tween="sine" easing="inout">200</scrolltime>
			<visible allowhiddenfocus="true">Control.HasFocus(3000)</visible>
			<include>OptionsAnimation</include>
			<itemlayout width="500" height="100">
				<control type="image">
					<width>500</width>
					<height>100</height>
					<texture colordiffuse="$VAR[MaterialColor]" border="9">views/Card_bg_white.png</texture>
				</control>
				<control type="label">
					<width>500</width>
					<height>100</height>
					<font>Thin20</font>
					<alignx>center</alignx>
					<align>center</align>
					<textcolor>$VAR[White]</textcolor>
					<label>$INFO[ListItem.Label2]</label>
				</control>
			</itemlayout>
			<focusedlayout width="500" height="100">
				<control type="image">
					<width>500</width>
					<height>100</height>
					<texture colordiffuse="$VAR[SecondaryColor]" border="9">views/Card_bg_white.png</texture>
				</control>
				<control type="label">
					<width>500</width>
					<height>100</height>
					<font>Thin20</font>
					<alignx>center</alignx>
					<align>center</align>
					<textcolor>$VAR[TextColor]</textcolor>
					<label>$INFO[ListItem.Label]</label>
				</control>
			</focusedlayout>
			<content>
				<!-- Viewmode -->
				<item>
					<onclick>Container.NextViewMode</onclick>
					<label>‹ $LOCALIZE[31750] ›</label>
					<label2>$LOCALIZE[31750]</label2>
					<property name="ActionLeft">Container.PreviousViewMode</property>
					<property name="ActionRight">Container.NextViewMode</property>
					<visible>Control.IsVisible(50)</visible>
				</item>
				<item>
					<onclick>Container.NextViewMode</onclick>
					<label>‹ $LOCALIZE[31751] ›</label>
					<label2>$LOCALIZE[31751]</label2>
					<property name="ActionLeft">Container.PreviousViewMode</property>
					<property name="ActionRight">Container.NextViewMode</property>
					<visible>Control.IsVisible(51)</visible>
				</item>
				<!-- Options -->
				<item>
					<label>$LOCALIZE[19023]</label>
					<label2>$LOCALIZE[19023]</label2>
				    <onclick>Dialog.Close(contextmenu)</onclick>
				    <onclick>Dialog.Close(all,true)</onclick>
					<onclick>ActivateWindow(tvchannels)</onclick>
				</item>
			</content>
		</control>

		<!--> Groups
		<control type="group">
			<top>140</top>
			<control type="image">
				<left>0</left>
				<top>-10</top>
				<width>100%</width>
				<bottom>336</bottom>
				<texture colordiffuse="E6FFFFFF">dialogs/dialog-bg-nobo.png</texture>
			</control>

			<control type="group">
				<visible>Control.IsVisible(50)</visible>
				<control type="image">
					<left>0</left>
					<top>0</top>
					<width>100%</width>
					<height>44</height>
					<texture colordiffuse="border_alpha">colors/white50.png</texture>
				</control>
				<control type="image">
					<left>42</left>
					<top>0</top>
					<width>364</width>
					<height>44</height>
					<texture colordiffuse="button_focus">colors/white.png</texture>
					<visible>Control.HasFocus(11)</visible>
				</control>
				<control type="image">
					<left>10</left>
					<top>7</top>
					<width>20</width>
					<height>30</height>
					<texture>icons/keyboard/arrowleft.png</texture>
					<animation effect="fade" start="0" end="100" time="150">VisibleChange</animation>
					<visible>Control.HasFocus(11) + Container(11).HasPrevious</visible>
				</control>
				<control type="image">
					<right>10</right>
					<top>7</top>
					<width>20</width>
					<height>30</height>
					<texture>icons/keyboard/arrowright.png</texture>
					<animation effect="fade" start="0" end="100" time="150">VisibleChange</animation>
					<visible>Control.HasFocus(11) + !String.IsEqual(Container(11).CurrentItem, Container(11).NumItems)</visible>
				</control>
			</control>			
			<control type="fixedlist" id="11">
				<top>0</top>
				<left>40</left>
				<right>40</right>
				<onleft>noop</onleft>
				<onright>noop</onright>
				<onup>63</onup>
				<ondown>63</ondown>
				<orientation>horizontal</orientation>
				<scrolltime>200</scrolltime>
				<visible>Control.IsVisible(50) | Control.IsVisible(51)</visible>
				<itemlayout height="44" width="368">
					<control type="image">
						<left>1</left>
						<top>0</top>
						<width>366</width>
						<height>44</height>
						<texture colordiffuse="60FFFFFF">colors/white50.png</texture>
					</control>
					<control type="label">
						<left>5</left>
						<width>358</width>
						<height>42</height>
						<align>center</align>
						<aligny>center</aligny>
						<label>$INFO[ListItem.Label]</label>
						<textcolor>lightgrey</textcolor>
					</control>
				</itemlayout>
				<focusedlayout height="44" width="368">
					<control type="image">
						<left>1</left>
						<top>0</top>
						<width>366</width>
						<height>44</height>
						<texture colordiffuse="button_focus">colors_white.png</texture>
						<animation effect="fade" end="30" condition="true">Conditional</animation>
						<visible>!Control.HasFocus(11)</visible>
					</control>
					<control type="label">
						<left>5</left>
						<width>358</width>
						<height>42</height>
						<align>center</align>
						<aligny>center</aligny>
						<scroll>true</scroll>
						<label>$INFO[ListItem.Label]</label>
					</control>
				</focusedlayout>
			</control>
		</control> <!-->
		<!--><control type="label" id="29">
			<font></font>
			<include>HiddenObject</include>
		</control>
		<control type="label" id="30">
			<font></font>
			<include>HiddenObject</include>
		</control> <!-->
	</controls>
</window>
