<?xml version="1.0" encoding="UTF-8"?>
<includes>
	<include name="Viewtype_530_WallPoster">
		<control type="group">
			<visible>Control.IsVisible(530)</visible>
			<animation type="WindowClose">
				<effect type="slide" start="0" end="-1000" center="auto" tween="Cubic" easing="in" time="500"/>
				<!--><effect type="fade" start="0" end="100" time="200"/><!-->
			</animation>

			<animation type="Conditional" condition="Control.HasFocus(9050)">
				<effect type="slide" start="0" end="0,800" delay="100" time="500" tween="cubic" easing="inout" />
				<effect type="zoom" start="100" end="90" center="auto" time="200" tween="cubic" easing="inout" />
			</animation>
			<!-- List -->
			<control type="panel" id="530">
				<centerleft>50%</centerleft>
				<width>1900</width>
				<top>0</top>
				<height>100%</height>
				<ondown condition="Player.HasAudio">9051</ondown>
				<ondown>530</ondown>
				<onleft condition="Player.HasAudio">9051</onleft>
				<onright>60</onright>
				<onright>3000</onright>
				<pagecontrol>60</pagecontrol>
				<preloaditems>2</preloaditems>
				<orientation>vertical</orientation>
				<viewtype>list</viewtype>
				<scrolltime tween="sine" easing="inout">360</scrolltime>
				<visible>[String.Contains(Container.Content,movies) | String.Contains(Container.Content,tvshows) | String.Contains(Container.Content,actors) | String.Contains(Container.Content,seasons) | String.Contains(Container.Content,directors) | String.Contains(Container.FolderPath,plugin://plugin.video.twitch/?mode=games)] + !String.Contains(Container.FolderPath,plugin://plugin.video.netflix) + !Skin.ToggleSetting(disable530)</visible>
				<itemlayout width="270" height="405">
					<control type="group">
						<top>20</top>
						<control type="image">
							<width>270</width>
							<height>405</height>
							<aspectratio>scale</aspectratio>
							<texture background="true">$INFO[ListItem.Icon]</texture>
						</control>
						<control type="image">
							<width>270</width>
							<height>405</height>
							<texture colordiffuse="$VAR[DiffuseColor]">views/white_100.png</texture>
						</control>
						<control type="group">
							<right>0</right>
							<include>WatchedIndicator</include>
						</control>
					</control>
				</itemlayout>
				<focusedlayout width="270" height="405">
					<control type="group">
						<top>20</top>
						<animation center="auto" condition="Control.HasFocus(530)" easing="inout" effect="zoom" end="105" start="100" time="300" tween="sine">Focus</animation>
						<control type="image">
							<top>-10</top>
							<left>-10</left>
							<width>290</width>
							<height>425</height>
							<texture colordiffuse="$VAR[DarkFade]" border="90">fo.png</texture>
							<visible>Control.HasFocus(530)</visible>
						</control>
						<control type="image">
							<width>270</width>
							<height>405</height>
							<aspectratio>scale</aspectratio>
							<texture background="true">$INFO[ListItem.Icon]</texture>
						</control>
						<control type="image">
							<width>270</width>
							<height>405</height>
							<texture colordiffuse="$VAR[DiffuseColor]">views/white_100.png</texture>
							<animation center="auto" condition="Control.HasFocus(530)" easing="inout" effect="fade" end="0" start="100" time="300" tween="sine">Focus</animation>
							<animation center="auto" condition="Control.HasFocus(530)" easing="inout" effect="fade" end="100" start="0" time="300" tween="sine">UnFocus</animation>
						</control>
						<control type="group">
							<right>0</right>
							<include>WatchedIndicator2</include>
						</control>
						<control type="button">
							<left>-10</left>
							<bottom>-90</bottom>
							<width>290</width>
							<height>70</height>
							<font>tile</font>
							<align>center</align>
							<aligny>top</aligny>
							<textcolor>$VAR[TextColor]</textcolor>
							<focusedcolor>$VAR[TextColor]</focusedcolor>
							<disabledcolor>FF484848</disabledcolor>
							<texturefocus>view\white_0.png</texturefocus>
							<wrapmultiline>true</wrapmultiline>
							<label>$INFO[ListItem.Label]</label>
						</control>
					</control>
				</focusedlayout>
			</control>
		</control>
	</include>
</includes>