<?xml version='1.0' encoding='UTF-8'?>
<shortcuts>
    <shortcut>
        <label>342</label>
        <label2>Common Shortcut</label2>
        <defaultID>movies</defaultID>
        <icon>DefaultAddonMusicVideoInfo.png</icon>
        <action>ActivateWindow(Videos,MovieTitles,return)</action>
    </shortcut>
    <shortcut>
        <label>20343</label>
        <label2>Common Shortcut</label2>
        <defaultID>tvshows</defaultID>
        <icon>home/tv.png</icon>
        <action>ActivateWindow(Videos,TVShowTitles,return)</action>
    </shortcut>
    <shortcut>
        <label>132</label>
        <label2>32019</label2>
        <defaultID>music</defaultID>
        <icon>home/music.png</icon>
        <thumb />
        <action>ActivateWindow(Music,musicdb://albums/,return)</action>
    </shortcut>
</shortcuts>