<?xml version="1.0" encoding="UTF-8"?>
<window>
	<!-- musicinformation -->
	<defaultcontrol always="true">9000</defaultcontrol>
	<controls>
		<control type="group">
			<!-- Image -->
			<control type="image">
				<bottom>0</bottom>
				<width>100%</width>
				<height>600</height>
				<fadetime>80</fadetime>
				<texture colordiffuse="$VAR[MaterialColorDark]">color_white.png</texture>
			</control>
			<control type="image">
				<bottom>0</bottom>
				<width>100%</width>
				<height>100</height>
				<fadetime>80</fadetime>
				<texture colordiffuse="$VAR[Fade]">color_white.png</texture>
			</control>
			<control type="image">
				<centerright>13%</centerright>
				<centerbottom>33%</centerbottom>
				<width>400</width>
				<height>400</height>
				<fadetime>80</fadetime>
				<aspectratio>keep</aspectratio>
				<texture>$INFO[ListItem.Icon]</texture>
			</control>
			<control type="group">
				<visible>Container.Content(artists)</visible>
				<top>500</top>
				<left>50</left>
				<control type="label">
					<width>800</width>
					<height>50</height>
					<font>Reg35</font>
					<align>left</align>
					<aligny>center</aligny>
					<textcolor>$VAR[FocusedColor]</textcolor>
					<label>$INFO[ListItem.Artist]</label>
				</control>
				<control type="label">
					<top>50</top>
					<width>1200</width>
					<height>20</height>
					<font>Reg20</font>
					<align>left</align>
					<aligny>center</aligny>
					<textcolor>$VAR[UnFocusedColor]</textcolor>
					<label fallback="10006">$INFO[ListItem.Property(Artist_YearsActive)]$INFO[ListItem.Property(Artist_Style), | ]$INFO[ListItem.Property(Artist_Formed), | ]</label>
				</control>
				<control type="textbox">
					<top>75</top>
					<width>1200</width>
					<height>400</height>
					<font>Reg25</font>
					<align>left</align>
					<textcolor>$VAR[UnFocusedColor]</textcolor>
					<label fallback="10005">$INFO[ListItem.Property(Artist_Description)]</label>
				</control>
			</control>
			<control type="group">
				<visible>Container.Content(albums)</visible>
				<top>500</top>
				<left>50</left>
				<control type="label">
					<width>1200</width>
					<height>50</height>
					<font>Reg35</font>
					<align>left</align>
					<aligny>center</aligny>
					<textcolor>$VAR[FocusedColor]</textcolor>
					<label>$INFO[ListItem.Album]</label>
				</control>
				<control type="label">
					<top>50</top>
					<width>1200</width>
					<height>20</height>
					<font>Reg20</font>
					<align>left</align>
					<aligny>center</aligny>
					<textcolor>$VAR[UnFocusedColor]</textcolor>
					<label fallback="10006">$INFO[ListItem.Year]$INFO[ListItem.Genre, | ]$INFO[ListItem.Duration, | ]</label>
				</control>
				<control type="textbox">
					<top>75</top>
					<width>1200</width>
					<height>400</height>
					<font>Reg25</font>
					<align>left</align>
					<textcolor>$VAR[UnFocusedColor]</textcolor>
					<label fallback="10005">$INFO[ListItem.Property(Album_Description)]</label>
				</control>
			</control>
			<control type="group">
				<visible>Container.Content(songs)</visible>
				<top>500</top>
				<left>50</left>
				<control type="label">
					<width>1200</width>
					<height>50</height>
					<font>Reg35</font>
					<align>left</align>
					<aligny>center</aligny>
					<textcolor>$VAR[FocusedColor]</textcolor>
					<label>$INFO[ListItem.Title]</label>
				</control>
				<control type="label">
					<top>50</top>
					<width>1200</width>
					<height>20</height>
					<font>Reg20</font>
					<align>left</align>
					<aligny>center</aligny>
					<textcolor>$VAR[UnFocusedColor]</textcolor>
					<label fallback="10006">$INFO[ListItem.Year]$INFO[ListItem.Genre, | ]$INFO[ListItem.Duration, | ]</label>
				</control>
				<control type="textbox">
					<top>75</top>
					<width>1200</width>
					<height>300</height>
					<font>Reg25</font>
					<align>left</align>
					<textcolor>$VAR[UnFocusedColor]</textcolor>
					<label fallback="10005">$INFO[ListItem.Property(Album_Description)]</label>
				</control>
			</control>

			<control type="image">
				<left>50</left>
				<top>880</top>
				<width>120</width>
				<height>80</height>
				<aspectratio>keep</aspectratio>
				<texture colordiffuse="$VAR[White]" fallback="flags/default_studio.png">$INFO[ListItem.FileExtension,flags/audio/,.png]</texture>
				<visible>!String.IsEmpty(ListItem.FileExtension)</visible>
			</control>

			<!-- Star Rating
			<control type="image">
				<centerleft>38%</centerleft>
				<centertop>48%</centertop>
				<width>147</width>
				<height>24</height>
				<aspectratio>keep</aspectratio>
				<texture colordiffuse="$VAR[White]">$VAR[StarRating]</texture>
				<visible>!String.Contains(Container.Content, seasons)</visible>
			</control> -->

			<control type="grouplist" id="9000">
				<bottom>0</bottom>
				<left>20</left>
				<width>100%</width>
				<height>85</height>
				<itemgap>10</itemgap>
				<orientation>horizontal</orientation>

				<control type="button" id="6">
					<include>InfoButton</include>
				</control>

				<control type="button" id="7">
					<include>InfoButton</include>
				</control>

				<control type="button" id="10">
					<include>InfoButton</include>
				</control>

				<control type="button" id="12">
					<include>InfoButton</include>
				</control>

			</control>
		</control>
	</controls>
</window>