<?xml version="1.0" encoding="UTF-8"?>
<window>
	<!-- movieinformation -->
	<defaultcontrol always="true">97</defaultcontrol>
	<onload condition="System.HasAddon(script.tvtunes)">RunScript(script.tvtunes,backend=True)</onload>
	<controls>
		<control type="group">
			<!-- Image -->
			<control type="image">
				<bottom>0</bottom>
				<width>100%</width>
				<height>600</height>
				<fadetime>80</fadetime>
				<texture colordiffuse="$VAR[MaterialColorDark]">color_white.png</texture>
			</control>
			<control type="image">
				<bottom>0</bottom>
				<width>100%</width>
				<height>100</height>
				<fadetime>80</fadetime>
				<texture colordiffuse="$VAR[Fade]">color_white.png</texture>
			</control>
			<control type="image">
				<centerright>13%</centerright>
				<centerbottom>33%</centerbottom>
				<width>400</width>
				<height>400</height>
				<fadetime>80</fadetime>
				<aspectratio>keep</aspectratio>
				<texture>$INFO[ListItem.Icon]</texture>
				<visible>!Control.IsVisible(50)</visible>
			</control>
			<control type="group">
				<visible>!Control.IsVisible(50)</visible>
				<top>500</top>
				<left>50</left>
				<control type="label">
					<width>1400</width>
					<height>50</height>
					<font>Reg35</font>
					<align>left</align>
					<aligny>center</aligny>
					<textcolor>$VAR[FocusedColor]</textcolor>
					<label>$VAR[ListLabelNF]</label>
				</control>
				<control type="label">
					<top>50</top>
					<width>1200</width>
					<height>20</height>
					<font>Reg20</font>
					<align>left</align>
					<aligny>center</aligny>
					<textcolor>$VAR[UnFocusedColor]</textcolor>
					<label fallback="10006">$INFO[ListItem.Year]$INFO[ListItem.Duration, | ]$INFO[ListItem.Genre, | ]$INFO[ListItem.Mpaa, | ]</label>
				</control>
				<control type="textbox">
					<top>75</top>
					<width>1200</width>
					<height>300</height>
					<font>Reg25</font>
					<align>left</align>
					<textcolor>$VAR[UnFocusedColor]</textcolor>
					<label fallback="10005">$VAR[BillboardPlot]</label>
				</control>				
				<control type="grouplist">
					<top>400</top>
					<width>120%</width>
					<height>560</height>
					<itemgap>10</itemgap>
					<orientation>vertical</orientation>
					<usecontrolcoords>true</usecontrolcoords>
					<control type="label">
						<height>20</height>
						<font>Tile</font>
						<align>left</align>
						<scroll>true</scroll>
						<textcolor>$VAR[FocusedColor]</textcolor>
						<label>$INFO[ListItem.Studio,$LOCALIZE[29909]: ]</label>
					</control>
					<control type="label">
						<height>20</height>
						<font>Tile</font>
						<align>left</align>
						<scroll>true</scroll>
						<textcolor>$VAR[FocusedColor]</textcolor>
						<label>$INFO[ListItem.Director,$LOCALIZE[31086]: ]</label>
					</control>
				</control>
			</control>
		</control>

		<!-- Button grouplist
		<control type="grouplist">
			<left>50</left>
			<top>200</top>
			<width>120%</width>
			<height>800</height>
			<itemgap>10</itemgap>
			<orientation>vertical</orientation>
			<usecontrolcoords>true</usecontrolcoords>
			<control type="group">
				<height>55</height>
				<control type="image">
					<width>147</width>
					<height>24</height>
					<aspectratio>keep</aspectratio>
					<texture colordiffuse="$VAR[TextColor]">$VAR[StarRating]</texture>
					<visible>!String.Contains(Container.Content, seasons)</visible>
				</control>
				<control type="label">
					<left>150</left>
					<width>147</width>
					<height>24</height>
					<font>Tile</font>
					<align>left</align>
					<aligny>center</aligny>
					<scroll>true</scroll>
					<label>$INFO[ListItem.Rating,,/10]</label>
					<visible>!String.Contains(Container.Content, seasons)</visible>
				</control>
			</control>
		</control> -->

		<!-- Button grouplist -->
		<control type="grouplist" id="5000">
			<bottom>0</bottom>
			<left>20</left>
			<width>100%</width>
			<height>85</height>
			<itemgap>10</itemgap>
			<orientation>horizontal</orientation>
			<!-- Play/Browse Button -->
			<control type="button" id="97">
				<include>InfoButton</include>
				<label>$INFO[Control.GetLabel(8)]</label>
				<onclick>SendClick(movieinformation,8)</onclick>
				<visible>Control.IsVisible(8)</visible>
			</control>
			<!-- Cast Button -->
			<control type="button" id="5">
				<include>InfoButton</include>
				<label>$LOCALIZE[206]</label>
				<onclick>SetFocus(50)</onclick>
			</control>
			<!-- Trailer Button -->
			<control type="button" id="11">
				<include>InfoButton</include>
				<label>$LOCALIZE[20410]</label>
				<visible>!String.IsEmpty(ListItem.Trailer)</visible>
			</control>
			<!-- Refresh Button -->
			<control type="button" id="6">
				<include>InfoButton</include>
				<label>$LOCALIZE[184]</label>
			</control>
			<!-- Art Button -->
			<control type="button" id="99">
				<include>InfoButton</include>
				<label>$LOCALIZE[31084]</label>
				<onclick condition="System.HasAddon(script.toolbox) + System.HasAddon(script.artwork.downloader)">SetProperty(Dialog.NumItems,2)</onclick>
				<onclick condition="System.HasAddon(script.toolbox) + System.HasAddon(script.artwork.downloader)">SetProperty(Dialog.1.Label,Default Scraper)</onclick>
				<onclick condition="System.HasAddon(script.toolbox) + System.HasAddon(script.artwork.downloader)">SetProperty(Dialog.1.BuiltIn,SendClick(movieinformation,10))</onclick>
				<onclick condition="System.HasAddon(script.toolbox) + System.HasAddon(script.artwork.downloader)">SetProperty(Dialog.2.Label,Artwork Downloader)</onclick>
				<onclick condition="System.HasAddon(script.toolbox) + System.HasAddon(script.artwork.downloader) + Listitem.DBType(tvshow)">SetProperty(Dialog.2.BuiltIn,RunScript(script.artwork.downloader, mode=gui, mediatype=tvshow, dbid=$INFO[ListItem.DBID]))</onclick>
				<onclick condition="System.HasAddon(script.toolbox) + System.HasAddon(script.artwork.downloader) + Listitem.DBType(movie)">SetProperty(Dialog.2.BuiltIn,RunScript(script.artwork.downloader, mode=gui, mediatype=movie, dbid=$INFO[ListItem.DBID]))</onclick>
				<onclick condition="System.HasAddon(script.toolbox) + System.HasAddon(script.artwork.downloader)">RunScript(script.toolbox,info=selectdialog,header=Choose method)</onclick>
				<onclick condition="!System.HasAddon(script.toolbox) | !System.HasAddon(script.artwork.downloader)]">SendClick(movieinformation,10)</onclick>
			</control>
		</control>

		<!-- Cast -->
		<control type="fixedlist" id="50">
			<centerbottom>33%</centerbottom>
			<width>100%</width>
			<height>400</height>
			<onup>noop</onup>
			<ondown>98</ondown>
			<ondown>SendClick(5)</ondown>
			<onleft>noop</onleft>
			<onright>noop</onright>
			<onback>9000</onback>
			<preloaditems>2</preloaditems>
			<focusposition>0</focusposition>
			<orientation>horizontal</orientation>
			<viewtype label="31520">list</viewtype>
			<scrolltime tween="sine" easing="inout">360</scrolltime>
			<animation effect="fade" start="0" end="100" time="200">Visible</animation>
			<itemlayout height="400" width="277">
				<control type="group">
					<left>50</left>
					<control type="image">
						<width>267</width>
						<height>400</height>
						<aspectratio>scale</aspectratio>
						<texture background="true">$INFO[ListItem.Icon]</texture>
					</control>
					<control type="image">
						<width>267</width>
						<height>400</height>
						<texture colordiffuse="$VAR[DiffuseColor]">views/white_100.png</texture>
					</control>
				</control>
			</itemlayout>
			<focusedlayout height="400" width="277">
				<control type="group">
					<left>50</left>
					<animation center="auto" easing="inout" effect="zoom" end="105" start="100" time="300" tween="sine">Focus</animation>
					<animation center="auto" easing="inout" effect="zoom" end="100" start="105" time="300" tween="sine">UnFocus</animation>
					<control type="image">
						<width>267</width>
						<height>400</height>
						<aspectratio>scale</aspectratio>
						<texture background="true">$INFO[ListItem.Icon]</texture>
					</control>
					<control type="image">
						<width>267</width>
						<height>400</height>
						<texture colordiffuse="$VAR[DiffuseColor]">views/white_100.png</texture>
						<animation center="auto" condition="Control.HasFocus(50)" easing="inout" effect="fade" end="0" start="100" time="300" tween="sine">Focus</animation>
						<animation center="auto" condition="Control.HasFocus(50)" easing="inout" effect="fade" end="100" start="0" time="300" tween="sine">UnFocus</animation>
					</control>
					<control type="image">
						<width>267</width>
						<height>400</height>
						<texture colordiffuse="$VAR[TextColor]" border="11">views/border.png</texture>
						<animation center="auto" condition="Control.HasFocus(50)" easing="inout" effect="fade" end="100" start="0" time="300" tween="sine">Focus</animation>
						<animation center="auto" condition="Control.HasFocus(50)" easing="inout" effect="fade" end="0" start="100" time="300" tween="sine">UnFocus</animation>
					</control>
				</control>
			</focusedlayout>
		</control>
		<control type="label">
			<left>50</left>
			<bottom>100</bottom>
			<width>99%</width>
			<height>50</height>
			<font>Reg30</font>
			<textcolor>$VAR[White]</textcolor>
			<label>$INFO[Container(50).ListItem.Label] [COLOR=$VAR[SecondaryColor]]$LOCALIZE[20347][/COLOR] $INFO[Container(50).ListItem.Label2]</label>
			<visible>String.Contains(Control.GetLabel(5),$LOCALIZE[207])</visible>
		</control>

		<!-- Browse/Play Button -->
		<control type="togglebutton" id="8">
			<top>-300</top>
			<label>208</label>
			<altlabel>1024</altlabel>
			<usealttexture>Listitem.DBType(tvshow) | Listitem.DBType(season)</usealttexture>
		</control>

		<!-- Get Thumb Button -->
		<control type="button" id="10">
			<include>HiddenControl</include>
		</control>

		<!-- Artwork Downloader Button -->
		<control type="button" id="20">
			<include>HiddenControl</include>
			<onclick condition="Listitem.DBType(tvshow)">RunScript(script.artwork.downloader, mode=gui, mediatype=tvshow, dbid=$INFO[ListItem.DBID])</onclick>
			<onclick condition="Listitem.DBType(movie)">RunScript(script.artwork.downloader, mode=gui, mediatype=movie, dbid=$INFO[ListItem.DBID])</onclick>
		</control>
	</controls>
</window>