<?xml version="1.0" encoding="UTF-8"?>
<window>
	<!-- programs -->
	<backgroundcolor>$VAR[BackgroundColor]</backgroundcolor>
	<defaultcontrol always="true">50</defaultcontrol>
    <onload>Skin.SetString(snapwindow, programs)</onload>
    <onload>Skin.SetString(snapico, home/snap/addon.png,0)</onload>
    <onload>Skin.SetString(snapname,Addons)</onload>
	<menucontrol>3000</menucontrol>
	<views>50,520,535</views>
	<controls>
		<!-- Hidden controls -->
		<control type="button" id="4">
			<include>HiddenControl</include>
		</control>
		<control type="button" id="19">
			<include>HiddenControl</include>
		</control>
		<control type="group">
			<animation type="Conditional" condition="Window.IsActive(contextmenu)">
				<effect type="zoom" center="auto" start="100" end="95" time="200" tween="cubic" easing="out"/>
			</animation>
			<!-- Fanart -->
			<include>Fanart</include>
	        <!-- Now Playing Video -->
			<include>WindowBackgroundVideo</include>
		</control>
		<!-- Main group -->
		<control type="group">
			<include>WindowFadeAnimation</include>
			
			<!-- Views -->
			<include>Viewtype_50_List</include>
			<include>Viewtype_520_RowSquare</include>
			<include>Viewtype_535_RowPoster</include>
			<!-- Now Playing Music -->
			<include>PlayingMusicWindow</include>
		</control>
			<include>ScrollBars</include>
		<!-- Options -->
		<control type="image">
			<include>VisibleFadeAnimation</include>
			<include>FullscreenDimensions</include>
			<texture colordiffuse="$VAR[BackgroundColor]">views/white_70.png</texture>
			<visible>Control.HasFocus(3000)</visible>
		</control>
		<control type="fixedlist" id="3000">
			<centerleft>20%</centerleft>
			<centertop>40%</centertop>
			<width>500</width>
			<height>100%</height>
			<onup>50</onup>
			<ondown>50</ondown>
			<onback>50</onback>
			<onleft condition="String.IsEmpty(Container(3000).ListItem.Property(ActionLeft))">50</onleft>
			<onright condition="String.IsEmpty(Container(3000).ListItem.Property(ActionRight))">50</onright>
			<onleft condition="!String.IsEmpty(Container(3000).ListItem.Property(ActionLeft))">$INFO[Container(3000).ListItem.Property(ActionLeft)]</onleft>
			<onright condition="!String.IsEmpty(Container(3000).ListItem.Property(ActionRight))">$INFO[Container(3000).ListItem.Property(ActionRight)]</onright>
			<movement>6</movement>
			<focusposition>6</focusposition>
			<orientation>vertical</orientation>
			<defaultcontrol always="true">0</defaultcontrol>
			<scrolltime tween="sine" easing="inout">200</scrolltime>
			<visible allowhiddenfocus="true">Control.HasFocus(3000)</visible>
			<include>OptionsAnimation</include>
			<itemlayout width="500" height="100">
				<control type="image">
					<width>500</width>
					<height>100</height>
					<texture colordiffuse="$VAR[MaterialColor]" border="9">views/Card_bg_white.png</texture>
				</control>
				<control type="label">
					<width>500</width>
					<height>100</height>
					<font>Thin20</font>
					<alignx>center</alignx>
					<align>center</align>
					<textcolor>$VAR[White]</textcolor>
					<label>$INFO[ListItem.Label2]</label>
				</control>
			</itemlayout>
			<focusedlayout width="500" height="100">
				<control type="image">
					<width>500</width>
					<height>100</height>
					<texture colordiffuse="$VAR[SecondaryColor]" border="9">views/Card_bg_white.png</texture>
				</control>
				<control type="label">
					<width>500</width>
					<height>100</height>
					<font>Thin20</font>
					<alignx>center</alignx>
					<align>center</align>
					<textcolor>$VAR[TextColor]</textcolor>
					<label>$INFO[ListItem.Label]</label>
				</control>
			</focusedlayout>
			<content>
				<!-- Viewmode -->
				<item>
					<onclick>SetFocus(50)</onclick>
					<label>‹ $LOCALIZE[535] ›</label>
					<label2>$LOCALIZE[535]</label2>
					<property name="ActionLeft">Container.PreviousViewMode</property>
					<property name="ActionRight">Container.NextViewMode</property>
					<visible>Control.IsVisible(50)</visible>
				</item>
				<item>
					<onclick>SetFocus(520)</onclick>
					<label>‹ $LOCALIZE[31500] ›</label>
					<label2>$LOCALIZE[31520]</label2>
					<property name="ActionLeft">Container.PreviousViewMode</property>
					<property name="ActionRight">Container.NextViewMode</property>
					<visible>Control.IsVisible(520)</visible>
				</item>
				<item>
					<onclick>SetFocus(535)</onclick>
					<label>‹ $LOCALIZE[31501] ›</label>
					<label2>$LOCALIZE[31535]</label2>
					<property name="ActionLeft">Container.PreviousViewMode</property>
					<property name="ActionRight">Container.NextViewMode</property>
					<visible>Control.IsVisible(535)</visible>
				</item>
				<!-- Filter -->
				<item>
					<onclick>SetFocus(50)</onclick>
					<onclick condition="Container.CanFilter + !Container.CanFilterAdvanced">SetFocus(19)</onclick>
					<onclick condition="Container.CanFilter + !Container.CanFilterAdvanced">Select</onclick>
					<onclick condition="Container.CanFilter + !Container.CanFilterAdvanced">SetFocus(50)</onclick>
					<onclick condition="Container.CanFilterAdvanced">Filter</onclick>
					<label>587</label>
					<label2>587</label2>
					<visible>Container.CanFilter | Container.CanFilterAdvanced</visible>
				</item>
			</content>
		</control>
		<!--> Logo <!-->
		<include>Logo</include>
	</controls>
</window>