<?xml version="1.0" encoding="UTF-8"?>
<includes>
	<include name="Viewtype_510_Pics">
		<control type="group">
			<visible>Control.IsVisible(510)</visible>

			<!-- List -->
			<control type="group">
				<animation type="WindowOpen">
					<effect type="slide" start="0,1000" end="0" center="auto" tween="Cubic" easing="inout" time="600"/>
				</animation>
				<animation type="WindowClose">
					<effect type="slide" start="0" end="0,1000" center="auto" tween="Cubic" easing="inout" time="600"/>
				</animation>
				<control type="image">
					<bottom>0</bottom>
					<width>100%</width>
					<height>25%</height>
					<aspectratio>scale</aspectratio>
					<texture colordiffuse="$VAR[MaterialColorDark]">color_white.png</texture>
					<animation type="WindowOpen">
						<effect type="slide" start="0,1000" end="0" center="auto" tween="Cubic" easing="inout" time="600"/>
					</animation>
					<animation type="WindowClose">
						<effect type="slide" start="0" end="0,1000" center="auto" tween="Cubic" easing="inout" time="600"/>
					</animation>
				</control>

				<control type="image">
					<centerleft>50%</centerleft>
					<top>50</top>
					<width>1000</width>
					<height>650</height>
					<aspectratio>keep</aspectratio>
					<texture>$VAR[PictureFanart]</texture>
				</control>

				<control type="label">
					<centerleft>50%</centerleft>
					<centerbottom>30%</centerbottom>
					<width>100%</width>
					<height>70</height>
					<font>Tile2</font>
					<align>center</align>
					<textcolor>$VAR[White]</textcolor>
					<label>$INFO[Container(510).ListItem(0).label]</label>
					<animation type="Unfocus">
						<effect type="fade" start="100" end="0" center="auto" tween="sine"  easing="inout" time="100"/>
					</animation>
					<visible>Control.HasFocus(510)</visible>
				</control>

				<control type="fixedlist" id="510">
					<left>0</left>
					<bottom>10</bottom>
					<width>100%</width>
					<height>220</height>
					<bottom>0</bottom>
					<ondown condition="Player.HasAudio">9051</ondown>
					<onleft>510</onleft>
					<onright>510</onright>
					<pagecontrol>60</pagecontrol>
					<focusposition>2</focusposition>
					<movement>-1</movement>
					<orientation>horizontal</orientation>
					<viewtype label="535">list</viewtype>
					<visible>!Skin.ToggleSetting(disable510)</visible>
					<scrolltime tween="Cubic" easing="inout">200</scrolltime>
					<include>MediaInfoHideAnimation</include>
					<itemlayout height="200" width="250">
						<control type="image">
							<width>200</width>
							<height>200</height>
							<texture>$INFO[ListItem.Icon]</texture>
							<aspectratio>keep</aspectratio>
						</control>
					</itemlayout>
					<focusedlayout height="200" width="250">
						<control type="image">
							<animation type="Focus">
								<effect type="zoom" start="100" end="110" center="auto" tween="Cubic" easing="in" time="500"/>
							</animation>
							<width>200</width>
							<height>200</height>
							<texture>$INFO[ListItem.Icon]</texture>
							<aspectratio>keep</aspectratio>
						</control>
					</focusedlayout>
				</control>

			</control>
		</control>
	</include>
</includes>