<?xml version="1.0" encoding="UTF-8"?>
<window id="9085">
	<defaultcontrol always="true">10</defaultcontrol>
	<backgroundcolor>$VAR[BackgroundColor2]</backgroundcolor>
	<onload condition="Container(1).HasFocus(2)">Control.Move(1,-1)</onload>
	<onload condition="Container(1).HasFocus(3)">Control.Move(1,-2)</onload>
	<onload condition="Container(1).HasFocus(4)">Control.Move(1,-3)</onload>
	<onload condition="Container(1).HasFocus(5)">Control.Move(1,-4)</onload>
	<onload condition="Container(1).HasFocus(6)">Control.Move(1,-5)</onload>
	<onload condition="Container(1).HasFocus(7)">Control.Move(1,-6)</onload>
	<onload condition="Container(1).HasFocus(8)">Control.Move(1,-7)</onload>
	<onload condition="Container(1).HasFocus(9)">Control.Move(1,-8)</onload>
	<onload condition="Container(1).HasFocus(10)">Control.Move(1,-9)</onload>

	<onload condition="!Skin.HasSetting(musictoggle)">Skin.SetString(MusicToggle, 1)</onload>
	<onload condition="!Skin.HasSetting(musicbackgroundtoggle)">Skin.SetString(MusicBackgroundToggle, FM)</onload>

	<onload condition="!Skin.HasSetting(enableShowcase)">Skin.ToggleSetting(enableShowcase)</onload>
	<onload condition="!Skin.HasSetting(showFanart)">Skin.ToggleSetting(showFanart)</onload>
	<onload condition="!Skin.HasSetting(showMoviegroup)">Skin.ToggleSetting(showMoviegroup)</onload>
	<onload condition="!Skin.HasSetting(showMusicgroup)">Skin.ToggleSetting(showMusicgroup)</onload>
	<onload condition="!Skin.HasSetting(enableFlags)">Skin.ToggleSetting(enableFlags)</onload>
	<onload condition="!Skin.HasSetting(enableFavourites)">Skin.ToggleSetting(enableFavourites)</onload>
	<onload condition="!Skin.HasSetting(backgroundcolor)">Skin.ToggleSetting(backgroundcolor)</onload>
	<onload condition="!Skin.HasSetting(enableAnimation)">Skin.ToggleSetting(enableAnimation)</onload>
	<onload condition="!Skin.HasSetting(Delayedinfo)">Skin.ToggleSetting(Delayedinfo)</onload>
	<controls>
		<include>WindowBackgroundImage</include>
		<include>Logo</include>
		<control type="label">
			<left>10</left>
			<bottom>10</bottom>
			<width>100%</width>	
			<height>30</height>
			<label>31999</label>
			<aligny>left</aligny>
			<font>Light27</font>
			<textcolor>$VAR[UnFocusedColor]</textcolor>						
		</control>

		<control type="label">
			<left>10</left>
			<bottom>40</bottom>
			<width>100%</width>	
			<height>30</height>
			<label>$LOCALIZE[31000]</label>
			<aligny>left</aligny>
			<font>Light27</font>
			<textcolor>$VAR[UnFocusedColor]</textcolor>
			<visible>!Container(1).HasFocus(1)</visible>		
		</control>

		<control type="label">
			<left>50</left>
			<top>20</top>
			<width>100%</width>	
			<height>30</height>
			<label>$LOCALIZE[31001]</label>
			<aligny>left</aligny>
			<font>LargeLogo</font>
			<textcolor>$VAR[UnFocusedColor]</textcolor>
			<visible>Container(1).HasFocus(1)</visible>					
		</control>

		<control type="label">
			<left>50</left>
			<top>20</top>
			<width>100%</width>	
			<height>30</height>
			<label>$LOCALIZE[31002]</label>
			<aligny>left</aligny>
			<font>LargeLogo</font>
			<textcolor>$VAR[UnFocusedColor]</textcolor>
			<visible>Container(1).HasFocus(2)</visible>				
		</control>

		<control type="label">
			<left>50</left>
			<top>20</top>
			<width>100%</width>	
			<height>30</height>
			<label>$LOCALIZE[31003]</label>
			<aligny>left</aligny>
			<font>LargeLogo</font>
			<textcolor>$VAR[UnFocusedColor]</textcolor>
			<visible>Container(1).HasFocus(3)</visible>					
		</control>

		<control type="label">
			<left>50</left>
			<top>20</top>
			<width>100%</width>	
			<height>30</height>
			<label>$LOCALIZE[31001]</label>
			<aligny>left</aligny>
			<font>LargeLogo</font>
			<textcolor>$VAR[UnFocusedColor]</textcolor>
			<visible>Container(1).HasFocus(4)</visible>					
		</control>

		<!--> List <!-->
		<control type="list" id="1">
			<description>Control list</description>
			<height>0</height>
			<width>0</width>
			<scrolltime>0</scrolltime>
			<viewtype>icon</viewtype>
			<defaultcontrol>1</defaultcontrol>
			<itemlayout width="240" height="60"/>
			<focusedlayout width="240" height="60"/>
			<content>
				<item id="1">
					<label>$LOCALIZE[31004]</label>
					<onclick>-</onclick>
				</item>
				<item id="2">
					<label>$LOCALIZE[31002]</label>
					<onclick>-</onclick>	
				</item>
				<item id="3">
					<label>$LOCALIZE[31003]</label>
					<onclick>-</onclick>
				</item>
				<item id="4">
					<label>$LOCALIZE[31017]</label>
					<onclick>-</onclick>
				</item>
			</content>
		</control>

		<!--> Welcome <!-->
		<control type="group">
			<visible>Container(1).HasFocus(1)</visible>
			<include>HomeListAnimation</include>
			<animation type="Visible">
				<effect type="slide" start="1000" end="0" time="200" tween="sine" easing="inout" center="auto" />
				<effect type="fade" start="0" end="100" time="200" tween="sine" easing="in" />
			</animation>
			<animation type="Hidden">
				<effect type="slide" start="0" end="-1000" time="500" tween="sine" easing="inout" center="auto" />
				<effect type="fade" start="100" end="0" time="200" tween="sine" easing="out" />
			</animation>
			<centerleft>50%</centerleft>
			<centertop>50%</centertop>
			<width>500</width>
			<height>80</height>
			<control type="button" id="10">
				<width>500</width>
				<height>80</height>
				<label>$LOCALIZE[31004]</label>
				<font>Font-Condensed-S30-B</font>
				<align>center</align>
				<textcolor>$VAR[UnFocusedColor]</textcolor>
				<texturefocus colordiffuse="$VAR[SecondaryColor]">views/white_100.png</texturefocus>
				<texturenofocus colordiffuse="$VAR[BackgroundColor]">views/white_100.png</texturenofocus>
				<invalidcolor>$VAR[DisabledColor]</invalidcolor>
				<disabledcolor>$VAR[DisabledColor]</disabledcolor>
				<onclick>Control.SetFocus(20,0)</onclick>
				<onclick>Control.Move(1,1)</onclick>
			</control>
			<control type="image">
				<left>-30</left>
				<top>-30</top>
				<width>560</width>
				<height>140</height>
				<texture colordiffuse="$VAR[SecondaryColor]" border="40">fo.png</texture>
				<visible>Control.HasFocus(10)</visible>
			</control>
		</control>

		<!--> Setup 1 Colors <!-->
		<control type="group">
			<visible>Container(1).HasFocus(2)</visible>
			<animation type="Visible">
				<effect type="slide" start="1000" end="0" time="500" tween="sine" easing="inout" center="auto" />
				<effect type="fade" start="0" end="100" delay="200" time="200" tween="sine" easing="in" />
			</animation>
			<animation type="Hidden">
				<effect type="slide" start="0" end="-1000" time="200" tween="sine" easing="inout" center="auto" />
				<effect type="fade" start="100" end="0" time="200" tween="sine" easing="out" />
			</animation>
			<control type="group">
				<centerleft>350</centerleft>
				<centertop>50%</centertop>
				<width>560</width>
				<height>420</height>
				<control type="list" id="20">
					<width>100%</width>
					<height>900</height>
					<onright condition="Container(20).HasFocus(2)">3110</onright>
					<onright condition="Container(20).HasFocus(3)">3111</onright>
					<onright condition="Container(20).HasFocus(4)">3112</onright>
					<onright condition="Container(20).HasFocus(5)">3113</onright>
					<onright condition="Container(20).HasFocus(6)">3114</onright>
					<onright condition="Container(20).HasFocus(7)">3115</onright>
					<itemlayout width="510" height="140">
						<control type="group">
							<left>20</left>
							<top>20</top>
							<control type="image">
								<width>500</width>
								<height>140</height>
								<texture colordiffuse="$VAR[BackgroundColor]">common/white.png</texture>
								<aspectratio>stretch</aspectratio>
							</control>
							<control type="label">
								<left>20</left>
								<width>500</width>
								<height>140</height>
								<label>$INFO[Listitem.label]</label>
								<align>left</align>
								<aligny>center</aligny>
								<font>Tile</font>
								<textcolor>$VAR[FocusedColor]</textcolor>
							</control>
						</control>
					</itemlayout>
					<focusedlayout width="510" height="140">
						<control type="group">
							<left>20</left>
							<top>20</top>
							<control type="image">
								<width>500</width>
								<height>140</height>
								<texture colordiffuse="$VAR[SecondaryColor]">common/white.png</texture>
								<aspectratio>stretch</aspectratio>
								<visible>!Control.HasFocus(20)</visible>
							</control>
							<control type="image">
								<width>500</width>
								<height>140</height>
								<texture colordiffuse="$VAR[SecondaryColor]">common/white.png</texture>
								<aspectratio>stretch</aspectratio>
								<visible>Control.HasFocus(20)</visible>
							</control>
							<control type="image">
								<left>-30</left>
								<top>-30</top>
								<width>560</width>
								<height>200</height>
								<texture colordiffuse="$VAR[SecondaryColor]" border="40">fo.png</texture>
								<visible>Control.HasFocus(20)</visible>
							</control>
							<control type="label">
								<left>20</left>
								<width>500</width>
								<height>140</height>
								<label>$INFO[Listitem.label]</label>
								<align>left</align>
								<aligny>center</aligny>
								<font>Tile</font>
								<textcolor>$VAR[FocusedColor]</textcolor>
							</control>
						</control>
					</focusedlayout>
					<content>
						<item id="1">
							<label>$LOCALIZE[31005]</label>
							<onclick>Skin.SetImage(backgroundimage,special://skin/extras/wallpapers/)</onclick>
						</item>
						<item id="2">
							<label>Background Colour</label>
							<onclick>Control.SetFocus(3110)</onclick>
						</item>
						<item id="3">
							<label>$LOCALIZE[31006]</label>
							<onclick>Control.SetFocus(3111)</onclick>
						</item>
						<!--><item id="4">
							<label>Diffuse Colour</label>
							<onclick>Control.SetFocus(3112)</onclick>
						</item>
						<item id="5">
							<label>Text Colour</label>
							<onclick>Control.SetFocus(3113)</onclick>
						</item>
						<item id="6">
							<label>Selected Colour</label>
							<onclick>Control.SetFocus(3114)</onclick>
						</item><!-->
						<item id="7">
							<label>$LOCALIZE[31007]</label>
							<onclick>Control.SetFocus(30,0)</onclick>
							<onclick>Control.Move(1,1)</onclick>
						</item>
					</content>
				</control>
			</control>

			<!--> Background <!-->
			<control type="group">
				<left>700</left>
				<top>250</top>
				<visible>Container(1).HasFocus(2) + Container(20).HasFocus(1)</visible>
				<animation type="Visible" reversible="false">
					<effect type="fade" start="0" end="100" time="200"/>
					<effect type="slide" start="500" end="0,0" time="500" tween="cubic" easing="out"/>
				</animation>
				<animation type="Hidden">
					<effect type="fade" start="100" end="0" time="100"/>
					<effect type="slide" start="0,0" end="0,150" time="200" tween="cubic" easing="out"/>
				</animation>
				<control type="label" id="-">
					<top>-100</top>
					<height>70</height>
					<font>LargeLogo</font>
					<textcolor>$VAR[UnFocusedColor]</textcolor>
					<label>$LOCALIZE[31008]</label>
				</control>
				<control type="image">
					<width>1067</width>
					<height>600</height>
					<texture colordiffuse="$VAR[BackgroundColor]">color_white.png</texture>
				</control>
				<control type="image">
					<width>1067</width>
					<height>600</height>
					<texture colordiffuse="$VAR[BackgroundColor2]">$INFO[Skin.String(backgroundimage)]</texture>
					<aspectratio>scale</aspectratio>
				</control>
				<control type="image">
					<width>1067</width>
					<height>600</height>
					<texture colordiffuse="$VAR[SecondaryColor]" border="11,43,43,11">views/border.png</texture>
				</control>
			</control>

			<!--> Background Color <!-->
			<control type="group">
				<left>650</left>
				<top>160</top>
				<height>100%</height>
				<visible>[Container(1).HasFocus(2) | Control.HasFocus(3110)] + Container(20).HasFocus(2)</visible>
				<animation type="Visible" reversible="false">
					<effect type="fade" start="0" end="100" time="200"/>
					<effect type="slide" start="500" end="0,0" time="500" tween="cubic" easing="out"/>
				</animation>
				<animation type="Hidden">
					<effect type="fade" start="100" end="0" time="100"/>
					<effect type="slide" start="0,0" end="0,150" time="200" tween="cubic" easing="out"/>
				</animation>
				<control type="label" id="-">
					<top>-100</top>
					<height>70</height>
					<font>LargeLogo</font>
					<textcolor>$VAR[UnFocusedColor]</textcolor>
					<label>$LOCALIZE[31009]</label>
				</control>

				<control type="panel" id="3110">
					<viewtype>icons</viewtype>
					<width>100%</width>
					<height>85%</height>
					<orientation>vertical</orientation>
					<onleft>20</onleft>
					<onright>3111</onright>
					<onup>3111</onup>
					<ondown>3111</ondown>
					<preloaditems>4</preloaditems>
					<pagecontrol>60</pagecontrol>
					<focusposition>-1</focusposition>
					<movement>6</movement>
					<itemlayout height="230" width="230">
						<control type="image">
							<width>220</width>
							<height>220</height>
							<texture>$INFO[ListItem.Icon]</texture>
						</control>
						<include content="BorderSelected2">
							<param name="width">220</param>
							<param name="height">220</param>
							<param name="type">BackgroundColor2</param>
						</include>
					</itemlayout>
					<focusedlayout height="230" width="230">
						<control type="group">
							<animation type="Focus">
								<effect type="zoom" center="auto" start="100" end="110" time="0"/>
							</animation>
							<control type="image">
								<width>220</width>
								<height>220</height>
								<texture>$INFO[ListItem.Icon]</texture>
							</control>
							<control type="image">
								<width>220</width>
								<height>220</height>
								<texture colordiffuse="$VAR[BackgroundColor2]" border="11,43,43,11">views/border.png</texture>
							</control>
							<include content="BorderSelected">
								<param name="width">220</param>
								<param name="height">220</param>
								<param name="type">BackgroundColor2</param>
							</include>
						</control>
					</focusedlayout>
					<content>
						<include content="Colors">
							<param name="type">BackgroundColor2</param>
						</include>
					</content>
				</control>
			</control>

			<!--> Secondary Color <!-->
			<control type="group">
				<left>650</left>
				<top>160</top>
				<height>100%</height>
				<visible>[Container(1).HasFocus(2) | Control.HasFocus(3111)] + Container(20).HasFocus(3)</visible>
				<animation type="Visible" reversible="false">
					<effect type="fade" start="0" end="100" time="200"/>
					<effect type="slide" start="500" end="0,0" time="500" tween="cubic" easing="out"/>
				</animation>
				<animation type="Hidden">
					<effect type="fade" start="100" end="0" time="100"/>
					<effect type="slide" start="0,0" end="0,150" time="200" tween="cubic" easing="out"/>
				</animation>
				<control type="label" id="-">
					<top>-100</top>
					<height>70</height>
					<font>LargeLogo</font>
					<textcolor>$VAR[UnFocusedColor]</textcolor>
					<label>$LOCALIZE[31009]</label>
				</control>

				<control type="panel" id="3111">
					<viewtype>icons</viewtype>
					<width>100%</width>
					<height>85%</height>
					<orientation>vertical</orientation>
					<onleft>20</onleft>
					<onright>3111</onright>
					<onup>3111</onup>
					<ondown>3111</ondown>
					<preloaditems>4</preloaditems>
					<pagecontrol>60</pagecontrol>
					<focusposition>-1</focusposition>
					<movement>6</movement>
					<itemlayout height="230" width="230">
						<control type="image">
							<width>220</width>
							<height>220</height>
							<texture>$INFO[ListItem.Icon]</texture>
						</control>
						<include content="BorderSelected2">
							<param name="width">220</param>
							<param name="height">220</param>
							<param name="type">SecondaryColor</param>
						</include>
					</itemlayout>
					<focusedlayout height="230" width="230">
						<control type="group">
							<animation type="Focus">
								<effect type="zoom" center="auto" start="100" end="110" time="0"/>
							</animation>
							<control type="image">
								<width>220</width>
								<height>220</height>
								<texture>$INFO[ListItem.Icon]</texture>
							</control>
							<control type="image">
								<width>220</width>
								<height>220</height>
								<texture colordiffuse="$VAR[SecondaryColor]" border="11,43,43,11">views/border.png</texture>
							</control>
							<include content="BorderSelected">
								<param name="width">220</param>
								<param name="height">220</param>
								<param name="type">SecondaryColor</param>
							</include>
						</control>
					</focusedlayout>
					<content>
						<include content="Colors">
							<param name="type">SecondaryColor</param>
						</include>
					</content>
				</control>
			</control>
		</control>

		<!--> Setup 2 Layout <!-->
		<control type="group">
			<centerleft>50%</centerleft>
			<top>160</top>
			<width>1320</width>
			<visible>Container(1).HasFocus(3)</visible>
			<animation type="Visible">
				<effect type="slide" start="1000" end="0" time="500" tween="sine" easing="inout" center="auto" />
				<effect type="fade" start="0" end="100" delay="200" time="200" tween="sine" easing="in" />
			</animation>
			<animation type="Hidden">
				<effect type="slide" start="0" end="-1000" time="200" tween="sine" easing="inout" center="auto" />
				<effect type="fade" start="100" end="0" time="200" tween="sine" easing="out" />
			</animation>
			<control type="group">
				<control type="image">
					<width>1244</width>
					<height>700</height>
					<texture colordiffuse="$VAR[SecondaryColor]">color_white.png</texture>
				</control>
				<control type="image">
					<width>1244</width>
					<height>700</height>
					<texture>$INFO[Skin.String(backgroundimage)]</texture>
					<visible>!Skin.HasSetting(backgroundcolor)</visible>
					<aspectratio>scale</aspectratio>
				</control>
				<control type="image">
					<width>1244</width>
					<height>700</height>
					<texture colordiffuse="$VAR[BackgroundColor2]">$INFO[Skin.String(backgroundimage)]</texture>
					<visible>Skin.HasSetting(backgroundcolor)</visible>
					<aspectratio>scale</aspectratio>
				</control>
				<control type="image">
					<width>1244</width>
					<height>700</height>
					<texture background="true" colordiffuse="$VAR[SecondaryColor]">special://skin/extras/layouts/TV.png</texture>
					<visible>Skin.String(DashboardToggle, TV)</visible>
				</control>
				<control type="image">
					<width>1244</width>
					<height>700</height>
					<texture background="true" colordiffuse="$VAR[SecondaryColor]">special://skin/extras/layouts/Game.png</texture>
					<visible>Skin.String(DashboardToggle, Game)</visible>
				</control>
				<control type="image">
					<width>1244</width>
					<height>700</height>
					<texture background="true" colordiffuse="$VAR[SecondaryColor]">special://skin/extras/layouts/Android.png</texture>
					<visible>Skin.String(DashboardToggle, Android)</visible>
				</control>
				<control type="image">
					<width>1244</width>
					<height>700</height>
					<texture colordiffuse="$VAR[MaterialColorDark]" background="true">views/darkvignette.png</texture>
					<visible>Skin.String(DashboardToggle, Netflix)</visible>
				</control>
				<control type="image">
					<width>1244</width>
					<height>700</height>
					<texture background="true" colordiffuse="$VAR[SecondaryColor]">special://skin/extras/layouts/Netflix.png</texture>
					<visible>Skin.String(DashboardToggle, Netflix)</visible>
				</control>
				<control type="image">
					<width>1244</width>
					<height>700</height>
					<texture background="true" colordiffuse="$VAR[SecondaryColor]">special://skin/extras/layouts/Horizontal.png</texture>
					<visible>Skin.String(DashboardToggle, Horizontal)</visible>
				</control>
				<control type="image">
					<width>1244</width>
					<height>700</height>
					<texture background="true" colordiffuse="$VAR[SecondaryColor]">special://skin/extras/layouts/PS3.png</texture>
					<visible>Skin.String(DashboardToggle, Retroarch)</visible>
				</control>
				<control type="image">
					<width>1244</width>
					<height>700</height>
					<texture background="true" colordiffuse="$VAR[SecondaryColor]">special://skin/extras/layouts/Oreo.png</texture>
					<visible>Skin.String(DashboardToggle, Oreo)</visible>
				</control>
				<control type="image">
					<width>1244</width>
					<height>700</height>
					<texture colordiffuse="$VAR[white]" border="11,43,43,11">views/border2.png</texture>
				</control>
			</control>
			<control type="group">
				<visible>!Skin.HasSetting(KioskMode)</visible>
				<left>00</left>
				<top>720</top>
				<control type="image">
					<width>1244</width>
					<height>60</height>
					<texture colordiffuse="$VAR[MaterialColorDark]" border="9">views/Card_bg_white.png</texture>
					<aspectratio>stretch</aspectratio>
					<visible>!Control.HasFocus(30)</visible>
				</control>
				<control type="image">
					<width>1244</width>
					<height>60</height>
					<texture colordiffuse="$VAR[SecondaryColor]" border="9">views/Card_bg_white.png</texture>
					<aspectratio>stretch</aspectratio>
					<visible>Control.HasFocus(30)</visible>
				</control>
				<control type="list" id="30">
					<top>-20</top>
					<width>1244</width>
					<height>90</height>
					<orientation>horizontal</orientation>
					<onleft>30</onleft>
					<onright>30</onright>
					<onup>noop</onup>
					<ondown>31</ondown>
					<preloaditems>4</preloaditems>
					<pagecontrol>60</pagecontrol>
					<focusposition>-1</focusposition>
					<movement>6</movement>
					<scrolltime>500</scrolltime>
					<itemlayout height="100">
						<control type="group">
							<control type="label">
								<height>90</height>
								<left>20</left>
								<label>...</label>
								<align>left</align>
								<font>Tile</font>
								<textcolor>$VAR[White]</textcolor>
							</control>
							<control type="label">
								<height>90</height>
								<label>$INFO[Listitem.label]</label>
								<align>center</align>
								<font>Tile</font>
								<textcolor>$VAR[White]</textcolor>
							</control>
							<control type="label">
								<height>90</height>
								<right>20</right>
								<label>...</label>
								<align>right</align>
								<font>Tile</font>
								<textcolor>$VAR[White]</textcolor>
							</control>
						</control>
					</itemlayout>
					<focusedlayout height="100">
						<control type="button">
							<include>HiddenControl</include>
							<onfocus>Skin.SetString(DashboardToggle,$INFO[Container(30).ListItem.Label2])</onfocus>
						</control>
						<control type="group">
							<control type="label">
								<left>20</left>
								<height>90</height>
								<label>...</label>
								<align>left</align>
								<font>Tile</font>
								<textcolor>$VAR[TextColor]</textcolor>
							</control>
							<control type="label">
								<height>90</height>
								<label>$INFO[Listitem.label]</label>
								<align>center</align>
								<font>Tile</font>
								<textcolor>$VAR[White]</textcolor>
								<visible>!Control.HasFocus(30)</visible>
							</control>
							<control type="label">
								<height>90</height>
								<label>$INFO[Listitem.label]</label>
								<align>center</align>
								<font>Tile</font>
								<textcolor>$VAR[TextColor]</textcolor>
								<visible>Control.HasFocus(30)</visible>
							</control>
							<control type="label">
								<height>90</height>
								<right>20</right>
								<label>...</label>
								<align>right</align>
								<font>Tile</font>
								<textcolor>$VAR[TextColor]</textcolor>
							</control>
						</control>
					</focusedlayout>
					<content>
						<item id="7">
							<label>$LOCALIZE[31044]</label>
							<label2>Retroarch</label2>
							<onclick>Skin.Setstring(DashboardToggle, Retroarch)</onclick>
							<onclick>SetFocus(31)</onclick>
						</item>
						<item id="1">
							<label>$LOCALIZE[31014]</label>
							<label2>Horizontal</label2>
							<onclick>Skin.Setstring(DashboardToggle, Horizontal)</onclick>
							<onclick>SetFocus(31)</onclick>
						</item>
						<item id="3">
							<label>$LOCALIZE[31010]</label>
							<label2>TV</label2>
							<onclick>Skin.Setstring(DashboardToggle, TV)</onclick>
						</item>
						<item id="2">
							<label>$LOCALIZE[31011]</label>
							<label2>Game</label2>
							<onclick>Skin.Setstring(DashboardToggle, Game)</onclick>
							<onclick>SetFocus(31)</onclick>
						</item>
						<item id="4">
							<label>$LOCALIZE[31012]</label>
							<label2>Android</label2>
							<onclick>Skin.Setstring(DashboardToggle, Android)</onclick>
							<onclick>SetFocus(31)</onclick>
						</item>
						<item id="5">
							<label>$LOCALIZE[31013]</label>
							<label2>Netflix</label2>
							<onclick>Skin.Setstring(DashboardToggle, Netflix)</onclick>
							<onclick>SetFocus(31)</onclick>
						</item>
					</content>
				</control>
				<control type="button" id="31">
					<onup>30</onup>
					<ondown>31</ondown>
					<width>1244</width>
					<height>60</height>
					<top>60</top>
					<label>$LOCALIZE[31007]</label>
					<include>DialogButton</include>
					<onclick>Control.SetFocus(40,0)</onclick>
					<onclick>Control.Move(1,1)</onclick>
				</control>
			</control>
		</control>

		<!--> Finish <!-->
		<control type="group">
			<visible>Container(1).HasFocus(4)</visible>
			<animation type="Visible">
				<effect type="slide" start="1000" end="0" time="200" tween="sine" easing="inout" center="auto" />
				<effect type="fade" start="0" end="100" time="200" tween="sine" easing="in" />
			</animation>
			<animation type="Hidden">
				<effect type="slide" start="0" end="-1000" time="500" tween="sine" easing="inout" center="auto" />
				<effect type="fade" start="100" end="0" time="200" tween="sine" easing="out" />
			</animation>
			<centerleft>50%</centerleft>
			<centertop>50%</centertop>
			<width>500</width>
			<height>80</height>
			<control type="button" id="40">
				<onup>41</onup>
				<ondown>41</ondown>
				<width>500</width>
				<height>80</height>
				<label>$LOCALIZE[31017]</label>
				<font>Font-Condensed-S30-B</font>
				<align>center</align>
				<textcolor>$VAR[UnFocusedColor]</textcolor>
				<texturefocus colordiffuse="$VAR[SecondaryColor]">views/white_100.png</texturefocus>
				<texturenofocus colordiffuse="$VAR[BackgroundColor]">views/white_100.png</texturenofocus>
				<invalidcolor>$VAR[DisabledColor]</invalidcolor>
				<disabledcolor>$VAR[DisabledColor]</disabledcolor>
				<onclick>Skin.ToggleSetting(installed)</onclick>
				<onclick>ReplaceWindow(Home)</onclick>
			</control>
			<control type="button" id="41">
				<top>100</top>
				<onup>40</onup>
				<ondown>40</ondown>
				<width>500</width>
				<height>80</height>
				<label>$LOCALIZE[31016]</label>
				<font>Font-Condensed-S30-B</font>
				<align>center</align>
				<textcolor>$VAR[UnFocusedColor]</textcolor>
				<texturefocus colordiffuse="$VAR[SecondaryColor]">views/white_100.png</texturefocus>
				<texturenofocus colordiffuse="$VAR[BackgroundColor]">views/white_100.png</texturenofocus>
				<invalidcolor>$VAR[DisabledColor]</invalidcolor>
				<disabledcolor>$VAR[DisabledColor]</disabledcolor>
				<onclick>Control.SetFocus(30,0)</onclick>
				<onclick>Control.Move(1,-1)</onclick>
			</control>
			<control type="image">
				<left>-30</left>
				<top>-30</top>
				<width>560</width>
				<height>140</height>
				<texture colordiffuse="$VAR[SecondaryColor]" border="40">fo.png</texture>
				<visible>Control.HasFocus(40)</visible>
			</control>
			<control type="image">
				<left>-30</left>
				<top>70</top>
				<width>560</width>
				<height>145</height>
				<texture colordiffuse="$VAR[SecondaryColor]" border="40">fo.png</texture>
				<visible>Control.HasFocus(41)</visible>
			</control>
		</control>
	</controls>
</window>