<?xml version="1.0" encoding="UTF-8"?>
<window id="1112">
	<backgroundcolor>$VAR[YoutubeBackground]</backgroundcolor>
	<defaultcontrol always="true">111</defaultcontrol>
	<onload>Skin.SetString(snapwindow, 1112)</onload>
	<onload>Skin.SetString(snapico, home/snap/amazon.jpg,0)</onload>
	<onload>Skin.SetString(snapname,Amazon)</onload>
	<controls>
		<control type="group">
			<animation type="WindowOpen">
				<effect type="slide" start="0,1000" end="0" center="auto" tween="Cubic" easing="inout" time="200"/>
				<effect type="zoom" start="80" end="100" center="auto" tween="Cubic" easing="inout" time="500"/>
			</animation>
			<animation type="WindowClose">
				<effect type="slide" start="0" end="0,1000" center="auto" delay="500"  tween="Cubic" easing="inout" time="500"/>
				<effect type="zoom" start="100" end="80" center="auto" delay="500"  tween="Cubic" easing="inout" time="200"/>
			</animation>
			
			<control type="button" id="1">
				<posx>190</posx>
				<posy>62</posy>
				<width>1430</width>
				<height>75</height>
				<ondown>11</ondown>
				<onclick>ActivateWindow(10025,plugin://plugin.video.amazon-test/?cat=Browse&mode=Search&opt&page=1,return)</onclick>
			</control>

			<control type="grouplist" id="111">
				<top>200</top>
				<height>900</height>

				<control type="group">
					<height>510</height>
					<control type="label">
						<top>0</top>
						<left>20</left>
						<width>90%</width>
						<height>25</height>
						<font>spotifytitle</font>
						<shadowcolor>11000000</shadowcolor>
						<textcolor>$VAR[White]</textcolor>
						<align>left</align>
						<aligny>center</aligny>
						<textoffsetx>5</textoffsetx>
						<label>Top Movies$INFO[Container(11).ListItem(0).Label, | ]</label>   
					</control>

					<control type="fixedlist" id="11">
						<left>10</left>
						<top>20</top>
						<width>100%</width>
						<onup>1</onup>
						<ondown>22</ondown>
						<focusposition>-1</focusposition>
						<movement>2</movement>
						<orientation>horizontal</orientation>
						<viewtype>list</viewtype>
						<scrolltime tween="sine" easing="inout">240</scrolltime>
						<itemlayout width="300" height="552">
							<control type="group">
								<top>20</top>
								<left>20</left>
								<control type="image">
									<width>285</width>
									<height>430</height>
									<texture>color_black.png</texture>
								</control>
								<control type="image">
									<width>285</width>
									<height>430</height>
									<texture fallback="color_black.png">$INFO[ListItem.Icon]</texture>
									<aspectratio>keep</aspectratio>
								</control>
							</control>
						</itemlayout>
						<focusedlayout width="300" height="552">
							<control type="group">
								<top>20</top>
								<left>20</left>
								<control type="image">
									<width>285</width>
									<height>430</height>
									<texture>color_black.png</texture>
								</control>
								<control type="image">
									<width>285</width>
									<height>430</height>
									<texture fallback="color_black.png">$INFO[ListItem.Icon]</texture>
									<aspectratio>keep</aspectratio>
								</control>
								<control type="image">
									<left>-30</left>
									<top>-35</top>
									<width>350</width>
									<height>500</height>
									<texture colordiffuse="$VAR[SecondaryColor]" border="40">fo.png</texture>
									<visible>Control.HasFocus(11)</visible>
								</control>
							</control>
						</focusedlayout>
						<content target="videos">plugin://plugin.video.amazon-test/?cat=Browse&mode=listContent&opt=listcat&page=1&url=OfferGroups%3dB0043YVHMY%26ContentType%3dMovie%26OrderBy%3dMostPopular%26ExcludeContentRating%3dG%2cTV-Y%2cTV-Y7%2cTV-Y7-FV%2cTV-G%26ExcludeContractId%3dUXCF1%26HasImage%3dT%26SuppressBlackedoutEST%3dT%26Detailed%3dT%26HideNum%3dT%26AID%3d1%26IncludeNonWeb%3dT%26Preorder%3dF</content>
					</control>
				</control>

				<control type="group">
					<height>510</height>
					<control type="label">
						<top>0</top>
						<left>20</left>
						<width>90%</width>
						<height>25</height>
						<font>spotifytitle</font>
						<shadowcolor>11000000</shadowcolor>
						<textcolor>$VAR[White]</textcolor>
						<align>left</align>
						<aligny>center</aligny>
						<textoffsetx>5</textoffsetx>
						<label>Recently Added$INFO[Container(22).ListItem(0).Label, | ]</label>
					</control>

					<control type="fixedlist" id="22">
						<top>20</top>
						<left>10</left>
						<width>100%</width>
						<onup>11</onup>
						<ondown>33</ondown>
						<focusposition>-1</focusposition>
						<movement>2</movement>
						<orientation>horizontal</orientation>
						<viewtype>list</viewtype>
						<scrolltime tween="sine" easing="inout">240</scrolltime>
						<itemlayout width="300" height="552">
							<control type="group">
								<top>20</top>
								<left>20</left>
								<control type="image">
									<width>285</width>
									<height>430</height>
									<texture>color_black.png</texture>
								</control>
								<control type="image">
									<width>285</width>
									<height>430</height>
									<texture fallback="color_black.png">$INFO[ListItem.Icon]</texture>
									<aspectratio>keep</aspectratio>
								</control>
							</control>
						</itemlayout>
						<focusedlayout width="300" height="552">
							<control type="group">
								<top>20</top>
								<left>20</left>
								<control type="image">
									<width>285</width>
									<height>430</height>
									<texture>color_black.png</texture>
								</control>
								<control type="image">
									<width>285</width>
									<height>430</height>
									<texture fallback="color_black.png">$INFO[ListItem.Icon]</texture>
									<aspectratio>keep</aspectratio>
								</control>
								<control type="image">
									<left>-30</left>
									<top>-35</top>
									<width>350</width>
									<height>500</height>
									<texture colordiffuse="$VAR[SecondaryColor]" border="40">fo.png</texture>
									<visible>Control.HasFocus(22)</visible>
								</control>
							</control>
						</focusedlayout>
						<content target="videos">plugin://plugin.video.amazon-test/?cat=Browse&mode=listContent&opt=listcat&page=1&url=OfferGroups%3dB0043YVHMY%26ContentType%3dMovie%26OrderBy%3dAvailabilityDate%26MinAmazonRatingCount%3d40%26HideNum%3dT%26Preorder%3dF%26Detailed%3dT%26AID%3d1%26ContractID%3dUX%2a</content>
					</control>
				</control>

				<control type="group">
					<height>510</height>
					<control type="label">
						<top>0</top>
						<left>20</left>
						<width>90%</width>
						<height>25</height>
						<font>spotifytitle</font>
						<shadowcolor>11000000</shadowcolor>
						<textcolor>$VAR[White]</textcolor>
						<align>left</align>
						<aligny>center</aligny>
						<textoffsetx>5</textoffsetx>
						<label>Family$INFO[Container(33).ListItem(0).Label, | ]</label>
					</control>

					<control type="fixedlist" id="33">
						<top>20</top>
						<left>10</left>
						<width>100%</width>
						<onup>22</onup>
						<ondown>44</ondown>
						<focusposition>-1</focusposition>
						<movement>2</movement>
						<orientation>horizontal</orientation>
						<viewtype>list</viewtype>
						<scrolltime tween="sine" easing="inout">240</scrolltime>
						<itemlayout width="300" height="552">
							<control type="group">
								<top>20</top>
								<left>20</left>
								<control type="image">
									<width>285</width>
									<height>430</height>
									<texture>color_black.png</texture>
								</control>
								<control type="image">
									<width>285</width>
									<height>430</height>
									<texture fallback="color_black.png">$INFO[ListItem.Icon]</texture>
									<aspectratio>keep</aspectratio>
								</control>
							</control>
						</itemlayout>
						<focusedlayout width="300" height="552">
							<control type="group">
								<top>20</top>
								<left>20</left>
								<control type="image">
									<width>285</width>
									<height>430</height>
									<texture>color_black.png</texture>
								</control>
								<control type="image">
									<width>285</width>
									<height>430</height>
									<texture fallback="color_black.png">$INFO[ListItem.Icon]</texture>
									<aspectratio>keep</aspectratio>
								</control>
								<control type="image">
									<left>-30</left>
									<top>-35</top>
									<width>350</width>
									<height>500</height>
									<texture colordiffuse="$VAR[SecondaryColor]" border="40">fo.png</texture>
									<visible>Control.HasFocus(33)</visible>
								</control>
							</control>
						</focusedlayout>
						<content target="videos">plugin://plugin.video.amazon-test/?cat=Browse&mode=listContent&opt=listcat&page=1&url=OfferGroups%3dB0043YVHMY%26ContentType%3dMovie%26Genre%3dFamily%26OrderBy%3dSalesRank%26ExcludeContentRating%3dPG-13%2cR%2cNC-17%2cNR%2cUnrated%2cTV-Y7-FV%26ExcludeContractId%3dUXCF1%26HasImage%3dT%26SuppressBlackedoutEST%3dT%26Detailed%3dT%26HideNum%3dT%26AID%3d1%26Preorder%3dF</content>plugin://plugin.video.amazon-test/?cat=Browse&mode=getList&opt=movie&page=1&url=video-library
					</control>
				</control>

				<control type="group">
					<height>510</height>
					<control type="label">
						<top>0</top>
						<left>20</left>
						<width>90%</width>
						<height>25</height>
						<font>spotifytitle</font>
						<shadowcolor>11000000</shadowcolor>
						<textcolor>$VAR[White]</textcolor>
						<align>left</align>
						<aligny>center</aligny>
						<textoffsetx>5</textoffsetx>
						<label>Top TV Shows$INFO[Container(44).ListItem(0).Label, | ]</label>  
					</control>

					<control type="fixedlist" id="44">
						<top>20</top>
						<left>10</left>
						<width>100%</width>
						<onup>33</onup>
						<ondown>55</ondown>
						<focusposition>-1</focusposition>
						<movement>2</movement>
						<orientation>horizontal</orientation>
						<viewtype>list</viewtype>
						<scrolltime tween="sine" easing="inout">240</scrolltime>
						<itemlayout width="300" height="552">
							<control type="group">
								<top>20</top>
								<left>20</left>
								<control type="image">
									<width>285</width>
									<height>430</height>
									<texture>color_black.png</texture>
								</control>
								<control type="image">
									<width>285</width>
									<height>430</height>
									<texture fallback="color_black.png">$INFO[ListItem.Icon]</texture>
									<aspectratio>keep</aspectratio>
								</control>
							</control>
						</itemlayout>
						<focusedlayout width="300" height="552">
							<control type="group">
								<top>20</top>
								<left>20</left>
								<control type="image">
									<width>285</width>
									<height>430</height>
									<texture>color_black.png</texture>
								</control>
								<control type="image">
									<width>285</width>
									<height>430</height>
									<texture fallback="color_black.png">$INFO[ListItem.Icon]</texture>
									<aspectratio>keep</aspectratio>
								</control>
								<control type="image">
									<left>-30</left>
									<top>-35</top>
									<width>350</width>
									<height>500</height>
									<texture colordiffuse="$VAR[SecondaryColor]" border="40">fo.png</texture>
									<visible>Control.HasFocus(44)</visible>
								</control>
							</control>
						</focusedlayout>
						<content target="videos">plugin://plugin.video.amazon-test/?cat=Browse&mode=listContent&opt=listcat&page=1&url=OfferGroups%3dB0043YVHMY%26OrderBy%3dMostPopular%26Preorder%3dF%26ContentType%3dTVEpisode%26RollupToSeason%3dT%26HideNum%3dT%26Detailed%3dT%26AID%3d1%26SuppressBlackedoutEST%3dT%26ContentRating%3dTV-PG%2cTV-14%2cTV-MA%26BlackList%3dB00DKS3QZU%2cB00DKS0N4C%2cB00HOJ3DZO%2cB00HOJ1G6C%2cB00337ZGIS%2cB00IIWUWGY%2cB003M6SRFO%2cB00IIX71ZI%2cB00B2LNMI8%2cB00IIWOXK0%2cB00B2LGSXO%2cB00IIXDSEG</content>plugin://plugin.video.amazon-test/?cat=Browse&mode=getList&opt=movie&page=1&url=video-library
					</control>
				</control>

				<control type="group">
					<height>510</height>
					<control type="label">
						<top>0</top>
						<left>20</left>
						<width>90%</width>
						<height>25</height>
						<font>spotifytitle</font>
						<shadowcolor>11000000</shadowcolor>
						<textcolor>$VAR[White]</textcolor>
						<align>left</align>
						<aligny>center</aligny>
						<textoffsetx>5</textoffsetx>
						<label>Recently Added$INFO[Container(55).ListItem(0).Label, | ]</label>  
					</control>

					<control type="fixedlist" id="55">
						<top>20</top>
						<left>10</left>
						<width>100%</width>
						<onup>44</onup>
						<ondown>66</ondown>
						<focusposition>-1</focusposition>
						<movement>2</movement>
						<orientation>horizontal</orientation>
						<viewtype>list</viewtype>
						<scrolltime tween="sine" easing="inout">240</scrolltime>
						<itemlayout width="300" height="552">
							<control type="group">
								<top>20</top>
								<left>20</left>
								<control type="image">
									<width>285</width>
									<height>430</height>
									<texture>color_black.png</texture>
								</control>
								<control type="image">
									<width>285</width>
									<height>430</height>
									<texture fallback="color_black.png">$INFO[ListItem.Icon]</texture>
									<aspectratio>keep</aspectratio>
								</control>
							</control>
						</itemlayout>
						<focusedlayout width="300" height="552">
							<control type="group">
								<top>20</top>
								<left>20</left>
								<control type="image">
									<width>285</width>
									<height>430</height>
									<texture>color_black.png</texture>
								</control>
								<control type="image">
									<width>285</width>
									<height>430</height>
									<texture fallback="color_black.png">$INFO[ListItem.Icon]</texture>
									<aspectratio>keep</aspectratio>
								</control>
								<control type="image">
									<left>-30</left>
									<top>-35</top>
									<width>350</width>
									<height>500</height>
									<texture colordiffuse="$VAR[SecondaryColor]" border="40">fo.png</texture>
									<visible>Control.HasFocus(55)</visible>
								</control>
							</control>
						</focusedlayout>
						<content target="videos">plugin://plugin.video.amazon-test/?cat=Browse&mode=listContent&opt=listcat&page=1&url=OfferGroups%3dB0043YVHMY%26ContentType%3dTVEpisode%26RollUpToSeason%3dT%26OrderBy%3dAvailabilityDate%26MinAmazonRatingCount%3d40%26HideNum%3dT%26Preorder%3dF%26Detailed%3dT%26AID%3d1%26ContractID%3dUX%2a</content>plugin://plugin.video.amazon-test/?cat=Browse&mode=getList&opt=movie&page=1&url=video-library
					</control>
				</control>

				<control type="group">
					<height>510</height>
					<control type="label">
						<top>0</top>
						<left>20</left>
						<width>90%</width>
						<height>25</height>
						<font>spotifytitle</font>
						<shadowcolor>11000000</shadowcolor>
						<textcolor>$VAR[White]</textcolor>
						<align>left</align>
						<aligny>center</aligny>
						<textoffsetx>5</textoffsetx>
						<label>Family$INFO[Container(66).ListItem(0).Label, | ]</label>
					</control>

					<control type="fixedlist" id="66">
						<top>20</top>
						<left>10</left>
						<width>100%</width>
						<onup>55</onup>
						<ondown>66</ondown>
						<focusposition>-1</focusposition>
						<movement>2</movement>
						<orientation>horizontal</orientation>
						<viewtype>list</viewtype>
						<scrolltime tween="sine" easing="inout">240</scrolltime>
						<itemlayout width="300" height="552">
							<control type="group">
								<top>20</top>
								<left>20</left>
								<control type="image">
									<width>285</width>
									<height>430</height>
									<texture>color_black.png</texture>
								</control>
								<control type="image">
									<width>285</width>
									<height>430</height>
									<texture fallback="color_black.png">$INFO[ListItem.Icon]</texture>
									<aspectratio>keep</aspectratio>
								</control>
							</control>
						</itemlayout>
						<focusedlayout width="300" height="552">
							<control type="group">
								<top>20</top>
								<left>20</left>
								<control type="image">
									<width>285</width>
									<height>430</height>
									<texture>color_black.png</texture>
								</control>
								<control type="image">
									<width>285</width>
									<height>430</height>
									<texture fallback="color_black.png">$INFO[ListItem.Icon]</texture>
									<aspectratio>keep</aspectratio>
								</control>
								<control type="image">
									<left>-30</left>
									<top>-35</top>
									<width>350</width>
									<height>500</height>
									<texture colordiffuse="$VAR[SecondaryColor]" border="40">fo.png</texture>
									<visible>Control.HasFocus(66)</visible>
								</control>
							</control>
						</focusedlayout>
						<content target="videos">plugin://plugin.video.amazon-test/?cat=Browse&mode=listContent&opt=listcat&page=1&url=MoveToFrontList%3dB00I3MPMPA%2cB00CB6SU5I%2cB00CB6P4DY%2cB00CC00JDE%26OfferGroups%3dB0043YVHMY%26ContentType%3dTVEpisode%26Preorder%3dF%26RollupToSeason%3dT%26Genre%3dFamily%26OrderBy%3dMostPopular%26ExcludeContentRating%3dPG-13%2cR%2cNC-17%2cNR%2cUnrated%2cTV-PG%2cTV-MA%2cTV-14%26ExcludeContractId%3dUXCF1%26HasImage%3dT%26SuppressBlackedoutEST%3dT%26Detailed%3dT%26HideNum%3dT%26AID%3d1%26Blacklist%3dB00O5AVCEO%2cB00O5AUCCC%2cB00O5AV4HY%2cB00O5ATHEQ</content>plugin://plugin.video.amazon-test/?cat=Browse&mode=getList&opt=movie&page=1&url=video-library
					</control>
				</control>
			</control>

			<control type="image">
				<left>-500</left>
				<top>-300%</top>
				<width>200%</width>
				<height>300%</height>
				<texture colordiffuse="$VAR[YoutubeBackground]">color_white.png</texture>
			</control>
			<control type="image">
				<include>FullscreenDimensions</include>
				<texture colordiffuse="$VAR[YoutubeBackground]">custom/youtube.png</texture>
			</control>
			<control type="image">
				<animation type="WindowOpen" reversible="true">
					<effect type="fade" start="90" end="100" tween="sine" easing="in" time="450" />
				</animation>
				<animation type="WindowClose" reversible="true">
					<effect type="fade" start="100" end="100" tween="cubic" easing="out" time="50" />
				</animation>
				<posx>190</posx>
				<posy>62</posy>
				<width>1430</width>
				<height>75</height>
				<texture>custom/search.png</texture>
			</control>
			<control type="image">
				<animation type="WindowOpen" reversible="true">
					<effect type="fade" start="90" end="100" tween="sine" easing="in" time="450" />
				</animation>
				<animation type="WindowClose" reversible="true">
					<effect type="fade" start="100" end="100" tween="cubic" easing="out" time="50" />
				</animation>
				<posx>190</posx>
				<posy>62</posy>
				<width>1430</width>
				<height>75</height>
				<texture>custom/search2.png</texture>
				<visible>Control.HasFocus(1)</visible>
			</control>
		</control>
	</controls>
</window>