<?xml version="1.0" encoding="UTF-8"?>
<window>
	<!-- pictureinfo -->
	<defaultcontrol always="true">5</defaultcontrol>
	<include>DialogZoomAnimation</include>
	<controls>
		<control type="group">
			<!-- Image -->
			<control type="image">
				<bottom>0</bottom>
				<width>100%</width>
				<height>600</height>
				<fadetime>80</fadetime>
				<texture colordiffuse="$VAR[MaterialColorDark]">color_white.png</texture>
			</control>
			<control type="image">
				<bottom>0</bottom>
				<width>100%</width>
				<height>100</height>
				<fadetime>80</fadetime>
				<texture colordiffuse="$VAR[Fade]">color_white.png</texture>
			</control>
			<control type="image">
				<centerright>13%</centerright>
				<centerbottom>33%</centerbottom>
				<width>400</width>
				<height>400</height>
				<fadetime>80</fadetime>
				<aspectratio>keep</aspectratio>
				<texture>$INFO[ListItem.Icon]</texture>
			</control>

		</control>
		<!-- Heading -->
		<control type="label">
			<left>150</left>
			<top>96</top>
			<width>1620</width>
			<height>72</height>
			<font>Font72</font>
			<label>13406</label>
		</control>

		<!-- List -->
		<control type="list" id="5">
			<bottom>100</bottom>
			<left>50</left>
			<width>100%</width>
			<height>500</height>
			<onup>noop</onup>
			<ondown>9000</ondown>
			<onleft>9000</onleft>
			<onright>9000</onright>
			<orientation>vertical</orientation>
			<viewtype label="list">list</viewtype>
			<scrolltime tween="sine" easing="out">240</scrolltime>
			<itemlayout height="80">
				<control type="label">
					<height>58</height>
					<font>Reg30</font>
					<textcolor>$VAR[UnFocusedColor]</textcolor>
					<label>$INFO[ListItem.Label]</label>
				</control>
				<control type="label">
					<top>30</top>
					<height>58</height>
					<font>Reg25</font>
					<textcolor>$VAR[UnFocusedColor]</textcolor>
					<label>$INFO[ListItem.Label2]</label>
				</control>
			</itemlayout>
			<focusedlayout height="80">
				<control type="label">
					<height>58</height>
					<font>Reg30</font>
					<textcolor>$VAR[FocusedColor]</textcolor>
					<label>$INFO[ListItem.Label]</label>
				</control>
				<control type="label">
					<top>30</top>
					<height>58</height>
					<font>Reg25</font>
					<textcolor>$VAR[UnFocusedColor]</textcolor>
					<label>$INFO[ListItem.Label2]</label>
				</control>
			</focusedlayout>
		</control>

		<control type="grouplist">
			<bottom>0</bottom>
			<left>20</left>
			<width>100%</width>
			<height>85</height>
			<itemgap>10</itemgap>
			<orientation>horizontal</orientation>

			<!-- OK button -->
			<control type="button" id="9000">
				<onleft>noop</onleft>
				<onright>noop</onright>
				<onup>5</onup>
				<ondown>noop</ondown>
				<label>186</label>
				<onclick>Close</onclick>
				<include>DialogButton</include>
			</control>
		</control>

	</controls>
</window>