<includes>
	<include file="Animations.xml" />
	<include file="Include_Home.xml" />
	<include file="Include_Widgets.xml" />
	<include file="Include_Music.xml" />
	<include file="Include_Colors.xml" />
	<include file="Colors.xml" />
	<include file="Defaults.xml" />
	<include file="Parameters.xml" />
	<include file="script-skinshortcuts-includes.xml"/>

	<!-- Views -->
	<include file="Viewtype_50_List.xml" />

	<!-- Pictures -->
	<include file="Viewtype_510_Pics.xml" />

	<!-- Music 20-29 -->
	<include file="Viewtype_520_RowSquare.xml" />
	<include file="Viewtype_521_SquareLarge.xml" />
	<include file="Viewtype_522_WallSquare.xml" />

	<!-- Movies 30-39 -->
	<include file="Viewtype_530_WallPoster.xml" />
	<include file="Viewtype_531_ShowcasePoster.xml" />
	<include file="Viewtype_532_WallLandscape.xml" />
	<include file="Viewtype_533_WallLandscape_Fanart.xml" />
	<include file="Viewtype_534_Episode.xml" />
	<include file="Viewtype_535_RowPoster.xml" />

	<!-- Games 40-49 -->
	<include file="Viewtype_540_Switch.xml" />
	<include file="Viewtype_541_RetroArch.xml" />

	<!-- Custom 50-59 -->
	<include file="Viewtype_550_Youtube.xml" />
	<include file="Viewtype_551_Netflix.xml" />
	<include file="Viewtype_552_Pluto.xml" />
	<include file="Viewtype_600_Playlist.xml" />

	<include file="Variables.xml" />
	<!-- Fullscreen dimensions -->
	<include name="FullscreenDimensions">
		<left>0</left>
		<top>0</top>
		<width>100.1%</width>
		<height>100%</height>
	</include>
	<!-- Window overlay image -->
	<include name="SimpleWindowBackground">
		<control type="image">
			<include>FullscreenDimensions</include>
			<texture colordiffuse="$VAR[BackgroundColor]">color_white.png</texture>
		</control>
	</include>
	<include name="DialogBackgroundImage">
		<control type="image">
			<include>FullscreenDimensions</include>
			<texture colordiffuse="$VAR[Black]">views/white_50.png</texture>
		</control>
	</include>
	<include name="WindowBackgroundImage">
		<control type="group">
			<animation type="Conditional" condition="Window.IsActive(contextmenu)">
				<effect type="zoom" center="auto" start="100" end="95" time="200" tween="cubic" easing="out"/>
			</animation>
			<control type="image">
				<include>FullscreenDimensions</include>
				<texture colordiffuse="$VAR[SecondaryColor]">color_white.png</texture>
			</control>
			<control type="image">
				<include>FullscreenDimensions</include>
				<texture colordiffuse="$VAR[BackgroundColor2]">$INFO[Skin.String(backgroundimage)]</texture>
				<aspectratio>scale</aspectratio>
				<visible>Skin.HasSetting(backgroundcolor)</visible>
			</control>
			<control type="image">
				<include>FullscreenDimensions</include>
				<texture>$INFO[Skin.String(backgroundimage)]</texture>
				<visible>!Skin.HasSetting(backgroundcolor)</visible>
			</control>
			<control type="image">
				<include>FullscreenDimensions</include>
				<texture colordiffuse="$VAR[Black]">views/white_10.png</texture>
			</control>
		</control>
	</include>
	<!-- Fullscreen Video -->
	<include name="WindowBackgroundVideo">
		<control type="group">
			<visible>Skin.HasSetting(showvideobackground)</visible>
			<control type="image">
				<include>FullscreenDimensions</include>
				<texture colordiffuse="$VAR[Black]">color_white.png</texture>
				<visible>Player.HasVideo | Player.HasGame</visible>	
			</control>
			<control type="videowindow">
				<include>FullscreenDimensions</include>
			</control>
			<control type="gamewindow">
				<include>FullscreenDimensions</include>
				<videofilter>$INFO[ListItem.Property(game.videofilter)]</videofilter>
				<stretchmode>$INFO[ListItem.Property(game.stretchmode)]</stretchmode>
				<rotation>$INFO[ListItem.Property(game.videorotation)]</rotation>
			</control>
			<control type="image">
				<include>FullscreenDimensions</include>
				<texture colordiffuse="$VAR[Black]">views/white_10.png</texture>		
			</control>
		</control>
	</include>
	<!-- Logo -->
	<include name="Logo">
		<control type="group">
		<top>35</top>
		<control type="button">
			<right>80</right>
			<width>70</width>
			<height>70</height>
			<label> </label>
			<onclick>Dialog.Close(contextmenu)</onclick>
			<onclick>Dialog.Close(all,true)</onclick>
			<onclick>ActivateWindow(PlayerControls)</onclick>
			<texturefocus colordiffuse="$VAR[FocusedColor]">logo.png</texturefocus>
			<texturenofocus colordiffuse="$VAR[FocusedColor]">logo.png</texturenofocus>
		</control>
		<control type="label">
			<top>-5</top>
			<right>170</right>
			<width>1000</width>
			<height>60</height>
			<font>Reg25</font>
			<align>right</align>
			<textcolor>$VAR[UnFocusedColor]</textcolor>
			<label>$INFO[System.Time(hh:mm)]</label>
		</control>
		<control type="label">
			<right>170</right>
			<top>20</top>
			<width>1000</width>
			<height>60</height>
			<font>Reg20</font>
			<align>right</align>
			<alignx>right</alignx>
			<textcolor>$VAR[UnFocusedColor]</textcolor>
			<label>$INFO[System.Date]</label>
		</control>
	</control>
	</include>
	<!-- Menu fade background image -->
	<include name="MenuFadeBackgroundImage">
		<control type="image">
			<include>WindowFadeAnimation</include>
			<include>FullscreenDimensions</include>
			<texture colordiffuse="$VAR[BackgroundColor]">views/white_50.png</texture>
		</control>
	</include>
	<!-- Options background image -->
	<include name="OptionsBackgroundImage">
		<control type="image">
			<include>FullscreenDimensions</include>
			<texture border="20">dialogs/OptionsBackground.png</texture>
		</control>
	</include>
	<!-- Fanart -->
	<include name="Fanart">
		<control type="group">			
			<control type="image">
				<include>FullscreenDimensions</include>
				<fadetime>400</fadetime>
				<texture fallback="views/white_0.png" background="true">$VAR[Fanart]</texture>
			</control>
		</control>
	</include>
	<!--  Watched Indicator -->
	<include name="WatchedIndicator">
		<control type="image">
			<right>0</right>
			<width>50</width>
			<height>50</height>
			<texture colordiffuse="$VAR[SecondaryColor]">views/watched_indicator_back.png</texture>
			<visible>String.Contains(ListItem.Overlay,OverlayWatched.png)</visible>
		</control>
	</include>
	<include name="WatchedIndicator2">
		<!--><control type="image">
			<right>0</right>
			<width>50</width>
			<height>50</height>
			<texture>views/watched_indicator.png</texture>
			<visible>String.Contains(ListItem.Overlay,OverlayWatched.png)</visible>
		</control><!-->
		<control type="image">
			<right>0</right>
			<width>50</width>
			<height>50</height>
			<texture colordiffuse="$VAR[SecondaryColor]">views/watched_indicator_back.png</texture>
			<visible>String.Contains(ListItem.Overlay,OverlayWatched.png)</visible>
		</control>
	</include>
	<!--  Selected -->
	<include name="BorderSelected">
		<param name="type"/>
		<param name="width"/>
		<param name="height"/>
		<definition>
			<control type="image">
				<width>$PARAM[width]</width>
				<height>$PARAM[height]</height>
				<texture>views/border_check.png</texture>
				<visible>String.IsEqual(System.CurrentControl,Skin.String($PARAM[type]))</visible>
			</control>
		</definition>
	</include>
	<include name="BorderSelected2">
		<param name="type"/>
		<param name="width"/>
		<param name="height"/>
		<definition>
			<control type="image">
				<width>$PARAM[width]</width>
				<height>$PARAM[height]</height>
				<texture>views/border_check.png</texture>
				<visible>String.IsEqual(listitem.label,Skin.String($PARAM[type]))</visible>
			</control>
		</definition>
	</include>
	<include name="MediaInfoDiffuse">
		<control type="image">
			<include>FullscreenDimensions</include>
			<texture colordiffuse="$VAR[SecondaryColor]">views/white_90.png</texture>
		</control>
	</include>
	<include name="MediaInfoWidth860">
		<width>860</width>
	</include>
	<include name="MediaInfoWidth738">
		<width>738</width>
	</include>
	<include name="Flags">
		<!-- Studio Flag -->
		<control type="image">
			<left>50</left>
			<top>420</top>
			<width>120</width>
			<height>80</height>
			<aspectratio>keep</aspectratio>
			<texture colordiffuse="$VAR[White]" fallback="flags/default_studio.png">$INFO[ListItem.Studio,flags/studios/,.png]</texture>
			<visible>!SubString(ListItem.Icon,Default) + !Container.Content(artists)</visible>
		</control>
		<!-- MPAA Rating Flag -->
		<control type="image">
			<left>200</left>
			<top>420</top>
			<width>120</width>
			<height>80</height>
			<aspectratio>keep</aspectratio>
			<texture colordiffuse="$VAR[White]" fallback="flags/default_rating.png">$VAR[Info_Certificate]</texture>
			<visible>!SubString(ListItem.Icon,Default) + !Container.Content(artists)</visible>
		</control>
		<!-- Source Flag -->
		<control type="image">
			<left>350</left>
			<width>120</width>
			<height>80</height>
			<aspectratio>keep</aspectratio>
			<texture colordiffuse="$VAR[TextColor]">$VAR[Video_Source]</texture>
		</control>
	</include>
	<!-- Hidden control -->
	<include name="HiddenControl">
		<left>-100</left>
		<top>-100</top>
		<width>1</width>
		<height>1</height>
		<label></label>
		<font>-</font>
		<texture>-</texture>
		<texturefocus>-</texturefocus>
		<texturenofocus>-</texturenofocus>
		<alttexturenofocus>-</alttexturenofocus>
		<alttexturefocus>-</alttexturefocus>
		<textureradiofocus>-</textureradiofocus>
		<textureradionofocus>-</textureradionofocus>
	</include>
	<!-- Dialog Button -->
	<include name="DialogButton">
		<width>auto</width>
		<height>100</height>
		<font>Font-Condensed-S34</font>
		<align>left</align>
		<textcolor>$VAR[White]</textcolor>
		<focusedcolor>white</focusedcolor>
		<disabledcolor>FF484848</disabledcolor>
		<texturefocus colordiffuse="$VAR[SecondaryColor]" border="9">views/Card_bg_white.png</texturefocus>
		<texturenofocus colordiffuse="$VAR[MaterialColorDark]" border="9">views/Card_bg_white.png</texturenofocus>
		<textoffsetx>55</textoffsetx>
		<textoffsety>25</textoffsety>
	</include>
	<!-- Dialog Button -->
	<include name="InfoButton">
		<width>auto</width>
		<height>70</height>
		<font>tile</font>
		<align>left</align>
		<textcolor>$VAR[White]</textcolor>
		<focusedcolor>white</focusedcolor>
		<disabledcolor>FF484848</disabledcolor>
		<texturefocus colordiffuse="$VAR[SecondaryColor]" border="9">views/Card_bg_white.png</texturefocus>
		<texturenofocus colordiffuse="$VAR[MaterialColorDark]" border="9">views/Card_bg_white.png</texturenofocus>
		<textoffsetx>25</textoffsetx>
	</include>
	<!-- Settings Button -->
	<include name="SettingsButton">
		<width>auto</width>
		<height>100</height>
		<font>Font-Condensed-S34</font>
		<align>left</align>
		<textcolor>$VAR[White]</textcolor>
		<focusedcolor>$VAR[Black]</focusedcolor>
		<disabledcolor>FF484848</disabledcolor>
		<texturefocus colordiffuse="$VAR[SecondaryColor]">color_white.png</texturefocus>
		<texturenofocus colordiffuse="$VAR[Black]">color_white.png</texturenofocus>
		<textoffsetx>25</textoffsetx>
		<textoffsety>55</textoffsety>
	</include>
	<!-- Conq -->
	<!-- Time -->
	<include name="Time">
		<control type="button">
			<left>120</left>
			<top>110</top>
			<width>1680</width>
			<height>33</height>
			<aligny>top</aligny>
			<label>[COLOR TextColor1]$VAR[HeadingLabel][/COLOR]</label>
			<label2>$INFO[System.Time]</label2>
			<font>Font33</font>
			<textcolor>$VAR[UnFocusedColor]</textcolor>
			<animation type="WindowOpen" condition="Window.Previous(startup)">
				<effect type="fade" start="50" end="100" time="200" tween="cubic" easing="out"/>
			</animation>
		</control>
	</include>
	<!-- Options buttons -->
	<include name="OptionButtons">
		<width>480</width>
		<height>54</height>
		<font>Font48</font>
		<textcolor>$VAR[TextColor]</textcolor>
		<focusedcolor>$VAR[TextColor]</focusedcolor>
	</include>
	<!-- Keyboard buttons -->
	<include name="KeyboardButtons">
		<width>114</width>
		<height>74</height>
		<font>Font-Condensed-S32</font>
		<align>center</align>
		<aligny>top</aligny>
		<texturefocus colordiffuse="$VAR[SecondaryColor]" border="20">kb/key-fo.png</texturefocus>
		<texturenofocus border="20">kb/key-nf.png</texturenofocus>
		<textoffsetx>10</textoffsetx>
		<textoffsety>23</textoffsety>
	</include>
	<include name="KeyboardButtons2">
		<font>Font-Condensed-S32</font>
		<align>center</align>
		<aligny>top</aligny>
		<texturefocus colordiffuse="$VAR[SecondaryColor]" border="20">kb/key-fo.png</texturefocus>
		<texturenofocus border="20">kb/key-nf.png</texturenofocus>
		<textoffsetx>10</textoffsetx>
		<textoffsety>23</textoffsety>
	</include>
	<!-- OSD Play buttons -->
	<include name="OSDPlayStopButtons">
		<control type="togglebutton" id="1">
			<width>60</width>
			<height>60</height>
			<label>  </label>
			<texturefocus colordiffuse="$VAR[White]">osd/pause.png</texturefocus>
			<texturenofocus colordiffuse="$VAR[UnFocusedColor]">osd/pause.png</texturenofocus>
			<usealttexture>Player.Paused | Player.Forwarding | Player.Rewinding</usealttexture>
			<alttexturefocus colordiffuse="$VAR[White]">osd/play.png</alttexturefocus>
			<alttexturenofocus colordiffuse="$VAR[UnFocusedColor]">osd/play.png</alttexturenofocus>
			<onclick>PlayerControl(Play)</onclick>
		</control>
		<control type="button" id="2">
			<width>60</width>
			<height>60</height>
			<label>  </label>
			<texturefocus colordiffuse="$VAR[White]">osd/stop.png</texturefocus>
			<texturenofocus colordiffuse="$VAR[UnFocusedColor]">osd/stop.png</texturenofocus>
			<onclick>PlayerControl(Stop)</onclick>
		</control>
	</include>
	<!-- OSD Stop buttons -->
	<include name="OSDStopButton">
		<control type="button" id="1">
			<width>60</width>
			<height>60</height>
			<label>  </label>
			<texturefocus colordiffuse="$VAR[White]">osd/stop.png</texturefocus>
			<texturenofocus colordiffuse="$VAR[UnFocusedColor]">osd/stop.png</texturenofocus>
			<onclick>PlayerControl(Stop)</onclick>
		</control>
	</include>
	<!-- Item count -->
	<include name="ItemCount">
		<control type="grouplist">
			<right>120</right>
			<bottom>110</bottom>
			<width>800</width>
			<height>44</height>
			<itemgap>6</itemgap>
			<align>right</align>
			<orientation>horizontal</orientation>
			<usecontrolcoords>true</usecontrolcoords>
			<visible>IntegerGreaterThan(Container.NumItems,0)</visible>
			<control type="label">
				<top>3</top>
				<width>auto</width>
				<height>44</height>
				<align>right</align>
				<label>$INFO[Container.NumItems]</label>
				<font>Font25</font>
				<textcolor>$VAR[UnFocusedColor]</textcolor>
			</control>
			<control type="label">
				<width>auto</width>
				<height>44</height>
				<align>right</align>
				<label>$VAR[ContentType]</label>
				<font>Font33</font>
				<textcolor>$VAR[UnFocusedColor]</textcolor>
			</control>
		</control>
	</include>
	<!-- ScrollBars -->
	<include name="ScrollBars">
		<!-- Scrollbar -->
		<control type="scrollbar" id="60">
			<right>0</right>
			<width>10</width>
			<height>100%</height>
			<onleft condition="Control.IsVisible(600)">600</onleft>
			<onleft condition="Control.IsVisible(601)">601</onleft>
			<onleft>50</onleft>
			<onright>3000</onright>
			<showonepage>false</showonepage>
			<orientation>vertical</orientation>
			<texturesliderbackground colordiffuse="$VAR[UnFocusedColor]">views/white_0.png</texturesliderbackground>
			<texturesliderbar colordiffuse="$VAR[BackgroundColor]">views/white_70.png</texturesliderbar>
			<texturesliderbarfocus colordiffuse="$VAR[SecondaryColor]">views/white_100.png</texturesliderbarfocus>
			<textureslidernib>-</textureslidernib>
			<textureslidernibfocus>-</textureslidernibfocus>
			<visible>Control.IsVisible(50) | Control.IsVisible(522) | Control.IsVisible(530) | Control.IsVisible(532) | Control.IsVisible(533) | Control.IsVisible(600) | Control.IsVisible(601)</visible>
			<include>ScrollBarAnimation</include>
		</control>
		<control type="scrollbar" id="60">
			<bottom>0</bottom>
			<width>1920</width>
			<height>10</height>
			<onup>50</onup>
			<ondown>3000</ondown>
			<showonepage>true</showonepage>
			<orientation>horizontal</orientation>
			<texturesliderbackground colordiffuse="$VAR[UnFocusedColor]">views/white_0.png</texturesliderbackground>
			<texturesliderbar colordiffuse="$VAR[BackgroundColor]">views/white_70.png</texturesliderbar>
			<texturesliderbarfocus colordiffuse="$VAR[SecondaryColor]">views/white_100.png</texturesliderbarfocus>
			<textureslidernib>-</textureslidernib>
			<textureslidernibfocus>-</textureslidernibfocus>
			<visible>![Control.IsVisible(50) | Control.IsVisible(522) | Control.IsVisible(530) | Control.IsVisible(532) | Control.IsVisible(533)  | Control.IsVisible(534) | Control.IsVisible(550) | Control.IsVisible(600) | Control.IsVisible(601)]</visible>
			<include>ScrollBarAnimation</include>
		</control>
	</include>
	<!-- Now Playing -->
	<include name="PlayingMusicWindow">
		<control type="group">
			<visible>Player.HasAudio + !Skin.HasSetting(showminimalbar)</visible>
			<!--> Vignette <!-->
			<control type="image">
				<bottom>0</bottom>
				<width>100%</width>
				<height>50%</height>
				<aspectratio>stretch</aspectratio>
				<texture colordiffuse="f0000000">views/vignette.png</texture>
				<animation type="WindowOpen">
					<effect type="fade" start="0" end="100" center="auto" tween="Cubic" easing="inout" delay="100" time="500"/>
				</animation>
			</control>

			<!--> Artist & Track <!-->
			<control type="label">
				<left>20</left>		
				<width>auto</width>
				<height>100</height>
				<align>left</align>
				<bottom>0</bottom>
				<label>$INFO[MusicPlayer.Title]</label>
				<font>MNPlayTit</font>
				<textcolor>$VAR[FocusedColor2]</textcolor>
				<animation type="WindowOpen">
					<effect type="slide" start="-1900" end="0,0" center="auto" tween="Cubic" easing="inout" delay="100" time="500"/>
				</animation>
				<animation type="Conditional" condition="!String.Contains(MusicPlayer.Time,00:00)">
					<effect type="slide" start="0,200" end="0" tween="back" easing="inout" time="500"/>
					<effect type="fade" start="0" end="100" time="100"/>
				</animation>
			</control>

			<control type="label">
				<left>20</left>		
				<width>auto</width>
				<height>50</height>
				<align>left</align>
				<bottom>0</bottom>
				<label>$INFO[MusicPlayer.Artist]</label>
				<font>MNPlayArt</font>
				<textcolor>$VAR[UnFocusedColor2]</textcolor>
				<animation type="WindowOpen">
					<effect type="slide" start="-1900" end="0,0" center="auto" tween="Cubic" easing="inout" delay="100" time="500"/>
				</animation>
				<animation type="Conditional" condition="!String.Contains(MusicPlayer.Time,00:00)">
					<effect type="slide" start="0,200" end="0" tween="back" easing="inout" time="500"/>
					<effect type="fade" start="0" end="100" time="100"/>
				</animation>
			</control>
			<!--> TimeRemaining & Duration <!-->
			<control type="label">
				<right>50</right>		
				<width>1000</width>
				<height>90</height>
				<align>right</align>
				<aligny>center</aligny>
				<bottom>0</bottom>
				<label>$INFO[Player.Time] [COLOR $VAR[SecondaryColor]]/[/COLOR] $INFO[Player.Duration]</label>
				<font>tile</font>
				<textcolor>$VAR[FocusedColor2]</textcolor>
				<animation type="WindowOpen">
					<effect type="slide" start="1900" end="0,0" center="auto" tween="Cubic" easing="inout" delay="100" time="500"/>
				</animation>
				<animation type="Conditional" condition="!String.Contains(MusicPlayer.Time,00:00)">
					<effect type="slide" start="0,200" end="0" tween="back" easing="inout" time="500"/>
					<effect type="fade" start="0" end="100" time="100"/>
				</animation>
			</control>
		</control>
		<control type="group">
			<visible>Player.HasAudio + Skin.HasSetting(showminimalbar)</visible>
			<animation type="WindowOpen">
				<effect type="slide" start="0,600" end="0,0" center="auto" tween="Cubic" easing="inout" delay="100" time="500"/>
			</animation>
			<!--> Background <!-->
			<control type="image">
				<bottom>0</bottom>
				<width>100%</width>
				<height>120</height>
				<aspectratio>stretch</aspectratio>
				<texture colordiffuse="$VAR[MaterialColorDark]">color_white.png</texture>
			</control>
			<!--> Vignette <!-->
			<control type="image">
				<bottom>120</bottom>
				<width>100%</width>
				<height>50%</height>
				<aspectratio>stretch</aspectratio>
				<texture colordiffuse="70000000">views/vignette.png</texture>
			</control>
			<!--> Progress <!-->
			<control type="progress">
				<left>0</left>
				<bottom>120</bottom>
				<width>100%</width>
				<height>5</height>
				<info>Player.Progress</info>
				<texturebg border="2">osd/OSDProgressBack.png</texturebg>
				<lefttexture>-</lefttexture>
				<midtexture border="2" colordiffuse="$VAR[SecondaryColor]">osd/OSDProgressBar.png</midtexture>
				<righttexture>-</righttexture>
				<overlaytexture>-</overlaytexture>
			</control>
			<!--> Volume <!-->
			<control type="image">
				<right>400</right>
				<width>50</width>
				<height>120</height>
				<bottom>0</bottom>
				<aspectratio>keep</aspectratio>
				<texture colordiffuse="$VAR[UnFocusedColor]">osd/volume.png</texture>
			</control>
			<control type="progress">
				<right>65</right>
				<bottom>55</bottom>
				<width>330</width>
				<height>10</height>
				<info>player.volume</info>
				<texturebg border="2">osd/OSDProgressBack.png</texturebg>
				<lefttexture>-</lefttexture>
				<midtexture border="2" colordiffuse="$VAR[SecondaryColor]">osd/OSDProgressBar.png</midtexture>
				<righttexture>-</righttexture>
				<overlaytexture>-</overlaytexture>
			</control>
			<!-- Play/Pause -->
			<control type="group">
				<bottom>0</bottom>
				<left>25</left>
				<width>100</width>
				<height>90</height>				
				<control type="togglebutton" id="9052">
					<onright>9051</onright>
					<onup condition="Control.IsVisible(50)">50</onup>
					<onup condition="Control.IsVisible(510)">510</onup>
					<onup condition="Control.IsVisible(520)">520</onup>
					<onup condition="Control.IsVisible(521)">521</onup>
					<onup condition="Control.IsVisible(522)">522</onup>
					<onup condition="Control.IsVisible(530)">530</onup>
					<onup condition="Control.IsVisible(531)">531</onup>
					<onup condition="Control.IsVisible(532)">532</onup>
					<onup condition="Control.IsVisible(540)">540</onup>
					<onup condition="Control.IsVisible(550)">550</onup>
					<onup condition="Control.IsVisible(551)">551</onup>
					<onup condition="Control.IsVisible(552)">552</onup>
					<width>60</width>
					<height>60</height>
					<label>  </label>
					<texturefocus colordiffuse="$VAR[White]">osd/pause.png</texturefocus>
					<texturenofocus colordiffuse="$VAR[UnFocusedColor]">osd/pause.png</texturenofocus>
					<usealttexture>Player.Paused | Player.Forwarding | Player.Rewinding</usealttexture>
					<alttexturefocus colordiffuse="$VAR[White]">osd/play.png</alttexturefocus>
					<alttexturenofocus colordiffuse="$VAR[UnFocusedColor]">osd/play.png</alttexturenofocus>
					<onclick>PlayerControl(Play)</onclick>
				</control>
			</control>

			<control type="list" id="9051">
				<width>20%</width>
				<height>120</height>
				<right>300</right>
				<bottom>0</bottom>
				<onup condition="Control.IsVisible(50)">50</onup>
				<onup condition="Control.IsVisible(510)">510</onup>
				<onup condition="Control.IsVisible(520)">520</onup>
				<onup condition="Control.IsVisible(521)">521</onup>
				<onup condition="Control.IsVisible(522)">522</onup>
				<onup condition="Control.IsVisible(530)">530</onup>
				<onup condition="Control.IsVisible(531)">531</onup>
				<onup condition="Control.IsVisible(532)">532</onup>
				<onup condition="Control.IsVisible(540)">540</onup>
				<onup condition="Control.IsVisible(550)">550</onup>
				<onup condition="Control.IsVisible(551)">551</onup>
				<onup condition="Control.IsVisible(552)">552</onup>
				<onleft>9052</onleft>
				<ondown>60</ondown>
				<ondown>3000</ondown>
				<orientation>horizontal</orientation>
				<scrolltime>0</scrolltime>
				<viewtype>list</viewtype>
				<defaultcontrol>1</defaultcontrol>
				<itemlayout width="80" height="80">
					<control type="image">
						<width>40</width>
						<height>120</height>
						<aspectratio>keep</aspectratio>
						<texture colordiffuse="$VAR[UnFocusedColor]">$INFO[ListItem.Icon]</texture>
					</control>
				</itemlayout>
				<focusedlayout width="80" height="80">
					<control type="image">
						<width>40</width>
						<height>120</height>
						<aspectratio>keep</aspectratio>
						<texture colordiffuse="$VAR[UnFocusedColor]">$INFO[ListItem.Icon]</texture>
					</control>
					<control type="image">
						<width>40</width>
						<height>120</height>
						<aspectratio>keep</aspectratio>
						<texture colordiffuse="$VAR[FocusedColor]">$INFO[ListItem.Icon]</texture>
						<visible>Control.HasFocus(9051)</visible>
					</control>
				</focusedlayout>
				<content>
					<item id="1">
						<label>$LOCALIZE[559]</label>
						<icon>osd/playlist.png</icon>
						<onclick>ActivateWindow(musicplaylist)</onclick>
					</item>
					<item id="2">
						<label>$LOCALIZE[191]</label>
						<icon>osd/shuffleoff.png</icon>
						<onclick>PlayerControl(Random)</onclick>
						<visible>!Playlist.IsRandom</visible>
					</item>
					<item id="2">
						<label>$LOCALIZE[191]</label>
						<icon>osd/shuffle.png</icon>
						<onclick>PlayerControl(Random)</onclick>
						<visible>Playlist.IsRandom</visible>
					</item>
					<item id="3">
						<label>$LOCALIZE[486]</label>
						<icon>osd/repeatoff.png</icon>
						<onclick>PlayerControl(Repeat)</onclick>
						<visible>![Playlist.IsRepeat | Playlist.IsRepeatOne]</visible>
					</item>
					<item id="3">
						<label>$LOCALIZE[486]</label>
						<icon>osd/repeat.png</icon>
						<onclick>PlayerControl(Repeat)</onclick>
						<visible>Playlist.IsRepeat</visible>
					</item>
					<item id="3">
						<label>$LOCALIZE[487]</label>
						<icon>osd/repeat_one.png</icon>
						<onclick>PlayerControl(Repeat)</onclick>
						<visible>Playlist.IsRepeatOne</visible>
					</item>
				</content>
			</control>

			<!--> Artist & Track <!-->
			<control type="label">
				<left>150</left>		
				<width>auto</width>
				<height>140</height>
				<align>left</align>
				<bottom>0</bottom>
				<label>$INFO[MusicPlayer.Title]</label>
				<font>MNPlayTit</font>
				<textcolor>$VAR[FocusedColor]</textcolor>
			</control>

			<control type="label">
				<left>150</left>		
				<width>auto</width>
				<height>90</height>
				<align>left</align>
				<bottom>0</bottom>
				<label>$INFO[MusicPlayer.Artist]</label>
				<font>MNPlayArt</font>
				<textcolor>$VAR[UnFocusedColor]</textcolor>
			</control>

			<!--> TimeRemaining & Duration <!-->
			<control type="label">
				<right>900</right>		
				<width>auto</width>
				<height>120</height>
				<align>right</align>
				<bottom>0</bottom>
				<label>$INFO[Player.Time] [COLOR $VAR[SecondaryColor]]/[/COLOR] $INFO[Player.Duration]</label>
				<font>tile</font>
				<textcolor>$VAR[FocusedColor]</textcolor>
			</control>
		</control>
	</include>
	<!-- debug -->
	<include name="debug_Header">
		<height>40</height>
		<font>Home</font>
	</include>
	<include name="debug_Label">
		<height>25</height>
		<font>Tile</font>
	</include>
	<!-- Apps -->
	<include name="RetroSystem">
		<!-- Resume -->
		<item>
			<label>$LOCALIZE[559]</label>
			<icon>osd/home/playlist.png</icon>
			<onclick>ActivateWindow(musicplaylist)</onclick>
			<visible>Container(9000).HasFocus(89) + [Player.HasAudio]</visible>
		</item>
		<item>
			<label>$LOCALIZE[559]</label>
			<icon>osd/home/playlist.png</icon>
			<onclick>ActivateWindow(videoplaylist)</onclick>
			<visible>Container(9000).HasFocus(89) + [Player.HasVideo + !Player.HasGame]</visible>
		</item>
		<item>
			<label>$LOCALIZE[31059]</label>
			<thumb>osd/home/pause.png</thumb>
			<onclick>PlayerControl(Play)</onclick>
			<visible>Container(9000).HasFocus(89) + !Player.Paused</visible>
		</item>
		<item>
			<label>$LOCALIZE[31059]</label>
			<thumb>osd/home/play.png</thumb>
			<onclick>PlayerControl(Play)</onclick>
			<visible>Container(9000).HasFocus(89) + Player.Paused</visible>
		</item>
		<item>
			<label>$LOCALIZE[209]</label>
			<thumb>osd/home/next.png</thumb>
			<onclick>PlayerControl(Next)</onclick>
			<visible>Container(9000).HasFocus(89)</visible>
		</item>
		<item>
			<label>$LOCALIZE[210]</label>
			<thumb>osd/home/prev.png</thumb>
			<onclick>PlayerControl(Previous)</onclick>
			<visible>Container(9000).HasFocus(89)</visible>
		</item>
		<item>
			<label>$LOCALIZE[31060]</label>
			<thumb>osd/home/stop.png</thumb>
			<onclick>PlayerControl(Stop)</onclick>
			<visible>Container(9000).HasFocus(89)</visible>
		</item>
		<!-- System -->
		<item>
			<label>$LOCALIZE[31024]</label>
			<onclick>PlayDisc()</onclick>
			<thumb>home/disc.png</thumb>
			<visible>System.HasMediadvd + Container(9000).HasFocus(90)</visible>
		</item>
		<item>
			<label>$LOCALIZE[14204]</label>
			<onclick>ActivateWindow(tvchannels)</onclick>
			<thumb>home/pvr.png</thumb>
			<visible>Pvr.HasTVChannels + Container(9000).HasFocus(90)</visible>
		</item>
		<item>
			<label>$LOCALIZE[3]</label>
			<onclick>ActivateWindow(1109)</onclick>
			<thumb>home/tv.png</thumb>
			<visible>Container(9000).HasFocus(90)</visible>
		</item>
		<item>
			<label>$LOCALIZE[2]</label>
			<onclick>ActivateWindow(1108)</onclick>
			<thumb>home/music.png</thumb>
			<visible>Container(9000).HasFocus(90)</visible>
		</item>
		<item>
			<label>$LOCALIZE[10821]</label>
			<onclick>ActivateWindow(games)</onclick>
			<thumb>home/games.png</thumb>
			<visible>Container(9000).HasFocus(90)</visible>
		</item>
		<item>
			<label>$LOCALIZE[1]</label>
			<onclick>ActivateWindow(pictures)</onclick>
			<thumb>home/pictures.png</thumb>
			<visible>Container(9000).HasFocus(90)</visible>
		</item>
		<item>
			<label>$LOCALIZE[31027]</label>
			<onclick>ActivateWindow(addonbrowser)</onclick>
			<thumb>home/addon.png</thumb>
			<visible>Container(9000).HasFocus(90)</visible>
		</item>
		<item>
			<label>$LOCALIZE[21417]</label>
			<onclick>ActivateWindow(Settings)</onclick>
			<thumb>home/settings.png</thumb>
			<visible>Container(9000).HasFocus(90) + !Skin.String(DashboardToggle, Horizontal)</visible>
		</item>
		<item>
			<label>$LOCALIZE[33060]</label>
			<onclick>ActivateWindow(shutdownmenu)</onclick>
			<thumb>home/power.png</thumb>
			<visible>Container(9000).HasFocus(90)</visible>
		</item>
		<!-- Apps -->
		<item>
			<label>Netflix</label>
			<onclick>ActivateWindow(9500)</onclick>
			<icon>home/apps/thumb/netflix.png</icon>
			<thumb>home/apps/netflix.png</thumb>
			<visible>System.HasAddon(plugin.video.netflix) + Container(9000).HasFocus(91)</visible>
		</item>
		<!--><item>
			<label>Xfinity</label>
			<onclick>Skin.SetString(gotoapp,xfinity)</onclick>
			<onclick>ActivateWindow(1200)</onclick>
			<icon>home/apps/thumb/xfinity.png</icon>
			<thumb>home/apps/xfinity.png</thumb>
			<visible>Container(9000).HasFocus(91)</visible>
		</item><!-->
		<item>
			<label>Youtube</label>
			<onclick>ActivateWindow(1110)</onclick>
			<icon>home/apps/thumb/youtube.jpg</icon>
			<thumb>home/apps/youtube.png</thumb>
			<visible>System.HasAddon(plugin.video.youtube) + Container(9000).HasFocus(91)</visible>
		</item>
		<item>
			<label>Twitch</label>
			<onclick>ActivateWindow(1111)</onclick>
			<icon>home/apps/thumb/twitch.jpg</icon>
			<thumb>home/apps/twitch.jpg</thumb>
			<visible>System.HasAddon(plugin.video.twitch) + Container(9000).HasFocus(91)</visible>
		</item>
		<item>
			<label>Pluto TV</label>
			<onclick>ActivateWindow(1120)</onclick>
			<icon>home/apps/thumb/pluto.png</icon>
			<thumb>home/apps/pluto.png</thumb>
			<visible>System.HasAddon(plugin.video.plutotv) + Container(9000).HasFocus(91)</visible>
		</item>
		<item>
			<label>Amazon</label>
			<onclick>ActivateWindow(1112)</onclick>
			<icon>home/apps/thumb/amazon.png</icon>
			<thumb>home/apps/amazon.png</thumb>
			<visible>System.HasAddon(plugin.video.amazon-test) + Container(9000).HasFocus(91)</visible>
		</item>
		<item>
			<label>Spotify</label>
			<onclick>ActivateWindow(Music,plugin://plugin.audio.spotify/,return)</onclick>
			<icon>home/apps/thumb/spotify.png</icon>
			<thumb>home/apps/spotify.jpg</thumb>
			<visible>System.HasAddon(plugin.audio.spotify) + System.Platform.Windows + Container(9000).HasFocus(91)</visible>
		</item>
		<item>
			<label>Steam</label>
			<onclick>RunScript(script.steam.launcher)</onclick>
			<icon>home/apps/thumb/steam.jpg</icon>
			<thumb>home/apps/steam.png</thumb>
			<visible>System.HasAddon(script.steam.launcher) + Container(9000).HasFocus(91)</visible>
		</item>
	</include>
	<include name="SystemApps1">
		<item>
			<label>$LOCALIZE[10821]</label>
			<onclick>ActivateWindow(games)</onclick>
			<!--<onclick>ActivateWindow(1106)</onclick>-->
			<thumb>home/games.png</thumb>
		</item>
		<item>
			<label>$LOCALIZE[31024]</label>
			<onclick>PlayDisc()</onclick>
			<thumb>home/disc.png</thumb>
			<visible>System.HasMediadvd</visible>
		</item>
	</include>
	<include name="SystemApps2">
		<item>
			<label>$LOCALIZE[3]</label>
			<onclick>ActivateWindow(1109)</onclick>
			<thumb>home/tv.png</thumb>
		</item>
		<item>
			<label>$LOCALIZE[2]</label>
			<onclick>ActivateWindow(1108)</onclick>
			<thumb>home/music.png</thumb>
		</item>
		<item>
			<label>$LOCALIZE[1]</label>
			<onclick>ActivateWindow(pictures)</onclick>
			<thumb>home/pictures.png</thumb>
		</item>
		<item>					
			<label>$LOCALIZE[14204]</label>
			<onclick>ActivateWindow(tvchannels)</onclick>
			<thumb>home/pvr.png</thumb>
			<visible>Pvr.HasTVChannels</visible>
		</item>
		<item>
			<label>$LOCALIZE[31025]</label>
			<onclick>ActivateWindow(programs,androidapp://sources/apps/,return)</onclick>
			<thumb>DefaultAddonHelper.png</thumb>
			<visible>System.Platform.Android</visible>
		</item>
		<item>
			<label>$LOCALIZE[31027]</label>
			<onclick>ActivateWindow(addonbrowser)</onclick>
			<thumb>home/addon.png</thumb>
		</item>
		<item id="99">
			<label>$LOCALIZE[21417]</label>
			<onclick>ActivateWindow(Settings)</onclick>
			<thumb>home/settings.png</thumb>
		</item>
	</include>
	<include name="AndroidApps">
		<item>
			<label>$LOCALIZE[31024]</label>
			<onclick>PlayDisc()</onclick>
			<thumb>home/disc.png</thumb>
			<visible>System.HasMediadvd</visible>
		</item>
		<item>
			<label>$LOCALIZE[10821]</label>
			<onclick>ActivateWindow(games)</onclick>
			<!--<onclick>ActivateWindow(1106)</onclick>-->
			<thumb>home/games.png</thumb>
		</item>
		<item>
			<label>$LOCALIZE[3]</label>
			<onclick>ActivateWindow(1109)</onclick>
			<thumb>home/tv.png</thumb>
		</item>
		<item>
			<label>$LOCALIZE[2]</label>
			<onclick>ActivateWindow(1108)</onclick>
			<thumb>home/music.png</thumb>
		</item>
		<item>
			<label>$LOCALIZE[1]</label>
			<onclick>ActivateWindow(pictures)</onclick>
			<thumb>home/pictures.png</thumb>
		</item>
		<item>					
			<label>$LOCALIZE[14204]</label>
			<onclick>ActivateWindow(tvchannels)</onclick>
			<thumb>home/pvr.png</thumb>
			<visible>Pvr.HasTVChannels</visible>
		</item>
		<item>
			<label>$LOCALIZE[31027]</label>
			<onclick>ActivateWindow(addonbrowser)</onclick>
			<thumb>home/addon.png</thumb>
		</item>
	</include>
	<include name="VideoApps">
		<item>
			<label>Netflix</label>
			<onclick>ActivateWindow(9500)</onclick>
			<icon>home/apps/thumb/netflix.png</icon>
			<thumb>home/apps/netflix.png</thumb>
			<visible>System.HasAddon(plugin.video.netflix)</visible>
		</item>
		<item>
			<label>Youtube</label>
			<onclick>ActivateWindow(1110)</onclick>
			<icon>home/apps/thumb/youtube.jpg</icon>
			<thumb>home/apps/youtube.png</thumb>
			<visible>System.HasAddon(plugin.video.youtube)</visible>
		</item>
		<!--><item>
			<label>Xfinity</label>
			<onclick>Skin.SetString(gotoapp,xfinity)</onclick>
			<onclick>ActivateWindow(1200)</onclick>
			<icon>home/apps/thumb/xfinity.png</icon>
			<thumb>home/apps/xfinity.png</thumb>
		</item><!-->
		<item>
			<label>Twitch</label>
			<onclick>ActivateWindow(1111)</onclick>
			<icon>home/apps/thumb/twitch.jpg</icon>
			<thumb>home/apps/twitch.jpg</thumb>
			<visible>System.HasAddon(plugin.video.twitch)</visible>
		</item>
		<item>
			<label>Pluto TV</label>
			<onclick>ActivateWindow(1120)</onclick>
			<icon>home/apps/thumb/pluto.png</icon>
			<thumb>home/apps/pluto.png</thumb>
			<visible>System.HasAddon(plugin.video.plutotv)</visible>
		</item>
		<item>
			<label>Amazon</label>
			<onclick>ActivateWindow(1112)</onclick>
			<icon>home/apps/thumb/amazon.png</icon>
			<thumb>home/apps/amazon.png</thumb>
			<visible>System.HasAddon(plugin.video.amazon-test)</visible>
		</item>
	</include>
	<include name="MusicApps">
		<item>
			<label>Spotify</label>
			<!--><onclick>RunScript(special://skin/scripts/spotify.py)</onclick><!-->
			<onclick>ActivateWindow(Music,plugin://plugin.audio.spotify/,return)</onclick>
			<icon>home/apps/thumb/spotify.png</icon>
			<thumb>home/apps/spotify.jpg</thumb>
			<visible>System.HasAddon(plugin.audio.spotify) + System.Platform.Windows</visible>
		</item>
	</include>
	<include name="GameApps">
		<item>
			<label>Steam</label>
			<onclick>RunScript(script.steam.launcher)</onclick>
			<icon>home/apps/thumb/steam.jpg</icon>
			<thumb>home/apps/steam.png</thumb>
			<visible>System.HasAddon(script.steam.launcher)</visible>
		</item>
	</include>
	<include name="Android">
		<content target="programs">androidapp://sources/apps/</content>
	</include>
	<include name="AllApps">
		<include>VideoApps</include>
		<include>MusicApps</include>
		<include>GameApps</include>
	</include>
	<!-->Reset all<!-->
	<include name="resetall">
		<onclick>Skin.ResetSettings</onclick>
		<onclick>Skin.Reset(BackgroundColor)</onclick>
		<onclick>Skin.Reset(BackgroundColor2)</onclick>
		<onclick>Skin.Reset(backgroundimage)</onclick>
		<onclick>Skin.Reset(SecondaryColor)</onclick>
		<onclick>Skin.Reset(DiffuseColor)</onclick>
		<onclick>Skin.Reset(darkmode)</onclick>
		<onclick>Skin.Reset(hiddenoptions)</onclick>
		<onclick>Skin.Reset(TextColor)</onclick>
		<onclick>Skin.Reset(SelectedColor)</onclick>
		<onclick>ReplaceWindow(startup)</onclick>
		<!--><onclick>RunScript(script.skinshortcuts,type=resetall)</onclick><!-->
	</include>
</includes>