<?xml version="1.0" encoding="UTF-8"?>
<window>
	<!-- playlist -->
	<backgroundcolor>$VAR[Black]</backgroundcolor>
	<defaultcontrol always="true">600</defaultcontrol>
	<menucontrol>3000</menucontrol>
	<views>600,601</views>
	<controls>

	<include>WindowBackgroundImage</include>
	<include>Fanart</include>
	<include>WindowBackgroundVideo</include>
	
		<!-- Hidden controls -->
		<control type="radiobutton" id="20">
			<include>HiddenControl</include>
		</control>
		<control type="button" id="21">
			<include>HiddenControl</include>
		</control>
		<control type="button" id="22">
			<include>HiddenControl</include>
		</control>
		<control type="button" id="26">
			<include>HiddenControl</include>
		</control>
		<!-- Main group -->
		<control type="group">
			<include>WindowFadeAnimation</include>
			
			<!-- Views -->
			<include>Viewtype_600_Sidebar</include>
			<include>Viewtype_601_Full</include>
			<!-- ScrollBars -->
			<include>ScrollBars</include>
		</control>
		<!-- Options -->
		<control type="image">
			<include>VisibleFadeAnimation</include>
			<include>FullscreenDimensions</include>
			<texture colordiffuse="$VAR[SecondaryColor]">views/white_70.png</texture>
			<visible>Control.HasFocus(3000)</visible>
		</control>
		<control type="fixedlist" id="3000">
			<centerright>20%</centerright>
			<centertop>40%</centertop>
			<width>500</width>
			<height>100%</height>
			<onup>600</onup>
			<ondown>600</ondown>
			<onback>600</onback>
			<onleft condition="String.IsEmpty(Container(3000).ListItem.Property(ActionLeft))">600</onleft>
			<onright condition="String.IsEmpty(Container(3000).ListItem.Property(ActionRight))">600</onright>
			<onleft condition="!String.IsEmpty(Container(3000).ListItem.Property(ActionLeft))">$INFO[Container(3000).ListItem.Property(ActionLeft)]</onleft>
			<onright condition="!String.IsEmpty(Container(3000).ListItem.Property(ActionRight))">$INFO[Container(3000).ListItem.Property(ActionRight)]</onright>
			<movement>6</movement>
			<focusposition>6</focusposition>
			<orientation>vertical</orientation>
			<defaultcontrol always="true">0</defaultcontrol>
			<scrolltime tween="sine" easing="inout">200</scrolltime>
			<visible allowhiddenfocus="true">Control.HasFocus(3000)</visible>
			<include>OptionsAnimation</include>
			<itemlayout width="500" height="100">
				<control type="image">
					<width>500</width>
					<height>100</height>
					<texture colordiffuse="$VAR[MaterialColor]" border="9">views/Card_bg_white.png</texture>
				</control>
				<control type="label">
					<width>500</width>
					<height>100</height>
					<font>Thin20</font>
					<alignx>center</alignx>
					<align>center</align>
					<textcolor>$VAR[White]</textcolor>
					<label>$INFO[ListItem.Label2]</label>
				</control>
			</itemlayout>
			<focusedlayout width="500" height="100">
				<control type="image">
					<width>500</width>
					<height>100</height>
					<texture colordiffuse="$VAR[SecondaryColor]" border="9">views/Card_bg_white.png</texture>
				</control>
				<control type="label">
					<width>500</width>
					<height>100</height>
					<font>Thin20</font>
					<alignx>center</alignx>
					<align>center</align>
					<textcolor>$VAR[TextColor]</textcolor>
					<label>$INFO[ListItem.Label]</label>
				</control>
			</focusedlayout>
			<content>
				<!-- Viewmode -->
				<item>
					<onclick>Container.NextViewMode</onclick>
					<label>‹ $LOCALIZE[31600] ›</label>
					<label2>$LOCALIZE[31600]</label2>
					<property name="ActionLeft">Container.PreviousViewMode</property>
					<property name="ActionRight">Container.NextViewMode</property>
					<visible>Control.IsVisible(600)</visible>
				</item>
				<item>
					<onclick>Container.NextViewMode</onclick>
					<label>‹ $LOCALIZE[31601] ›</label>
					<label2>$LOCALIZE[31601]</label2>
					<property name="ActionLeft">Container.PreviousViewMode</property>
					<property name="ActionRight">Container.NextViewMode</property>
					<visible>Control.IsVisible(601)</visible>
				</item>
				<!-- Shuffle playlist -->
				<item>
					<onclick>SendClick(20)</onclick>
					<label>‹ $LOCALIZE[16039] ›</label>
					<label2>$LOCALIZE[191] | $LOCALIZE[16039]</label2>
					<property name="ActionLeft">SendClick(20)</property>
					<property name="ActionRight">SendClick(20)</property>
					<visible>Control.IsEnabled(20) + !Playlist.IsRandom</visible>
				</item>
				<item>
					<onclick>SendClick(20)</onclick>
					<label>‹ $LOCALIZE[16041] ›</label>
					<label2>$LOCALIZE[191] | $LOCALIZE[16041]</label2>
					<property name="ActionLeft">SendClick(20)</property>
					<property name="ActionRight">SendClick(20)</property>
					<visible>Control.IsEnabled(20) + Playlist.IsRandom</visible>
				</item>
				<!-- Repeat playlist -->
				<item>
					<onclick>SetFocus(50)</onclick>
					<label>‹ $LOCALIZE[591] ›</label>
					<label2>$LOCALIZE[486] | $LOCALIZE[591]</label2>
					<property name="ActionLeft">SendClick(26)</property>
					<property name="ActionLeft2">SendClick(26)</property>
					<property name="ActionRight">SendClick(26)</property>
					<visible>Control.IsEnabled(26) + SubString(Control.GetLabel(26),$LOCALIZE[591])</visible>
				</item>
				<item>
					<onclick>SetFocus(50)</onclick>
					<label>‹ $LOCALIZE[592] ›</label>
					<label2>$LOCALIZE[486] | $LOCALIZE[592]</label2>
					<property name="ActionLeft">SendClick(26)</property>
					<property name="ActionLeft2">SendClick(26)</property>
					<property name="ActionRight">SendClick(26)</property>
					<visible>Control.IsEnabled(26) + SubString(Control.GetLabel(26),$LOCALIZE[592])</visible>
				</item>
				<item>
					<onclick>SetFocus(50)</onclick>
					<label>‹ $LOCALIZE[593] ›</label>
					<label2>$LOCALIZE[486] | $LOCALIZE[593]</label2>
					<property name="ActionLeft">SendClick(26)</property>
					<property name="ActionLeft2">SendClick(26)</property>
					<property name="ActionRight">SendClick(26)</property>
					<visible>Control.IsEnabled(26) + SubString(Control.GetLabel(26),$LOCALIZE[593])</visible>
				</item>
				<!-- Save playlist -->
				<item>
					<onclick>SendClick(21)</onclick>
					<label>$LOCALIZE[190]</label>
					<label2>$LOCALIZE[190]</label2>
					<visible>Control.IsEnabled(21)</visible>
				</item>
				<!-- Clear playlist -->
				<item>
					<onclick>SendClick(22)</onclick>
					<onclick>SetFocus(50)</onclick>
					<onclick>ReplaceWindow(Videos)</onclick>
					<label>$LOCALIZE[192]</label>
					<label2>$LOCALIZE[192]</label2>
					<visible>Control.IsEnabled(22)</visible>
				</item>
			</content>
		</control>
		<!--> Logo <!-->
		<include>Logo</include>
	</controls>
</window>