<?xml version="1.0" encoding="UTF-8"?>
<colors>
        <!-- All others -->
        <color name="black">FF000000</color>
        <color name="white">FFFFFFFF</color>
        <color name="brightred">FFC80000</color>
        <color name="grey">FFC0C2C2</color>
        <color name="blue">FF7ACAFE</color>
        <color name="red">FFCE4421</color>
        <color name="midgrey">FF686868</color>      
        <color name="bluegrey">ffC6C6C8</color>
        <color name="darkgrey">FF2C2C2C</color>
        <color name="darkgrey2">FF666769</color>

        <!-- Home Labels -->
        <color name="homelabelbig">FFFFFFFF</color>
        <color name="homelabelsmall">FF62BEFE</color>

        <!-- List, Guide view -->
        <color name="greyblue">FF677173</color>
        <color name="listwhite">FFFFFFFF</color>
        <color name="guideblue">FF7ACAFE</color>

        <!-- List view -->
        <color name="greyblue">FF677173</color>

        <!-- Context menus, shutdown menes -->
        <color name="lightgrey">FFDDDDDD</color>
        <color name="darkgrey">FF2C2C2C</color>

        <!-- GuideButton -->        
        <color name="guidebutton">FF44aef3</color> <!-- Green -->       

        <!-- Other -->
        <color name="77white">77FFFFFF</color>
        <color name="aawhite">AAFFFFFF</color>  
        <color name="bbwhite">BBFFFFFF</color>  
        <color name="ddwhite">DDFFFFFF</color>  
        <color name="eewhite">EEFFFFFF</color>

        <!-- Menus -->
        <color name="MenuBlue">FF55B2FA</color>
        <color name="MenuGrey">CC484848</color>
        <color name="KeyboardGrey">99484848</color>
        <color name="SettingsBlue">FF55b4e7</color>
        <color name="DialogSelected">FF4ea1e7</color>
        <color name="SelectedRed">FFE10101</color>
        <color name="SelectedColor">FF60a0bd</color>
        <color name="SelectedBlue">FF31D0FF</color>
</colors>