<?xml version="1.0" encoding="UTF-8"?>
<window id="1109">
	<backgroundcolor>$VAR[Black]</backgroundcolor>
	<defaultcontrol always="false">111</defaultcontrol>
	<onload>Skin.SetString(snapwindow, 1109)</onload>
	<onload>Skin.SetString(snapico, home/snap/tv.jpg,0)</onload>
	<onload>Skin.SetString(snapname,$LOCALIZE[31028])</onload>
	<onload>UpdateLibrary(video)</onload>
	<controls>
		<include>WindowBackgroundImage</include>

		<control type="group">
			<animation type="Conditional" condition="Control.HasFocus(222)">
				<effect type="slide" center="auto" start="0" end="0,-700" time="200"/>
			</animation>
			<animation type="Conditional" condition="Control.HasFocus(333)">
				<effect type="slide" center="auto" start="0" end="0,-1400" time="200"/>
			</animation>
			<animation type="Conditional" condition="Control.HasFocus(444)">
				<effect type="slide" center="auto" start="0" end="0,-2000" time="200"/>
			</animation>
			<control type="image">
				<include>BottomZoomAnimation</include>
				<left>-500</left>
				<top>900</top>
				<width>200%</width>
				<height>500%</height>
				<texture colordiffuse="$VAR[Black]">color_white.png</texture>
			</control>

			<!--> Header <!-->
			<control type="group">
				<include>TopZoomAnimation</include>			
				<control type="image">
					<left>-500</left>
					<top>-500</top>
					<width>200%</width>
					<height>650</height>
					<texture colordiffuse="$VAR[Black]">color_white.png</texture>
					<aspectratio>scale</aspectratio>
				</control>
				<control type="label">
					<top>40</top>
					<left>50</left>
					<width>1000</width>	
					<height>40</height>
					<label>$LOCALIZE[31028]</label>
					<aligny>left</aligny>
					<font>Header</font>
					<textcolor>$VAR[White]</textcolor>						
				</control>
			</control>

			<control type="group">

				<!--> Movies <!-->
				<control type="group">
					<top>200</top>
					<left>60</left>
					<include>ContentShowcaseAnimation</include>
					<control type="label">
						<width>1000</width>	
						<height>40</height>
						<label>$LOCALIZE[31029]</label>
						<aligny>left</aligny>
						<font>SubHeader</font>
						<textcolor>$VAR[TextColor]</textcolor>
					</control>

					<control type="fixedlist" id="111">
						<top>50</top>
						<left>-10</left>
						<width>96%</width>
						<height>650</height>
						<onup>noop</onup>
						<ondown>222</ondown>
						<focusposition>-1</focusposition>
						<movement>2</movement>
						<orientation>horizontal</orientation>
						<viewtype>list</viewtype>
						<scrolltime tween="cubic" easing="out">360</scrolltime>
						<itemlayout height="590" width="360">
							<control type="group">
								<top>20</top>
								<left>20</left>
								<control type="image">
									<width>340</width>
									<height>510</height>
									<aspectratio>scale</aspectratio>
									<texture colordiffuse="$VAR[SecondaryColor]">color_white.png</texture>
								</control>
								<control type="image">
									<width>340</width>
									<height>510</height>
									<aspectratio>scale</aspectratio>
									<texture background="false">$INFO[ListItem.Icon]</texture>
								</control>
								<include>WatchedIndicator</include>
							</control>
						</itemlayout>
						<focusedlayout height="590" width="360">
							<control type="group">
								<top>20</top>
								<left>20</left>
								<control type="image">
									<width>340</width>
									<height>510</height>
									<aspectratio>scale</aspectratio>
									<texture colordiffuse="$VAR[SecondaryColor]">color_white.png</texture>
								</control>
								<control type="image">
									<width>340</width>
									<height>580</height>
									<aspectratio>scale</aspectratio>
									<texture colordiffuse="$VAR[SecondaryColor]">color_white.png</texture>
									<visible>Control.HasFocus(111)</visible>
								</control>
								<control type="image">
									<width>340</width>
									<height>510</height>
									<aspectratio>scale</aspectratio>
									<texture background="true">$INFO[ListItem.Icon]</texture>
								</control>
								<control type="group">
									<visible>Control.HasFocus(111)</visible>
									<include>SelectionAnimation</include>
									<control type="label">
										<left>10</left>
										<bottom>20</bottom>
										<width>320</width>	
										<height>40</height>
										<label>$INFO[ListItem.Label]</label>
										<align>left</align>
										<font>Tile</font>
										<textcolor>$VAR[FocusedColor2]</textcolor>
									</control>
									<control type="label">
										<left>10</left>
										<bottom>-5</bottom>
										<width>340</width>	
										<height>40</height>
										<label>$INFO[ListItem.year]</label>
										<align>left</align>
										<font>Tile</font>
										<textcolor>$VAR[UnFocusedColor2]</textcolor>
									</control>
								</control>
									<include>WatchedIndicator</include>
								<control type="group">
									<visible>Control.HasFocus(111)</visible>
									<include>WatchedIndicator2</include>
								</control>
								<control type="image">
									<include>SelectionAnimation2</include>
									<top>-10</top>
									<left>-10</left>
									<width>360</width>
									<height>600</height>
									<texture colordiffuse="$VAR[SecondaryColor]" border="75">fo.png</texture>
									<visible>Control.HasFocus(111)</visible>
								</control>
							</control>
						</focusedlayout>
						<content>
							<item>
								<label>$LOCALIZE[590]</label>
								<onclick>RunScript(&quot;script.rndmov&quot;)</onclick>
								<onclick condition="!System.HasAddon(script.rndmov)">InstallAddon(script.rndmov)</onclick>
								<icon>DefaultAddonVideo.png</icon>
							</item>
						</content>
						<content target="videos" sortby="dateadded" sortorder="descending">library://video/movies/titles.xml/</content>
					</control>
				</control>

				<!--> TV <!-->
				<control type="group">
					<top>950</top>
					<left>60</left>
					<include>ContentShowcaseAnimation</include>
					<control type="label">
						<width>1000</width>	
						<height>40</height>
						<label>$LOCALIZE[31030]</label>
						<aligny>left</aligny>
						<font>SubHeader</font>
						<textcolor>$VAR[White]</textcolor>
					</control>

					<control type="fixedlist" id="222">
						<top>50</top>
						<left>-10</left>
						<width>100%</width>
						<height>650</height>
						<onup>111</onup>
						<ondown>333</ondown>
						<focusposition>-1</focusposition>
						<movement>2</movement>
						<orientation>horizontal</orientation>
						<viewtype>list</viewtype>
						<scrolltime tween="cubic" easing="out">360</scrolltime>
						<itemlayout height="590" width="360">
							<control type="group">
								<top>20</top>
								<left>20</left>
								<control type="image">
									<width>340</width>
									<height>510</height>
									<aspectratio>scale</aspectratio>
									<texture colordiffuse="$VAR[SecondaryColor]">color_white.png</texture>
								</control>
								<control type="image">
									<width>340</width>
									<height>510</height>
									<aspectratio>scale</aspectratio>
									<texture background="false">$INFO[ListItem.Icon]</texture>
								</control>
							<include>WatchedIndicator2</include>
							</control>
						</itemlayout>
						<focusedlayout height="590" width="360">
							<control type="group">
								<top>20</top>
								<left>20</left>
								<control type="image">
									<width>340</width>
									<height>510</height>
									<aspectratio>scale</aspectratio>
									<texture colordiffuse="$VAR[SecondaryColor]">color_white.png</texture>
								</control>
								<control type="image">
									<width>340</width>
									<height>580</height>
									<aspectratio>scale</aspectratio>
									<texture colordiffuse="$VAR[SecondaryColor]">color_white.png</texture>
									<visible>Control.HasFocus(222)</visible>
								</control>
								<control type="image">
									<width>340</width>
									<height>510</height>
									<aspectratio>scale</aspectratio>
									<texture background="true">$INFO[ListItem.Icon]</texture>
								</control>			
								<control type="image">
									<include>SelectionAnimation2</include>
									<top>-10</top>
									<left>-10</left>
									<width>360</width>
									<height>600</height>
									<texture colordiffuse="$VAR[SecondaryColor]" border="90">fo.png</texture>
									<visible>Control.HasFocus(222)</visible>
								</control>
								<control type="group">
									<include>SelectionAnimation</include>
									<control type="label">
										<left>10</left>
										<bottom>20</bottom>
										<width>320</width>	
										<height>40</height>
										<label>$INFO[ListItem.Label]</label>
										<align>left</align>
										<font>Tile</font>
										<textcolor>$VAR[FocusedColor2]</textcolor>
									</control>
									<control type="label">
										<left>10</left>
										<bottom>-5</bottom>
										<width>340</width>	
										<height>40</height>
										<label>$INFO[ListItem.year]</label>
										<align>left</align>
										<font>Tile</font>
										<textcolor>$VAR[UnFocusedColor2]</textcolor>
									</control>
								</control>
									<include>WatchedIndicator</include>
								<control type="group">
									<visible>Control.HasFocus(222)</visible>
									<include>WatchedIndicator2</include>
								</control>
							</control>
						</focusedlayout>
						<content target="videos" sortby="title" sortorder="ascending">videodb://tvshows/titles</content>
					</control>
				</control>

				<!--> Actors <!-->
				<control type="group">
					<top>1650</top>
					<left>60</left>
					<include>ContentShowcaseAnimation</include>
					<control type="label">
						<width>1000</width>	
						<height>40</height>
						<label>$LOCALIZE[344]</label>
						<aligny>left</aligny>
						<font>SubHeader</font>
						<textcolor>$VAR[White]</textcolor>
					</control>

					<control type="wraplist" id="333">
						<top>50</top>
						<left>-10</left>
						<width>100%</width>
						<height>650</height>
						<onup>222</onup>
						<ondown>444</ondown>
						<focusposition>0</focusposition>
						<movement>4</movement>
						<orientation>horizontal</orientation>
						<viewtype>list</viewtype>
						<scrolltime tween="cubic" easing="out">360</scrolltime>
						<itemlayout height="400" width="360">
							<control type="group">
								<top>20</top>
								<left>20</left>
								<control type="image">
									<width>340</width>
									<height>340</height>
									<aspectratio>scale</aspectratio>
									<texture colordiffuse="$VAR[White]" background="false">DefaultArtist.png</texture>
								</control>
								<control type="image">
									<width>340</width>
									<height>340</height>
									<aspectratio>scale</aspectratio>
									<texture fallback="views/white_0.png" background="false">$INFO[ListItem.Art(thumb)]</texture>
								</control>
							</control>
						</itemlayout>
						<focusedlayout height="400" width="360">
							<control type="group">
								<top>20</top>
								<left>20</left>
								<control type="image">
									<width>340</width>
									<height>390</height>
									<aspectratio>scale</aspectratio>
									<texture colordiffuse="$VAR[SecondaryColor]">color_white.png</texture>
									<visible>Control.HasFocus(333)</visible>
									<include>SelectionAnimation2</include>
								</control>
								<control type="image">
									<width>340</width>
									<height>340</height>
									<aspectratio>scale</aspectratio>
									<texture colordiffuse="$VAR[White]" background="false">DefaultArtist.png</texture>
								</control>	
								<control type="image">
									<width>340</width>
									<height>340</height>
									<aspectratio>scale</aspectratio>
									<texture fallback="views/white_0.png" background="false">$INFO[ListItem.Art(thumb)]</texture>
								</control>	
								<control type="image">
									<top>-10</top>
									<left>-10</left>
									<width>360</width>
									<height>410</height>
									<texture colordiffuse="$VAR[SecondaryColor]" border="90">fo2.png</texture>
									<visible>Control.HasFocus(333)</visible>
								</control>
								<control type="group">
									<include>SelectionAnimation</include>
									<control type="label">
										<left>20</left>
										<bottom>0</bottom>
										<width>340</width>	
										<height>40</height>
										<label>$INFO[ListItem.Label]</label>
										<align>left</align>
										<font>Tile</font>
										<textcolor>$VAR[FocusedColor2]</textcolor>
									</control>
								</control>
							</control>
						</focusedlayout>
						<content target="videos">videodb://movies/actors/</content>
						<content target="videos">videodb://tvshows/actors/</content>
					</control>
				</control>
				
				<!--> Addons <!-->
				<control type="group">
					<top>2200</top>
					<left>60</left>
					<include>ContentShowcaseAnimation</include>
					<control type="label">
						<width>1000</width>	
						<height>40</height>
						<label>$LOCALIZE[31031]</label>
						<aligny>left</aligny>
						<font>SubHeader</font>
						<textcolor>$VAR[White]</textcolor>
					</control>

					<control type="fixedlist" id="444">
						<top>50</top>
						<left>-10</left>
						<width>100%</width>
						<height>650</height>
						<onup>333</onup>
						<ondown>noop</ondown>
						<focusposition>0</focusposition>
						<movement>2</movement>
						<orientation>horizontal</orientation>
						<viewtype>list</viewtype>
						<scrolltime tween="cubic" easing="out">360</scrolltime>
						<itemlayout height="400" width="360">
							<control type="group">
								<top>20</top>
								<left>20</left>
								<control type="image">
									<width>340</width>
									<height>340</height>
									<aspectratio>scale</aspectratio>
									<texture colordiffuse="$VAR[White]" background="false">$INFO[ListItem.Icon]</texture>
								</control>
								<control type="image">
									<width>340</width>
									<height>340</height>
									<aspectratio>scale</aspectratio>
									<texture colordiffuse="$VAR[White]" background="false">$INFO[ListItem.Icon]</texture>
									<visible>![Control.HasFocus(444) + Skin.HasSetting(darkmode)]</visible>
								</control>
								<control type="image">
									<width>340</width>
									<height>340</height>
									<aspectratio>scale</aspectratio>
									<texture background="false">$INFO[ListItem.Icon]</texture>
								</control>
							</control>
						</itemlayout>
						<focusedlayout height="400" width="360">
							<control type="group">
								<top>20</top>
								<left>20</left>
								<control type="image">
									<width>340</width>
									<height>390</height>
									<aspectratio>scale</aspectratio>
									<texture colordiffuse="$VAR[SecondaryColor]">color_white.png</texture>
									<visible>Control.HasFocus(444)</visible>
									<include>SelectionAnimation2</include>
								</control>
								<control type="image">
									<width>340</width>
									<height>340</height>
									<aspectratio>scale</aspectratio>
									<texture colordiffuse="$VAR[White]" background="false">$INFO[ListItem.Icon]</texture>
									<visible>![Control.HasFocus(444) + Skin.HasSetting(darkmode)]</visible>
								</control>
								<control type="image">
									<width>340</width>
									<height>340</height>
									<aspectratio>scale</aspectratio>
									<texture colordiffuse="$VAR[Black]" background="false">$INFO[ListItem.Icon]</texture>
									<visible>[Control.HasFocus(444) + Skin.HasSetting(darkmode)] + Container(444).HasFocus(99)</visible>
								</control>
								<control type="image">
									<width>340</width>
									<height>340</height>
									<aspectratio>scale</aspectratio>
									<texture background="false">$INFO[ListItem.Icon]</texture>
									<visible>!Container(444).HasFocus(99)</visible>
								</control>
								<control type="image">
									<top>-10</top>
									<left>-10</left>
									<width>360</width>
									<height>410</height>
									<texture colordiffuse="$VAR[SecondaryColor]" border="90">fo2.png</texture>
									<visible>Control.HasFocus(444)</visible>
								</control>
								<control type="group">
									<include>SelectionAnimation</include>
									<control type="label">
										<left>20</left>
										<bottom>0</bottom>
										<width>340</width>	
										<height>40</height>
										<label>$INFO[ListItem.Label]</label>
										<align>left</align>
										<font>Tile</font>
										<textcolor>$VAR[FocusedColor2]</textcolor>
									</control>
								</control>
							</control>
						</focusedlayout>
						<content>
							<item id="99">						
								<label>$LOCALIZE[31032]</label>
								<onclick>ActivateWindow(Videos,root)</onclick>
								<thumb>apps/movie.png</thumb>
							</item>
							<!--><include>VideoApps</include><!-->
						</content>
						<content target="videos" sortby="title" sortorder="ascending">addons://sources/video</content>
					</control>
				</control>

			</control>
		</control>

		<include>Logo</include>
	</controls>
</window>