<?xml version="1.0" encoding="UTF-8"?>
<addon id="skin.pcxl" version="1.5.5" name="PCX L" provider-name="Cubed3">
	<requires>
		<import addon="xbmc.gui" version="5.13.0"/>
        <import addon="script.globalsearch" version="4.0.2" />
        <import addon="script.favourites" version="6.0.1" />
	</requires>
	<extension point="xbmc.gui.skin" effectslowdown="1.00" debugging="false">
		<res width="1920" height="1080" aspect="16:9" default="true" folder="16x9" />
	</extension>
	<extension point="xbmc.addon.metadata">
		<platform>all</platform>
		<summary lang="en">For Leia</summary>
		<disclaimer lang="en">Mouse and Touch device not supported</disclaimer>
		<description lang="en">-</description>
	</extension>
</addon>