<?xml version="1.0" encoding="UTF-8"?>
<window>
	<!-- fullscreeninfo -->
	<defaultcontrol>-</defaultcontrol>
	<animation type="WindowOpen">
		<effect type="zoom" start="90" end="100" center="auto" tween="back" easing="out" time="200"/>
		<effect type="fade" start="0" end="100" time="200"/>
	</animation>
	<controls>
		<control type="group">
			<visible>!Window.IsActive(seekbar) + !Window.IsActive(videoosd)</visible>

			<!-- Background -->
			<control type="image">
				<include>FullscreenDimensions</include>
				<aspectratio>stretch</aspectratio>
				<texture colordiffuse="$VAR[Black]">views\vignetteInfo_light.png</texture>
				<animation type="WindowOpen">
					<effect type="fade" start="0" end="100" center="auto" tween="Cubic" easing="out" time="500"/>
				</animation>
				<animation type="WindowClose">
					<effect type="fade" start="100" end="0" center="auto" tween="Cubic" easing="in" time="500"/>
				</animation>
				<animation type="Visible">
					<effect type="fade" start="0" end="100" center="auto" tween="Cubic" easing="out" time="500"/>
				</animation>
				<animation type="Hidden">
					<effect type="fade" start="100" end="0" center="auto" tween="Cubic" easing="in" time="500"/>
				</animation>
			</control>
			
			<control type="group">
				<width>100%</width>
				<height>234</height>
				<animation type="WindowOpen">
					<effect type="slide" start="2000" end="0" center="auto" tween="Cubic" easing="out" time="500"/>
					<!--><effect type="fade" start="0" end="100" time="200"/><!-->
				</animation>
				<animation type="WindowClose">
					<effect type="slide" start="0" end="2000" center="auto" tween="Cubic" easing="in" time="500"/>
					<!--><effect type="fade" start="0" end="100" time="200"/><!-->
				</animation>
				<animation type="Visible">
					<effect type="slide" start="2000" end="0" center="auto" tween="Cubic" easing="out" time="500"/>
					<!--><effect type="fade" start="0" end="100" time="200"/><!-->
				</animation>
				<animation type="Hidden">
					<effect type="slide" start="0" end="2000" center="auto" tween="Cubic" easing="in" time="500"/>
					<!--><effect type="fade" start="0" end="100" time="200"/><!-->
				</animation>

				<!-- Title -->
				<control type="label">
					<right>20</right>
					<top>0</top>
					<width>40%</width>
					<height>250</height>
					<align>right</align>
					<font>Reg60</font>
					<wrapmultiline>true</wrapmultiline> 
					<textcolor>$VAR[FocusedColor]</textcolor>
					<label>$VAR[VideoPlayerTitle]</label>
					<autoscroll delay="5000" time="1400" repeat="10000">true</autoscroll>
				</control>

				<!-- Plot -->
				<control type="textbox">
					<right>20</right>
					<top>270</top>
					<width>60%</width>
					<height>830</height>
					<align>right</align>
					<label>$INFO[VideoPlayer.Plot]</label>
					<font>Reg30</font>
					<wrapmultiline>true</wrapmultiline> 
					<textcolor>$VAR[UnFocusedColor]</textcolor>
					<autoscroll delay="5000" time="1400" repeat="10000">true</autoscroll>
				</control>
			</control>

		</control>

	</controls>
</window>