<?xml version="1.0" encoding="UTF-8"?>
<colors>
        <!-- All others -->
        <color name="black">FF000000</color>
        <color name="white">FFFFFFFF</color>
        <color name="backgroundcolor">FFBDBDBD</color>

        <!-- Menus -->
        <color name="MenuBlue">FF55B2FA</color>
        <color name="MenuGrey">CC484848</color>
        <color name="KeyboardGrey">99484848</color>
        <color name="SettingsBlue">FF55b4e7</color>
        <color name="DialogSelected">FF4ea1e7</color>
        <color name="SelectedRed">FFE10101</color>
        <color name="SelectedColor">FF60a0bd</color>
        <color name="SelectedBlue">FF31D0FF</color>
</colors>