<?xml version="1.0" encoding="UTF-8"?>
<window>
	<!-- addonsettings -->
	<defaultcontrol always="true">5</defaultcontrol>
	<controls>

		<control type="image">
			<centerleft>50%</centerleft>
			<centertop>50%</centertop>
			<width>88.5%</width>
			<height>86%</height>
			<texture colordiffuse="$VAR[SecondaryColor]" border="90">fo2.png</texture>		
		</control>

		<control type="image">
			<centerleft>50%</centerleft>
			<centertop>50%</centertop>
			<width>85%</width>
			<height>80%</height>
			<texture colordiffuse="$VAR[BackgroundColor]">views/white_100.png</texture>		
		</control>

		<!-- Main group -->
		<control type="group">
			<top>105</top>
			<centerleft>50%</centerleft>
			<width>1820</width>
			<include>DialogZoomAnimation</include>
			<control type="grouplist" id="3">
				<description>Categories Area</description>
				<left>150</left>
				<top>50</top>
				<width>400</width>
				<height>480</height>
				<itemgap>0</itemgap>
				<orientation>vertical</orientation>
				<onleft>noop</onleft>
				<onright>5</onright>
				<onup>3</onup>
				<ondown>9000</ondown>
			</control>
			<control type="button" id="10">
				<description>Default Category Button</description>
				<left>150</left>
				<height>80</height>
				<width>390</width>
				<textoffsetx>20</textoffsetx>
				<align>center</align>
				<aligny>center</aligny>
				<font>font25_title</font>
				<texturenofocus border="40">buttons/dialogbutton-nofo.png</texturenofocus>
				<texturefocus  colordiffuse="$VAR[SecondaryColor]">views/white_100.png</texturefocus>
			</control>
			<control type="image">
				<right>130</right>
				<top>30</top>
				<width>1100</width>
				<height>830</height>
				<texture colordiffuse="$VAR[Dark]">views/white_100.png</texture>
			</control>
			<control type="grouplist" id="5">
				<description>control area</description>
				<right>150</right>
				<top>50</top>
				<width>1060</width>
				<height>800</height>
				<onleft>3</onleft>
				<onright>9000</onright>
				<onup>5</onup>
				<ondown>5</ondown>
			</control>
			<control type="button" id="7">
				<width>1060</width>
				<description>Default Button</description>
				<include>DialogButton</include>
			</control>
			<control type="radiobutton" id="8">
				<width>1060</width>
				<description>Default RadioButton</description>
				<include>DialogButton</include>
			</control>
			<control type="spincontrolex" id="9">
				<width>1060</width>
				<description>Default SpinControlex</description>
				<include>DialogButton</include>
			</control>
			<control type="image" id="11">
				<width>1060</width>
				<description>separator image</description>
				<height>3</height>
				<texture colordiffuse="AAAAAAAA" border="3">dialogs/separator-grey.png</texture>
			</control>
			<control type="edit" id="12">
				<width>1060</width>
				<include>DialogButton</include>
			</control>
			<control type="sliderex" id="13">
				<width>1060</width>
				<description>Default Slider</description>
				<include>DialogButton</include>
			</control>
			<control type="label" id="14">
				<width>1060</width>
				<description>Default Label</description>
				<include>DefaultSettingLabel</include>
			</control>
			<control type="grouplist" id="9000">
				<left>150</left>
				<bottom>80</bottom>
				<orientation>vertical</orientation>
				<width>390</width>
				<height>300</height>
				<itemgap>0</itemgap>
				<onup>3</onup>
				<ondown>3</ondown>
				<onleft>noop</onleft>
				<onright>5</onright>		
				<control type="button" id="28">
					<width>390</width>
					<height>80</height>
					<description>OK</description>
					<include>DialogButton</include>
				</control>			
				<control type="button" id="29">
					<width>390</width>
					<height>80</height>
					<description>Cancel</description>
					<include>DialogButton</include>
				</control>			
				<control type="button" id="30">
					<width>390</width>
					<height>80</height>
					<description>Defaults</description>
					<include>DialogButton</include>
				</control>
			</control>
		</control>		
	</controls>
</window>