<?xml version="1.0" encoding="UTF-8"?>
<includes>
	<include name="Viewtype_50_List">
		<control type="group">
			<visible>Control.IsVisible(50)</visible>

			<control type="image">
				<centerleft>50%</centerleft>
				<bottom>0</bottom>
				<width>80%</width>
				<height>50%</height>
				<aspectratio>scale</aspectratio>
				<texture colordiffuse="$VAR[MaterialColorDark]" border="9">views/Card_bg_white.png</texture>
				<animation type="WindowOpen">
					<effect type="slide" start="0,1000" end="0" center="auto" tween="Cubic" easing="inout" time="600"/>
				</animation>
				<animation type="WindowClose">
					<effect type="slide" start="0" end="0,1000" center="auto" tween="Cubic" easing="inout" time="600"/>
				</animation>
			</control>

			<!-- List -->
			<control type="group">
				<control type="list" id="50">
					<centerleft>50%</centerleft>
					<bottom>0</bottom>
					<width>80%</width>
					<height>50%</height>
					<onup>601</onup>
					<ondown>601</ondown>
					<onleft condition="Player.HasAudio">9051</onleft>
					<onright>60</onright>
					<pagecontrol>60</pagecontrol>
					<focusposition>-1</focusposition>
					<movement>5</movement>
					<orientation>vertical</orientation>
					<viewtype>list</viewtype>
					<visible>![String.Contains(Container.Content,songs) | String.Contains(Container.Content,videos) | String.Contains(Container.Content,episodes) | String.Contains(Container.Content,albums) | String.Contains(Container.Content,movies) | String.Contains(Container.Content,tvshows) | String.Contains(Container.Content,seasons) | String.Contains(Container.FolderPath,plugin://plugin.video.youtube) | String.Contains(Container.FolderPath,plugin://plugin.video.netflix) | String.Contains(Container.FolderPath,plugin://plugin.video.twitch/?mode=games) | String.Contains(Container.Content,images)]</visible>
					<scrolltime tween="Cubic" easing="inout">200</scrolltime>
					<animation type="WindowOpen">
						<effect type="slide" start="0,1000" end="0" center="auto" tween="Cubic" easing="inout" time="600"/>
					</animation>
					<animation type="WindowClose">
						<effect type="slide" start="0" end="0,1000" center="auto" tween="Cubic" easing="inout" time="600"/>
					</animation>
					<itemlayout height="80">
						<control type="label">
							<left>50</left>
							<width>1000</width>
							<height>80</height>
							<font>Reg20</font>
							<align>left</align>
							<textcolor>$VAR[UnFocusedColor]</textcolor>
							<label>$VAR[ListLabelNF]</label>
						</control>
						<control type="label">
							<right>50</right>
							<width>500</width>
							<height>80</height>
							<font>Reg20</font>
							<align>right</align>
							<textcolor>$VAR[UnFocusedColor]</textcolor>
							<label>$INFO[ListItem.AddonVersion]</label>
						</control>
					</itemlayout>
					<focusedlayout height="80">
						<control type="image">
							<left>0</left>
							<height>80</height>
							<texture colordiffuse="$VAR[MaterialColor]" border="9">views/Card_bg_white.png</texture>
						</control>
						<control type="label">
							<left>50</left>
							<width>1000</width>
							<height>80</height>
							<font>Reg20</font>
							<align>left</align>
							<scroll>true</scroll>
							<textcolor>$VAR[White]</textcolor>
							<label>$VAR[ListLabelNF]</label>
						</control>
						<control type="label">
							<right>50</right>
							<width>500</width>
							<height>80</height>
							<font>Reg20</font>
							<align>right</align>
							<textcolor>$VAR[White]</textcolor>
							<label>$INFO[ListItem.AddonVersion]</label>
						</control>
					</focusedlayout>
				</control>
			</control>
		</control>
		<include>Logo</include>
	</include>
</includes>