<?xml version="1.0" encoding="UTF-8"?>
<window id="1106">
	<backgroundcolor>$VAR[BackgroundColor]</backgroundcolor>
	<defaultcontrol always="true">1</defaultcontrol>
	<onload>Skin.SetString(snapwindow, 1106)</onload>
	<onload>Skin.SetString(snapico, home/snap/games.jpg,0)</onload>
	<onload>Skin.SetString(snapname,Games)</onload>
	<controls>

		<control type="gamewindow">
			<width>100%</width>
			<height>100%</height>
		    <videofilter>$INFO[ListItem.Property(game.videofilter)]</videofilter>
		    <stretchmode>$INFO[ListItem.Property(game.stretchmode)]</stretchmode>
		    <rotation>$INFO[ListItem.Property(game.videorotation)]</rotation>
		</control>

		<!-- List
		<control type="list" id="1">
			<description>Control list</description>
			<top>100</top>
			<left>100</left>
			<height>100</height>
			<width>100%</width>
			<onright condition="Container(1).HasFocus(1)">2</onright>
			<onright condition="Container(1).HasFocus(2)">3</onright>
			<orientation>vertical</orientation>
			<scrolltime>0</scrolltime>
			<pagecontrol>2</pagecontrol>
			<itemgap>60</itemgap>
			<viewtype>list</viewtype>
			<defaultcontrol>1</defaultcontrol>
			<animation type="Focus">
				<effect type="slide" center="auto" start="-1000" end="0" time="200" tween="cubic" easing="inout"/>
			</animation>
			<animation type="UnFocus">
				<effect type="slide" center="auto" start="0" end="-1000" time="200" tween="cubic" easing="inout"/>
			</animation>
			<itemlayout width="140" height="50">		
				<control type="label">
					<width>250</width>	
					<height>40</height>
					<label>$INFO[ListItem.Label]</label>
					<aligny>left</aligny>
					<font>Reg30</font>
					<textcolor>$VAR[UnFocusedColor]</textcolor>						
				</control>
			</itemlayout>
			<focusedlayout width="140" height="50">
				<control type="label">
					<width>250</width>	
					<height>40</height>
					<label>$INFO[ListItem.Label]</label>
					<aligny>left</aligny>
					<font>Reg30</font>
					<textcolor>$VAR[FocusedColor]</textcolor>						
				</control>
				<control type="image">
					<bottom>5</bottom>
					<width>100</width>
					<height>5</height>
					<animation type="Focus">
						<effect type="slide" center="auto" start="-100" end="0" time="200" tween="cubic" easing="inout"/>
						<effect type="fade" center="auto" start="0" end="100" time="200" tween="cubic" easing="inout"/>
					</animation>
					<texture colordiffuse="$VAR[SecondaryColor]">color_white.png</texture>
				</control>
			</focusedlayout>
			<content>
				<item id="1">
					<label>Recently Played</label>
					<onclick>-</onclick>	
				</item>
				<item id="2">
					<label>All Games</label>
					<onclick>-</onclick>
				</item>
			</content>
		</control>

		<control type="panel" id="2">
			<description>Games</description>
			<top>0</top>
			<right>-350</right>
			<width>100%</width>
			<height>100%</height>
			<onup>noop</onup>
			<ondown>noop</ondown>
			<onleft>1</onleft>
			<onright>noop</onright>
			<focusposition>1</focusposition>
			<movement>9</movement>
			<orientation>vertical</orientation>
			<animation type="Focus">
				<effect type="slide" center="auto" start="0" end="-330" time="200" tween="cubic" easing="inout"/>
			</animation>
			<animation type="UnFocus">
				<effect type="slide" center="auto" start="-330" end="0" time="200" tween="cubic" easing="inout"/>
			</animation>
			<viewtype label="535">list</viewtype>
			<scrolltime tween="sine" easing="inout">240</scrolltime>
			<visible>Container(1).HasFocus(1)</visible>
					<itemlayout height="215" width="460">
						<control type="image">
							<width>460</width>
							<height>215</height>
							<aspectratio>scale</aspectratio>
							<texture background="true">$INFO[ListItem.Icon]</texture>
						</control>
						<include>WatchedIndicator</include>
					</itemlayout>
					<focusedlayout height="215" width="460">
						<control type="image">
							<width>460</width>
							<height>215</height>
							<aspectratio>scale</aspectratio>
							<texture background="true">$INFO[ListItem.Icon]</texture>
						</control>
						<include>WatchedIndicator</include>
						<control type="image">
							<width>460</width>
							<height>215</height>
							<texture colordiffuse="$VAR[TextColor]" border="11,43,43,11">$VAR[BorderImage]
							</texture>
						</control>
						<control type="group">
							<visible>Control.HasFocus(2)</visible>
							<include>SelectionAnimation</include>
							<control type="image">
								<bottom>0</bottom>
								<width>460</width>
								<height>60</height>
								<texture colordiffuse="$VAR[DiffuseColor]">color_white.png</texture>
							</control>
							<control type="label">
								<left>20</left>
								<bottom>20</bottom>
								<height>30</height>
								<width>440</width>		
								<label>$INFO[ListItem.Label]</label>
								<align>left</align>
								<aligny>center</aligny>
								<font>Reg30</font>
								<textcolor>$VAR[TextColor]</textcolor>
								<scroll>true</scroll>
							</control>
						</control>
					</focusedlayout>
			<content target="addons">plugin://plugin.program.steam.library/recent</content>
		</control>

		<control type="panel" id="3">
			<description>Games</description>
			<top>0</top>
			<right>-350</right>
			<width>100%</width>
			<height>100%</height>
			<onup>noop</onup>
			<ondown>noop</ondown>
			<onleft>1</onleft>
			<onright>noop</onright>
			<focusposition>1</focusposition>
			<movement>9</movement>
			<orientation>vertical</orientation>
			<animation type="Focus">
				<effect type="slide" center="auto" start="0" end="-330" time="200" tween="cubic" easing="inout"/>
			</animation>
			<animation type="UnFocus">
				<effect type="slide" center="auto" start="-330" end="0" time="200" tween="cubic" easing="inout"/>
			</animation>
			<viewtype label="535">list</viewtype>
			<scrolltime tween="sine" easing="inout">240</scrolltime>
			<visible>Container(1).HasFocus(2)</visible>
					<itemlayout height="215" width="460">
						<control type="image">
							<width>460</width>
							<height>215</height>
							<aspectratio>scale</aspectratio>
							<texture background="true">$INFO[ListItem.Icon]</texture>
						</control>
						<include>WatchedIndicator</include>
					</itemlayout>
					<focusedlayout height="215" width="460">
						<control type="image">
							<width>460</width>
							<height>215</height>
							<aspectratio>scale</aspectratio>
							<texture background="true">$INFO[ListItem.Icon]</texture>
						</control>
						<include>WatchedIndicator</include>
						<control type="image">
							<width>460</width>
							<height>215</height>
							<texture colordiffuse="$VAR[TextColor]" border="11,43,43,11">$VAR[BorderImage]
							</texture>
						</control>
						<control type="group">
							<visible>Control.HasFocus(3)</visible>
							<include>SelectionAnimation</include>
							<control type="image">
								<bottom>0</bottom>
								<width>460</width>
								<height>60</height>
								<texture colordiffuse="$VAR[DiffuseColor]">color_white.png</texture>
							</control>
							<control type="label">
								<left>20</left>
								<bottom>20</bottom>
								<height>30</height>
								<width>440</width>		
								<label>$INFO[ListItem.Label]</label>
								<align>left</align>
								<aligny>center</aligny>
								<font>Reg30</font>
								<textcolor>$VAR[TextColor]</textcolor>
								<scroll>true</scroll>
							</control>
						</control>
					</focusedlayout>
			<content target="addons">plugin://plugin.program.steam.library/all</content>
		</control> -->

	</controls>
</window>