<?xml version="1.0" encoding="UTF-8"?>
<window type="window" id="1103">
	<!-- smartplaylisteditor -->
	<backgroundcolor>$VAR[BackgroundColor]</backgroundcolor>
	<defaultcontrol always="true">100</defaultcontrol>
	<onload>Skin.SetString(snapwindow, 1103)</onload>
	<onload>Skin.SetString(snapico, home/snap/settings.jpg,0)</onload>
	<onload>Skin.SetString(snapname, $LOCALIZE[31002])</onload>
	<controls>

		<control type="image">
			<width>600</width>
			<height>100%</height>
			<texture colordiffuse="$VAR[MaterialColorDark]">color_white.png</texture>
		</control>
		<!-- Main group -->
		<control type="group" id="1000">
			<left>00</left>
			<top>155</top>
			<width>100%</width>
			<height>775</height>
			<animation type="WindowOpen" reversible="false">
				<effect type="fade" start="0" end="100" time="200"/>
				<effect type="slide" start="0,500" end="0,0" time="400" tween="cubic" easing="out"/>
			</animation>
			<control type="label" id="-">
				<left>50</left>
				<top>-115</top>
				<height>70</height>
				<font>Large</font>
				<textcolor>$VAR[FocusedColor]</textcolor>
				<label>$LOCALIZE[31034]</label>
			</control>

			<control type="group">
				<width>100%</width>
				<height>100%</height>

				<!-- Left grouplist -->
				<control type="grouplist" id="100">
					<width>1000</width>
					<height>1000</height>
					<onright condition="Container(1).HasFocus(1)">3100</onright>
					<onright condition="Container(1).HasFocus(2)">3111</onright>
					<onright condition="Container(1).HasFocus(3)">3111</onright>
					<onright condition="Container(1).HasFocus(4)">3112</onright>
					<onright condition="Container(1).HasFocus(5)">3113</onright>
					<onright condition="Container(1).HasFocus(6)">3114</onright>
					<onright condition="Container(1).HasFocus(7)">3115</onright>
					<onright condition="Container(1).HasFocus(8)">3116</onright>
					<onright condition="Container(1).HasFocus(9)">3117</onright>
					<onleft>noop</onleft>
					<ondown>1</ondown>
					<onup>1</onup>
					<itemgap>0</itemgap>
					<control type="list" id="1">
						<width>1000</width>
						<height>900</height>
						<itemlayout width="510" height="60">
							<control type="group">
								<left>20</left>
								<top>20</top>
								<control type="label">
									<left>20</left>
									<width>500</width>
									<height>60</height>
									<label>$INFO[Listitem.label]</label>
									<align>left</align>
									<aligny>center</aligny>
									<font>Tile</font>
									<textcolor>$VAR[FocusedColor]</textcolor>
								</control>
							</control>
						</itemlayout>
						<focusedlayout width="510" height="60">
							<control type="group">
								<left>20</left>
								<top>20</top>
								<control type="image">
									<left>-5</left>
									<top>0</top>
									<width>5</width>
									<height>60</height>
									<texture colordiffuse="$VAR[SecondaryColor]">color_white.png</texture>
									<aspectratio>stretch</aspectratio>
								</control>
								<control type="label">
									<left>20</left>
									<width>500</width>
									<height>60</height>
									<label>$INFO[Listitem.label]</label>
									<align>left</align>
									<aligny>center</aligny>
									<font>Tile</font>
									<textcolor>$VAR[SecondaryColor]</textcolor>
								</control>
							</control>
						</focusedlayout>
						<content>
							<item id="1">
								<label>$LOCALIZE[31035] - $VAR[DashboardToggle]</label>
								<onclick>Control.SetFocus(3100)</onclick>
							</item>
							<item id="2">
								<label>$LOCALIZE[31036]</label>
								<onclick>Control.SetFocus(3111)</onclick>
							</item>
							<item id="4">
								<label>$LOCALIZE[31037]</label>
								<onclick>Control.SetFocus(3112)</onclick>
								<visible>Skin.HasSetting(hiddenoptions)</visible>
							</item>
							<item id="5">
								<label>$LOCALIZE[31038]</label>
								<onclick>Control.SetFocus(3113)</onclick>
								<visible>Skin.HasSetting(hiddenoptions)</visible>
							</item>
							<item id="8">				
								<label>$LOCALIZE[31039]</label>
								<onclick>Control.SetFocus(3116)</onclick>
							</item>
							<item id="10">				
								<label>$LOCALIZE[31041]</label>
								<onclick>Skin.ToggleSetting(darkmode)</onclick>
								<visible>Skin.HasSetting(hiddenoptions)</visible>
							</item>
							<item id="99">
								<label>$LOCALIZE[31042]</label>
								<onclick>Skin.Reset(BackgroundColor)</onclick>
								<onclick>Skin.Reset(backgroundimage)</onclick>
								<onclick>Skin.SetString(DashboardToggle, TV)</onclick>
								<onclick>Skin.SetString(MusicToggle, 1)</onclick>
								<onclick>Skin.Reset(SecondaryColor)</onclick>
								<onclick>Skin.Reset(DiffuseColor)</onclick>
								<onclick>Skin.Reset(darkmode)</onclick>
								<onclick>Skin.Reset(hiddenoptions)</onclick>
								<onclick>Skin.Reset(TextColor)</onclick>
								<onclick>Skin.Reset(SelectedColor)</onclick>
							</item>
						</content>
					</control>				
				</control>

				<!-- Background -->
				<control type="group">
					<left>650</left>
					<height>150%</height>
					<control type="label" id="-">
						<top>-100</top>
						<height>70</height>
						<font>LargeLogo</font>
						<textcolor>$VAR[UnFocusedColor]</textcolor>
						<label>$LOCALIZE[31043]</label>
					</control>
					<visible>Container(1).HasFocus(1)</visible>
					<animation type="Visible" reversible="false">
						<effect type="fade" start="0" end="100" time="200"/>
						<effect type="slide" start="500" end="0,0" time="500" tween="cubic" easing="out"/>
					</animation>
					<animation type="Hidden">
						<effect type="fade" start="100" end="0" time="100"/>
						<effect type="slide" start="0,0" end="0,150" time="200" tween="cubic" easing="out"/>
					</animation>
					<control type="button" id="3100">
						<left>00</left>
						<width>1070</width>
						<height>600</height>
						<onleft>1</onleft>
						<onright>3100</onright>
						<onup>3100</onup>
						<ondown>3115</ondown>
						<onclick>Skin.SetImage(backgroundimage,special://skin/extras/wallpapers/)</onclick>
					</control>
					<control type="image">
						<width>1070</width>
						<height>600</height>
						<texture colordiffuse="$VAR[BackgroundColor]">color_white.png</texture>
					</control>
					<control type="image">
						<width>1070</width>
						<height>600</height>
						<texture>$INFO[Skin.String(backgroundimage)]</texture>
					</control>
					<control type="image">
						<width>1070</width>
						<height>600</height>
						<texture background="true" colordiffuse="$VAR[SecondaryColor]">special://skin/extras/layouts/TV.png</texture>
						<visible>Skin.String(DashboardToggle, TV)</visible>
					</control>						
					<control type="image">
						<width>1070</width>
						<height>600</height>
						<texture background="true" colordiffuse="$VAR[SecondaryColor]">special://skin/extras/layouts/Game.png</texture>
						<visible>Skin.String(DashboardToggle, Game)</visible>
					</control>
					<control type="image">
						<width>1070</width>
						<height>600</height>
						<texture background="true" colordiffuse="$VAR[SecondaryColor]">special://skin/extras/layouts/Android.png</texture>
						<visible>Skin.String(DashboardToggle, Android)</visible>
					</control>
					<control type="image">
						<width>1070</width>
						<height>600</height>
						<texture colordiffuse="$VAR[MaterialColorDark]" background="true">views/darkvignette.png</texture>
						<visible>Skin.String(DashboardToggle, Netflix)</visible>
					</control>
					<control type="image">
						<width>1070</width>
						<height>600</height>
						<texture background="true" colordiffuse="$VAR[SecondaryColor]">special://skin/extras/layouts/Netflix.png</texture>
						<visible>Skin.String(DashboardToggle, Netflix)</visible>
					</control>

					<control type="image">
						<width>1070</width>
						<height>600</height>
						<texture background="true" colordiffuse="$VAR[SecondaryColor]">special://skin/extras/layouts/Oreo.png</texture>
						<visible>Skin.String(DashboardToggle, Oreo)</visible>
					</control>
					<control type="image">
						<width>1070</width>
						<height>600</height>
						<texture background="true" colordiffuse="$VAR[SecondaryColor]">special://skin/extras/layouts/Vertical.png</texture>
						<visible>Skin.String(DashboardToggle, Vertical)</visible>
					</control>
					<control type="image">
						<width>1070</width>
						<height>600</height>
						<texture background="true" colordiffuse="$VAR[SecondaryColor]">special://skin/extras/layouts/Retroarch.png</texture>
						<visible>Skin.String(DashboardToggle, Retroarch)</visible>
					</control>

					<control type="image">
						<width>1070</width>
						<height>600</height>
						<texture colordiffuse="$VAR[white]" border="11,43,43,11">views/border2.png</texture>
						<visible>Control.HasFocus(3100)</visible>
					</control>

					<control type="panel" id="3115">
						<visible>!Skin.HasSetting(KioskMode)</visible>
						<top>600</top>
						<width>100%</width>
						<height>30%</height>
						<orientation>vertical</orientation>
						<onleft>1</onleft>
						<onright>3115</onright>
						<onup>3100</onup>
						<ondown>3115</ondown>
						<preloaditems>4</preloaditems>
						<pagecontrol>60</pagecontrol>
						<focusposition>-1</focusposition>
						<movement>6</movement>
						<itemlayout width="510" height="150">
							<control type="group">
								<left>20</left>
								<top>20</top>
								<control type="image">
									<width>500</width>
									<height>140</height>
									<texture colordiffuse="$VAR[MaterialColorDark]" border="9">views/Card_bg_white.png</texture>
									<aspectratio>stretch</aspectratio>
								</control>
								<control type="label">
									<left>20</left>
									<width>500</width>
									<height>140</height>
									<label>$INFO[Listitem.label]</label>
									<align>left</align>
									<aligny>center</aligny>
									<font>Tile</font>
									<textcolor>$VAR[FocusedColor]</textcolor>
								</control>
							</control>
						</itemlayout>
						<focusedlayout width="510" height="150">
							<control type="group">
								<left>20</left>
								<top>20</top>
								<control type="image">
									<left>-5</left>
									<top>0</top>
									<width>510</width>
									<height>140</height>
									<texture colordiffuse="$VAR[SecondaryColor]" border="9">views/Card_bg_white.png</texture>
									<aspectratio>stretch</aspectratio>
								</control>
								<control type="image">
									<left>-30</left>
									<top>-30</top>
									<width>560</width>
									<height>200</height>
									<texture colordiffuse="$VAR[SecondaryColor]" border="40">fo.png</texture>
								</control>
								<control type="label">
									<left>20</left>
									<width>500</width>
									<height>140</height>
									<label>$INFO[Listitem.label]</label>
									<align>left</align>
									<aligny>center</aligny>
									<font>Tile</font>
									<textcolor>$VAR[TextColor]</textcolor>
								</control>
							</control>
						</focusedlayout>
						<content>
							<item id="1">
								<label>$LOCALIZE[31010]</label>
								<onclick>Skin.Setstring(DashboardToggle, TV)</onclick>
							</item>
							<item id="2">
								<label>$LOCALIZE[31011]</label>
								<onclick>Skin.Setstring(DashboardToggle, Game)</onclick>
							</item>
							<item id="3">
								<label>$LOCALIZE[31012]</label>
								<onclick>Skin.Setstring(DashboardToggle, Android)</onclick>
							</item>
							<item id="4">
								<label>$LOCALIZE[31013]</label>
								<onclick>Skin.Setstring(DashboardToggle, Netflix)</onclick>
							</item>
							<item id="5">
								<label>$LOCALIZE[31015]</label>
								<onclick>Skin.Setstring(DashboardToggle, Oreo)</onclick>
								<visible>Skin.HasSetting(hiddenoptions)</visible>
							</item>
							<item id="6">
								<label>$LOCALIZE[31014]</label>
								<onclick>Skin.Setstring(DashboardToggle, Vertical)</onclick>
								<visible>Skin.HasSetting(hiddenoptions)</visible>
							</item>
							<item id="7">
								<label>$LOCALIZE[31044]</label>
								<onclick>Skin.Setstring(DashboardToggle, Retroarch)</onclick>
								<visible>Skin.HasSetting(hiddenoptions)</visible>
							</item>
							<!--><item id="10">
								<label>$LOCALIZE[31045]</label>
								<onclick>Skin.Setstring(DashboardToggle, Demo)</onclick>
								<onclick>Control.SetFocus(100)</onclick>
							</item><!-->
						</content>
					</control>
				</control>

				<!-- Secondary Color -->
				<control type="group">
					<left>650</left>
					<height>150%</height>
					<visible>Container(1).HasFocus(2)</visible>
					<animation type="Visible" reversible="false">
						<effect type="fade" start="0" end="100" time="200"/>
						<effect type="slide" start="500" end="0,0" time="500" tween="cubic" easing="out"/>
					</animation>
					<animation type="Hidden">
						<effect type="fade" start="100" end="0" time="100"/>
						<effect type="slide" start="0,0" end="0,150" time="200" tween="cubic" easing="out"/>
					</animation>
					<control type="label" id="-">
						<top>-100</top>
						<height>70</height>
						<font>LargeLogo</font>
						<textcolor>$VAR[UnFocusedColor]</textcolor>
						<label>$LOCALIZE[31036]</label>
					</control>

					<control type="panel" id="3111">
						<viewtype>icons</viewtype>
						<width>100%</width>
						<height>80%</height>
						<orientation>vertical</orientation>
						<onleft>1</onleft>
						<onright>3111</onright>
						<onup>3111</onup>
						<ondown>3111</ondown>
						<preloaditems>4</preloaditems>
						<pagecontrol>60</pagecontrol>
						<focusposition>-1</focusposition>
						<movement>6</movement>
						<itemlayout height="230" width="230">
							<control type="image">
								<width>220</width>
								<height>220</height>
								<texture>$INFO[ListItem.Icon]</texture>
							</control>
						</itemlayout>
						<focusedlayout height="230" width="230">
							<control type="group">
								<animation type="Focus">
									<effect type="zoom" center="auto" start="100" end="110" time="200"/>
								</animation>
								<animation type="UnFocus">
									<effect type="zoom" center="auto" start="110" end="100" time="0"/>
								</animation>
								<control type="image">
									<width>220</width>
									<height>220</height>
									<texture>$INFO[ListItem.Icon]</texture>
								</control>
								<include content="BorderSelected">
									<param name="type">SecondaryColor</param>
								</include>
								<control type="image">
									<width>220</width>
									<height>220</height>
									<texture colordiffuse="$VAR[SecondaryColor]" border="11,43,43,11">views/border.png</texture>
								</control>
							</control>
						</focusedlayout>
						<content>
							<include content="Colors">
								<param name="type">SecondaryColor</param>
							</include>
						</content>
					</control>
				</control>

				<!-- Diffuse Color -->
				<control type="group">
					<left>650</left>
					<height>150%</height>
					<visible>Container(1).HasFocus(4)</visible>
					<animation type="Visible" reversible="false">
						<effect type="fade" start="0" end="100" time="200"/>
						<effect type="slide" start="500" end="0,0" time="500" tween="cubic" easing="out"/>
					</animation>
					<animation type="Hidden">
						<effect type="fade" start="100" end="0" time="100"/>
						<effect type="slide" start="0,0" end="0,150" time="200" tween="cubic" easing="out"/>
					</animation>
					<control type="label" id="-">
						<top>-100</top>
						<height>70</height>
						<font>LargeLogo</font>
						<textcolor>$VAR[UnFocusedColor]</textcolor>
						<label>$LOCALIZE[31037]</label>
					</control>

					<control type="panel" id="3112">
						<viewtype>icons</viewtype>
						<width>100%</width>
						<height>85%</height>
						<orientation>vertical</orientation>
						<onleft>1</onleft>
						<onright>3112</onright>
						<onup>1</onup>
						<ondown>1</ondown>
						<preloaditems>4</preloaditems>
						<pagecontrol>60</pagecontrol>
						<focusposition>-1</focusposition>
						<movement>6</movement>
						<itemlayout height="230" width="230">
							<control type="image">
								<width>220</width>
								<height>220</height>
								<texture>$INFO[ListItem.Icon]</texture>
							</control>
						</itemlayout>
						<focusedlayout height="230" width="230">
							<control type="group">
								<animation type="Focus">
									<effect type="zoom" center="auto" start="100" end="110" time="200"/>
								</animation>
								<animation type="UnFocus">
									<effect type="zoom" center="auto" start="110" end="100" time="0"/>
								</animation>
								<control type="image">
									<width>220</width>
									<height>220</height>
									<texture>$INFO[ListItem.Icon]</texture>
								</control>
								<include content="BorderSelected">
									<param name="type">DiffuseColor</param>
								</include>
								<control type="image">
									<width>220</width>
									<height>220</height>
									<texture colordiffuse="$VAR[DiffuseColorPreview]" border="11,43,43,11">views/border.png</texture>
								</control>
							</control>
						</focusedlayout>
						<content>
							<item>
								<label>$NUMBER[000000]</label>
								<onclick>Skin.Setstring(DiffuseColor,000000)</onclick>
								<icon>color_black.png</icon>
							</item>
							<include content="Colors">
								<param name="type">DiffuseColor</param>
							</include>
						</content>
					</control>
				</control>

				<!-- Text Color -->
				<control type="group">
					<left>650</left>
					<height>150%</height>
					<visible>Container(1).HasFocus(5)</visible>
					<animation type="Visible" reversible="false">
						<effect type="fade" start="0" end="100" time="200"/>
						<effect type="slide" start="500" end="0,0" time="500" tween="cubic" easing="out"/>
					</animation>
					<animation type="Hidden">
						<effect type="fade" start="100" end="0" time="100"/>
						<effect type="slide" start="0,0" end="0,150" time="200" tween="cubic" easing="out"/>
					</animation>
					<control type="label" id="-">
						<top>-100</top>
						<height>70</height>
						<font>LargeLogo</font>
						<textcolor>$VAR[UnFocusedColor]</textcolor>						
						<label>$LOCALIZE[31038]</label>
					</control>

					<control type="panel" id="3113">
						<viewtype>icons</viewtype>
						<width>100%</width>
						<height>85%</height>
						<orientation>vertical</orientation>
						<onleft>1</onleft>
						<onright>3113</onright>
						<onup>1</onup>
						<ondown>1</ondown>
						<preloaditems>4</preloaditems>
						<pagecontrol>60</pagecontrol>
						<focusposition>-1</focusposition>
						<movement>6</movement>
						<itemlayout height="230" width="230">
							<control type="image">
								<width>220</width>
								<height>220</height>
								<texture>$INFO[ListItem.Icon]</texture>
							</control>
						</itemlayout>
						<focusedlayout height="230" width="230">
							<control type="group">
								<animation type="Focus">
									<effect type="zoom" center="auto" start="100" end="110" time="200"/>
								</animation>
								<animation type="UnFocus">
									<effect type="zoom" center="auto" start="110" end="100" time="0"/>
								</animation>
								<control type="image">
									<width>220</width>
									<height>220</height>
									<texture>$INFO[ListItem.Icon]</texture>
								</control>
								<include content="BorderSelected">
									<param name="type">TextColor</param>
								</include>
								<control type="image">
									<width>220</width>
									<height>220</height>
									<texture colordiffuse="$VAR[TextColor]" border="11,43,43,11">views/border.png</texture>
								</control>
							</control>
						</focusedlayout>
						<content>
							<item>
								<label>FFFFFF</label>
								<onclick>Skin.Setstring(TextColor,FFFFFF)</onclick>
								<icon>color_white.png</icon>
							</item>
							<include content="Colors">
								<param name="type">TextColor</param>
							</include>
						</content>
					</control>
				</control>

				<!-- Music Layout -->
				<control type="group">
					<left>650</left>
					<height>100%</height>
					<visible>Container(1).HasFocus(8)</visible>
					<animation type="Visible" reversible="false">
						<effect type="fade" start="0" end="100" time="200"/>
						<effect type="slide" start="500" end="0,0" time="500" tween="cubic" easing="out"/>
					</animation>
					<animation type="Hidden">
						<effect type="fade" start="100" end="0" time="100"/>
						<effect type="slide" start="0,0" end="0,150" time="200" tween="cubic" easing="out"/>
					</animation>
					<control type="label" id="-">
						<top>-100</top>
						<height>70</height>
						<font>LargeLogo</font>
						<textcolor>$VAR[UnFocusedColor]</textcolor>
						<label>$LOCALIZE[31046]</label>
					</control>

					<control type="panel" id="3116">
						<viewtype>icons</viewtype>
						<width>100%</width>
						<height>85%</height>
						<orientation>vertical</orientation>
						<onleft>1</onleft>
						<onright>3116</onright>
						<onup>1</onup>
						<ondown>3117</ondown>
						<preloaditems>4</preloaditems>
						<pagecontrol>60</pagecontrol>
						<focusposition>-1</focusposition>
						<movement>6</movement>
						<itemlayout width="510" height="150">
							<control type="group">
								<left>20</left>
								<top>20</top>
								<control type="image">
									<width>500</width>
									<height>140</height>
									<texture colordiffuse="$VAR[MaterialColorDark]" border="9">views/Card_bg_white.png</texture>
									<aspectratio>stretch</aspectratio>
								</control>
								<control type="label">
									<left>20</left>
									<width>500</width>
									<height>140</height>
									<label>$INFO[Listitem.label]</label>
									<align>left</align>
									<aligny>center</aligny>
									<font>Tile</font>
									<textcolor>$VAR[FocusedColor]</textcolor>
								</control>
							</control>
						</itemlayout>
						<focusedlayout width="510" height="150">
							<control type="group">
								<left>20</left>
								<top>20</top>
								<control type="image">
									<left>-5</left>
									<top>0</top>
									<width>510</width>
									<height>140</height>
									<texture colordiffuse="$VAR[SecondaryColor]" border="9">views/Card_bg_white.png</texture>
									<aspectratio>stretch</aspectratio>
								</control>
								<control type="image">
									<left>-30</left>
									<top>-30</top>
									<width>560</width>
									<height>200</height>
									<texture colordiffuse="$VAR[SecondaryColor]" border="40">fo.png</texture>
								</control>
								<control type="label">
									<left>20</left>
									<width>500</width>
									<height>140</height>
									<label>$INFO[Listitem.label]</label>
									<align>left</align>
									<aligny>center</aligny>
									<font>Tile</font>
									<textcolor>$VAR[TextColor]</textcolor>
								</control>
							</control>
						</focusedlayout>
						<content>
							<item id="1">
								<label>$LOCALIZE[31040]</label>
								<onclick>Skin.Setstring(MusicToggle, COTW)</onclick>
								<onclick>Control.SetFocus(100)</onclick>
								<visible>Skin.HasSetting(hiddenoptions)</visible>
							</item>
							<item id="2">
								<label>$LOCALIZE[31048]</label>
								<onclick>Skin.Setstring(MusicToggle, FM)</onclick>
								<onclick>Control.SetFocus(100)</onclick>
								<visible>Skin.HasSetting(hiddenoptions)</visible>
							</item>
							<item id="1">
								<label>$LOCALIZE[31049]</label>
								<onclick>Skin.Setstring(MusicToggle, 1)</onclick>
								<onclick>Control.SetFocus(100)</onclick>
							</item>
							<item id="2">
								<label>$LOCALIZE[31050]</label>
								<onclick>Skin.Setstring(MusicToggle, 2)</onclick>
								<onclick>Control.SetFocus(100)</onclick>
							</item>
						</content>
					</control>
				</control>

				<!-- Music Background Layout -->
				<control type="group">
					<left>650</left>
					<top>450</top>
					<height>100%</height>
					<visible>Container(1).HasFocus(8)</visible>
					<animation type="Visible" reversible="false">
						<effect type="fade" start="0" end="100" time="200"/>
						<effect type="slide" start="500" end="0,0" time="700" tween="cubic" easing="out"/>
					</animation>
					<animation type="Hidden">
						<effect type="fade" start="100" end="0" time="100"/>
						<effect type="slide" start="0,0" end="0,150" time="200" tween="cubic" easing="out"/>
					</animation>
					<control type="label" id="-">
						<top>-100</top>
						<height>70</height>
						<font>LargeLogo</font>
						<textcolor>$VAR[UnFocusedColor]</textcolor>
						<label>$LOCALIZE[31047]</label>
					</control>

					<control type="panel" id="3117">
						<viewtype>icons</viewtype>
						<width>100%</width>
						<height>85%</height>
						<orientation>vertical</orientation>
						<onleft>1</onleft>
						<onright>3117</onright>
						<onup>3116</onup>
						<ondown>1</ondown>
						<preloaditems>4</preloaditems>
						<pagecontrol>60</pagecontrol>
						<focusposition>-1</focusposition>
						<movement>6</movement>
						<itemlayout width="510" height="150">
							<control type="group">
								<left>20</left>
								<top>20</top>
								<control type="image">
									<width>500</width>
									<height>140</height>
									<texture colordiffuse="$VAR[MaterialColorDark]" border="9">views/Card_bg_white.png</texture>
									<aspectratio>stretch</aspectratio>
								</control>
								<control type="label">
									<left>20</left>
									<width>500</width>
									<height>140</height>
									<label>$INFO[Listitem.label]</label>
									<align>left</align>
									<aligny>center</aligny>
									<font>Tile</font>
									<textcolor>$VAR[FocusedColor]</textcolor>
								</control>
							</control>
						</itemlayout>
						<focusedlayout width="510" height="150">
							<control type="group">
								<left>20</left>
								<top>20</top>
								<control type="image">
									<left>-5</left>
									<top>0</top>
									<width>510</width>
									<height>140</height>
									<texture colordiffuse="$VAR[SecondaryColor]" border="9">views/Card_bg_white.png</texture>
									<aspectratio>stretch</aspectratio>
								</control>
								<control type="image">
									<left>-30</left>
									<top>-30</top>
									<width>560</width>
									<height>200</height>
									<texture colordiffuse="$VAR[SecondaryColor]" border="40">fo.png</texture>
								</control>
								<control type="label">
									<left>20</left>
									<width>500</width>
									<height>140</height>
									<label>$INFO[Listitem.label]</label>
									<align>left</align>
									<aligny>center</aligny>
									<font>Tile</font>
									<textcolor>$VAR[TextColor]</textcolor>
								</control>
							</control>
						</focusedlayout>
						<content>
							<item id="1">
								<label>$LOCALIZE[31051]</label>
								<onclick>Skin.Setstring(MusicBackgroundToggle, COTW)</onclick>
								<onclick>Control.SetFocus(100)</onclick>
							</item>
							<item id="2">
								<label>$LOCALIZE[108]</label>
								<onclick>Skin.Setstring(MusicBackgroundToggle, FM)</onclick>
								<onclick>Control.SetFocus(100)</onclick>
							</item>
							<item id="3">
								<label>$LOCALIZE[31052]</label>
								<onclick>Skin.Setstring(MusicBackgroundToggle, Background)</onclick>
								<onclick>Control.SetFocus(100)</onclick>
							</item>
						</content>
					</control>
				</control>
			</control>
		</control>
		<!--> Logo <!-->
		<include>Logo</include>
	</controls>
</window>