<?xml version="1.0" encoding="UTF-8"?>
<window>
	<!-- musicinformation -->
	<defaultcontrol always="true">9000</defaultcontrol>
	<controls>
		<control type="group">
			<visible>![Window.Is(songinformation) + Window.IsActive(musicinformation)]</visible>
			<!-- Image -->
			<control type="image">
				<centerleft>50%</centerleft>
				<centertop>50%</centertop>
				<width>80%</width>
				<height>500</height>
				<fadetime>80</fadetime>
				<texture colordiffuse="$VAR[MaterialColorDark]" border="9">views/Card_bg_white.png</texture>
			</control>
			<control type="image">
				<centerleft>20%</centerleft>
				<centertop>50%</centertop>
				<width>500</width>
				<height>500</height>
				<fadetime>80</fadetime>
				<aspectratio>keep</aspectratio>
				<texture>$INFO[ListItem.Icon]</texture>
			</control>
			<control type="label">
				<centerleft>55%</centerleft>
				<centertop>30%</centertop>
				<width>800</width>
				<height>50</height>
				<font>Reg35</font>
				<align>left</align>
				<aligny>center</aligny>
				<textcolor>$VAR[FocusedColor]</textcolor>
				<label>$INFO[ListItem.Title]</label>
			</control>
			<control type="label">
				<centerleft>55%</centerleft>
				<centertop>33%</centertop>
				<width>800</width>
				<height>50</height>
				<font>Reg30</font>
				<align>left</align>
				<aligny>center</aligny>
				<textcolor>$VAR[UnFocusedColor]</textcolor>
				<label>$INFO[ListItem.Artist]</label>
			</control>
			<control type="label">
				<centerleft>55%</centerleft>
				<centertop>36%</centertop>
				<width>800</width>
				<height>50</height>
				<font>Reg30</font>
				<align>left</align>
				<aligny>center</aligny>
				<textcolor>$VAR[UnFocusedColor]</textcolor>
				<label>$INFO[ListItem.Album]</label>
			</control>

			<control type="image">
				<centerleft>38%</centerleft>
				<centertop>42%</centertop>
				<width>120</width>
				<height>80</height>
				<aspectratio>keep</aspectratio>
				<texture colordiffuse="$VAR[White]" fallback="flags/default_studio.png">$INFO[ListItem.FileExtension,flags/audio/,.png]</texture>
				<visible>!String.IsEmpty(ListItem.FileExtension)</visible>
			</control>

			<!-- Star Rating -->
			<control type="image">
				<centerleft>38%</centerleft>
				<centertop>48%</centertop>
				<width>147</width>
				<height>24</height>
				<aspectratio>keep</aspectratio>
				<texture colordiffuse="$VAR[White]">$VAR[StarRating]</texture>
				<visible>!String.Contains(Container.Content, seasons)</visible>
			</control>
			<control type="grouplist" id="9000">
				<bottom>120</bottom>
				<left>670</left>
				<width>1400</width>
				<height>300</height>
				<itemgap>10</itemgap>
				<orientation>horizontal</orientation>

				<control type="button" id="6">
					<include>DialogButton</include>
				</control>

				<control type="button" id="7">
					<include>DialogButton</include>
				</control>

				<control type="button" id="10">
					<include>DialogButton</include>
				</control>

				<control type="button" id="12">
					<include>DialogButton</include>
				</control>			
			</control>
		</control>
	</controls>
</window>