<?xml version="1.0" encoding="UTF-8"?>
<window>
	<!-- movieinformation -->
	<defaultcontrol always="true">97</defaultcontrol>
	<onload condition="System.HasAddon(script.tvtunes)">RunScript(script.tvtunes,backend=True)</onload>
	<controls>
		<control type="image">
			<width>100%</width>
			<height>100%</height>
			<texture colordiffuse="$VAR[BlackOnly]">color_white.png</texture>
		</control>
		<control type="image">
			<width>100%</width>
			<height>100%</height>
			<texture>$INFO[ListItem.Art(fanart)]</texture>
		</control>

		<control type="group">
			<animation type="WindowOpen">
				<effect type="fade" start="0" end="100" time="300" tween="sine" easing="out" />
				<effect type="zoom" center="auto" start="120" end="100" time="200" tween="cubic" easing="out" />
			</animation>
			<animation type="WindowClose">
				<effect type="fade" start="100" end="0" time="600" tween="sine" easing="in" />
				<effect type="zoom" center="auto" start="100" end="120" time="200" tween="cubic" easing="in" />
			</animation>

			<!--> Vignette <!-->		
			<control type="image">
				<include>FullscreenDimensions</include>
				<aspectratio>stretch</aspectratio>
				<texture flipx="true" colordiffuse="$VAR[Black]">views\vignetteInfo_light.png</texture>
			</control>						
			<control type="label">
				<left>50</left>
				<top>20</top>
				<width>90%</width>
				<height>70</height>
				<font>Med60</font>
				<align>left</align>
				<scroll>true</scroll>
				<textcolor>$VAR[White]</textcolor>
				<label>$VAR[ListLabelNF]</label> 
			</control>
			<control type="textbox">
				<left>50</left>
				<top>120</top>
				<width>1000</width>
				<height>300</height>
				<font>Light27</font>
				<label>$VAR[BillboardPlot]</label>
				<textcolor>$VAR[White]</textcolor>
			</control>

			<include>Flags</include>

			<control type="label">
				<left>50</left>
				<top>500</top>
				<width>90%</width>
				<height>70</height>
				<font>Tile</font>
				<align>left</align>
				<scroll>true</scroll>
				<textcolor>$VAR[SecondaryColor]</textcolor>
				<label>$LOCALIZE[2050]:</label>
			</control>
			<control type="label">
				<left>200</left>
				<top>500</top>
				<width>90%</width>
				<height>70</height>
				<font>Tile</font>
				<align>left</align>
				<scroll>true</scroll>
				<textcolor>$VAR[White]</textcolor>
				<label>$INFO[ListItem.Duration]</label>
			</control>
			<control type="label">
				<left>50</left>
				<top>540</top>
				<width>90%</width>
				<height>70</height>
				<font>Tile</font>
				<align>left</align>
				<scroll>true</scroll>
				<textcolor>$VAR[SecondaryColor]</textcolor>
				<label>$LOCALIZE[31085]:</label>
			</control>
			<control type="label">
				<top>540</top>
				<left>200</left>
				<width>90%</width>
				<height>70</height>
				<font>Tile</font>
				<align>left</align>
				<scroll>true</scroll>
				<textcolor>$VAR[White]</textcolor>
				<label>$INFO[ListItem.Premiered]</label>
			</control>

			<!-- Details Line 3 -->
			<control type="label">
				<left>350</left>
				<top>500</top>
				<width>120</width>
				<height>70</height>
				<font>Tile</font>
				<align>left</align>
				<scroll>true</scroll>
				<textcolor>$VAR[SecondaryColor]</textcolor>
				<label>$LOCALIZE[29909]:</label>
			</control>
			<control type="label">
				<left>470</left>
				<top>500</top>
				<height>70</height>
				<font>Tile</font>
				<align>left</align>
				<scroll>true</scroll>
				<textcolor>$VAR[White]</textcolor>
				<wrapmultiline>true</wrapmultiline>
				<label>$INFO[ListItem.Studio]</label>
			</control>
			<!-- Details Line 4 -->
			<control type="label">
				<left>350</left>
				<top>540</top>
				<width>120</width>
				<height>70</height>
				<font>Tile</font>
				<align>left</align>
				<scroll>true</scroll>
				<textcolor>$VAR[SecondaryColor]</textcolor>
				<label>$LOCALIZE[31086]:</label>
			</control>
			<control type="label">
				<left>470</left>
				<top>540</top>
				<height>70</height>
				<font>Tile</font>
				<align>left</align>
				<scroll>true</scroll>
				<textcolor>$VAR[White]</textcolor>
				<wrapmultiline>true</wrapmultiline>
				<label>$INFO[ListItem.Director]</label>
			</control>
			<!-- Star Rating -->
			<control type="image">
				<left>50</left>
				<top>600</top>
				<width>147</width>
				<height>24</height>
				<aspectratio>keep</aspectratio>
				<texture colordiffuse="$VAR[TextColor]">$VAR[StarRating]</texture>
				<visible>!String.Contains(Container.Content, seasons)</visible>
			</control>

			<!-- Button grouplist -->
			<control type="grouplist" id="5000">
				<bottom>150</bottom>
				<left>50</left>
				<width>1400</width>
				<height>300</height>
				<itemgap>10</itemgap>
				<orientation>horizontal</orientation>
				<ondown>SetFocus(50)</ondown>
				<!-- Play/Browse Button -->
				<control type="button" id="97">
					<include>DialogButton</include>
					<label>$INFO[Control.GetLabel(8)]</label>
					<onclick>SendClick(movieinformation,8)</onclick>
					<visible>Control.IsVisible(8)</visible>
				</control>
				<!-- Trailer Button -->
				<control type="button" id="11">
					<include>DialogButton</include>
					<label>$LOCALIZE[20410]</label>
					<visible>!String.IsEmpty(ListItem.Trailer)</visible>
				</control>
				<!-- Refresh Button -->
				<control type="button" id="6">
					<include>DialogButton</include>
					<label>$LOCALIZE[184]</label>
				</control>
				<!-- Art Button -->
				<control type="button" id="99">
					<include>DialogButton</include>
					<label>$LOCALIZE[31084]</label>
					<onclick condition="System.HasAddon(script.toolbox) + System.HasAddon(script.artwork.downloader)">SetProperty(Dialog.NumItems,2)</onclick>
					<onclick condition="System.HasAddon(script.toolbox) + System.HasAddon(script.artwork.downloader)">SetProperty(Dialog.1.Label,Default Scraper)</onclick>
					<onclick condition="System.HasAddon(script.toolbox) + System.HasAddon(script.artwork.downloader)">SetProperty(Dialog.1.BuiltIn,SendClick(movieinformation,10))</onclick>
					<onclick condition="System.HasAddon(script.toolbox) + System.HasAddon(script.artwork.downloader)">SetProperty(Dialog.2.Label,Artwork Downloader)</onclick>
					<onclick condition="System.HasAddon(script.toolbox) + System.HasAddon(script.artwork.downloader) + Listitem.DBType(tvshow)">SetProperty(Dialog.2.BuiltIn,RunScript(script.artwork.downloader, mode=gui, mediatype=tvshow, dbid=$INFO[ListItem.DBID]))</onclick>
					<onclick condition="System.HasAddon(script.toolbox) + System.HasAddon(script.artwork.downloader) + Listitem.DBType(movie)">SetProperty(Dialog.2.BuiltIn,RunScript(script.artwork.downloader, mode=gui, mediatype=movie, dbid=$INFO[ListItem.DBID]))</onclick>
					<onclick condition="System.HasAddon(script.toolbox) + System.HasAddon(script.artwork.downloader)">RunScript(script.toolbox,info=selectdialog,header=Choose method)</onclick>
					<onclick condition="!System.HasAddon(script.toolbox) | !System.HasAddon(script.artwork.downloader)]">SendClick(movieinformation,10)</onclick>
				</control>
			</control>

			<!-- Browse/Play Button -->
			<control type="togglebutton" id="8">
				<top>-300</top>
				<label>208</label>
				<altlabel>1024</altlabel>
				<usealttexture>Listitem.DBType(tvshow) | Listitem.DBType(season)</usealttexture>
			</control>

			<!-- Get Thumb Button -->
			<control type="button" id="10">
				<include>HiddenControl</include>
			</control>

			<!-- Artwork Downloader Button -->
			<control type="button" id="20">
				<include>HiddenControl</include>
				<onclick condition="Listitem.DBType(tvshow)">RunScript(script.artwork.downloader, mode=gui, mediatype=tvshow, dbid=$INFO[ListItem.DBID])</onclick>
				<onclick condition="Listitem.DBType(movie)">RunScript(script.artwork.downloader, mode=gui, mediatype=movie, dbid=$INFO[ListItem.DBID])</onclick>
			</control>
			<!-- Cast -->
			<control type="fixedlist" id="50">
				<left>10</left>
				<bottom>20</bottom>
				<width>100%</width>
				<height>342</height>
				<onup>SetFocus(5000)</onup>
				<ondown>noop</ondown>
				<onleft>noop</onleft>
				<onright>noop</onright>
				<onback>9000</onback>
				<focusposition>0</focusposition>
				<orientation>horizontal</orientation>
				<viewtype>list</viewtype>
				<scrolltime tween="sine" easing="inout">360</scrolltime>
				<visible>true</visible>
				<itemlayout height="322" width="223">
					<control type="group">
						<left>20</left>
						<top>20</top>
						<control type="image">
							<width>218</width>
							<height>317</height>
							<aspectratio>scale</aspectratio>
							<texture background="true">$INFO[ListItem.Icon]</texture>
						</control>
					</control>
				</itemlayout>
				<focusedlayout height="322" width="223">
					<control type="group">
						<left>20</left>
						<top>20</top>
						<control type="image">
							<width>218</width>
							<height>317</height>
							<aspectratio>scale</aspectratio>
							<texture background="true">$INFO[ListItem.Icon]</texture>
						</control>
						<control type="group">
							<include>SelectionAnimation</include>
							<control type="image">
								<bottom>-15</bottom>
								<width>218</width>
								<height>60</height>
								<texture colordiffuse="$VAR[DiffuseColor]">color_white.png</texture>
								<visible>Control.HasFocus(50)</visible>
							</control>
							<control type="label">
								<left>10</left>
								<bottom>5</bottom>
								<height>30</height>
								<width>198</width>
								<label>$INFO[ListItem.Label]</label>
								<align>left</align>
								<aligny>center</aligny>
								<font>Tile</font>
								<textcolor>$VAR[TextColor]</textcolor>
								<scroll>true</scroll>
								<visible>Control.HasFocus(50)</visible>
							</control>
						</control>
						<control type="image">
							<width>218</width>
							<height>317</height>
							<texture colordiffuse="$VAR[White]" border="11,43,43,11">$VAR[BorderImage]</texture>
								<visible>Control.HasFocus(50)</visible>
						</control>
					</control>
				</focusedlayout>
			</control>

			<control type="group">
				<control type="group">
					<width>100%</width>
					<control type="group">
						<animation effect="fade" start="0" end="100" time="200">Visible</animation>
						<visible>!String.Contains(Control.GetLabel(5),$LOCALIZE[207])</visible>
						<!-- Heading -->
						<control type="grouplist">
							<top>-100</top>
							<left>50</left>
							<height>210</height>
							<align>right</align>
							<orientation>vertical</orientation>
							<control type="textbox">
								<height max="210">auto</height>
								<font>Med60</font>
								<textcolor>$VAR[White]</textcolor>
								<label>$VAR[InfoTitle]</label>
							</control>
						</control>
						<control type="image">
							<top>50</top>
							<width>640</width>
							<height>248</height>
							<aspectratio scalediffuse="false">keep</aspectratio>
							<texture background="true">$INFO[ListItem.Art(clearlogo)]</texture>
							<visible>Skin.HasSetting(LogosInfo) | Skin.HasSetting(LogosBoth)</visible>
						</control>

						<control type="grouplist">
							<bottom>0</bottom>
							<left>50</left>
							<height>109</height>
							<itemgap>100</itemgap>
							<orientation>horizontal</orientation>
							<usecontrolcoords>true</usecontrolcoords>
						</control>
					</control>
				</control>
				<control type="label">
					<left>50</left>
					<bottom>50</bottom>
					<width>1510</width>
					<height>50</height>
					<font>Med60</font>
					<textcolor>$VAR[White]</textcolor>
					<label>$INFO[Container(50).ListItem.Label] [COLOR=$VAR[SecondaryColor]]$LOCALIZE[20347] $INFO[Container(50).ListItem.Label2][/COLOR]</label>
					<visible>String.Contains(Control.GetLabel(5),$LOCALIZE[207])</visible>
				</control>
			</control>
		</control>

	</controls>
</window>