<?xml version="1.0" encoding="UTF-8"?>
<window>
	<!-- addoninformation -->
	<defaultcontrol always="true">9000</defaultcontrol>
	<onunload>ClearProperty(AddonDetails,home)</onunload>
	<controls>
		<include>MenuFadeBackgroundImage</include>
		<!-- Image -->
		<control type="image">
			<centerleft>50%</centerleft>
			<centerbottom>10%</centerbottom>
			<width>90%</width>
			<height>150</height>
			<fadetime>80</fadetime>
			<texture colordiffuse="$VAR[MaterialColorDark]" border="9">views/Card_bg_white.png</texture>
		</control>
		<!-- Button grouplist -->
		<control type="grouplist" id="9000">
			<centerleft>50%</centerleft>
			<centerbottom>10%</centerbottom>
			<width>1700</width>
			<height>100</height>
			<itemgap>0</itemgap>
			<orientation>horizontal</orientation>
			<onup>Close</onup>
			<ondown>Close</ondown>
			<orientation>horizontal</orientation>
			<!-- Launch Addon Button -->
			<control type="button" id="12">
				<include>DialogButton</include>
				<label>518</label>
				<visible>Control.IsEnabled(12)</visible>
			</control>
			<!-- Configure Addon Button -->
			<control type="button" id="9">
				<include>DialogButton</include>
				<label>24020</label>
				<visible>Control.IsEnabled(9)</visible>
			</control>
			<!-- Update Addon Button -->
			<control type="button" id="8">
				<include>DialogButton</include>
				<label>24069</label>
				<visible>Control.IsEnabled(8)</visible>
			</control>
			<!-- Install/UnInstall Addon button -->
			<control type="button" id="6">
				<include>DialogButton</include>
				<label>24022</label>
				<visible>Control.IsEnabled(6)</visible>
			</control>
			<!-- Enable/Disable Addon button -->
			<control type="button" id="7">
				<include>DialogButton</include>
				<label>24021</label>
				<visible>Control.IsEnabled(7)</visible>
			</control>
			<!-- Auto-update button Button -->
			<control type="radiobutton" id="13">
				<width>300</width>
				<include>DialogButton</include>
				<label>24021</label>
				<visible>Control.IsEnabled(13)</visible>
			</control>
		</control>

		<control type="image">
			<centerleft>15%</centerleft>
			<centerbottom>50%</centerbottom>
			<width>385</width>
			<height>385</height>
			<fadetime>80</fadetime>
			<aspectratio align="right">scale</aspectratio>
			<texture>$INFO[ListItem.Icon]</texture>
		</control>
		<control type="textbox">
			<left>50</left>
			<top>50</top>
			<width>1000</width>
			<height max="210">auto</height>
			<font>Med60</font>
			<textcolor>$VAR[White]</textcolor>
			<label>[UPPERCASE]$INFO[ListItem.AddonName][/UPPERCASE]</label>
		</control>

		<!-- Hidden Button -->
		<control type="group">
			<control type="group">
			<centerleft>50%</centerleft>
				<width>860</width>
				<!-- Heading -->
				<control type="grouplist">
					<top>50</top>
					<height>210</height>
					<align>right</align>
					<orientation>vertical</orientation>
				</control>
				<!-- Details Line 1 -->
				<control type="label">
					<top>345</top>
					<width>78%</width>
					<height>36</height>
					<font>Med36</font>
					<textcolor>$VAR[White]</textcolor>
					<label>[UPPERCASE]$INFO[ListItem.AddonType]$INFO[ListItem.AddonCreator, | ][/UPPERCASE]</label>
				</control>
				<!-- Details Line 2 -->
				<control type="label">
					<top>388</top>
					<height>66</height>
					<aligny>top</aligny>
					<font>Light33</font>
					<textcolor>$VAR[White]</textcolor>
					<wrapmultiline>true</wrapmultiline>
					<label>Version $INFO[ListItem.AddonVersion]</label>
				</control>
				<!-- Plot -->
				<control type="textbox">
					<top>479</top>
					<height>195</height>
					<font>Light27</font>
					<label>$INFO[ListItem.AddonDescription]</label>
					<textcolor>$VAR[White]</textcolor>
					<autoscroll delay="10000" time="2000" repeat="12000">True</autoscroll>
				</control>
			</control>
		</control>
	</controls>
</window>