<includes>
	<include file="Animations.xml" />
	<include file="Include_Home.xml" />
	<include file="Include_Widgets.xml" />
	<include file="Include_Music.xml" />
	<include file="Include_Colors.xml" />
	<include file="Colors.xml" />
	<include file="Custom_Colour_Picker.xml" />
	<include file="Defaults.xml" />
	<include file="Parameters.xml" />
	<include file="script-skinshortcuts-includes.xml"/>

	<!-- Views -->
	<include file="Viewtype_50_List.xml" />

	<!-- Pictures -->
	<include file="Viewtype_510_Pics.xml" />

	<!-- Music 20-29 -->
	<include file="Viewtype_520_ShowcaseSquare.xml" />
	<include file="Viewtype_521_ShowcaseSquareLarge.xml" />
	<include file="Viewtype_522_WallSquare.xml" />

	<!-- Movies 30-39 -->
	<include file="Viewtype_530_WallPoster.xml" />
	<include file="Viewtype_531_ShowcasePoster.xml" />

	<!-- Games 40-49 -->
	<include file="Viewtype_540_Switch.xml" />
	<include file="Viewtype_541_RetroArch.xml" />

	<!-- Custom 50-59 -->
	<include file="Viewtype_550_Youtube.xml" />
	<include file="Viewtype_551_Netflix.xml" />
	<include file="Viewtype_552_Pluto.xml" />	
	<include file="Viewtype_600_Sidebar.xml" />

	<include file="Variables.xml" />
	<!-- Fullscreen dimensions -->
	<include name="FullscreenDimensions">
		<left>0</left>
		<top>0</top>
		<width>100.1%</width>
		<height>100%</height>
	</include>
	<!-- Window overlay image -->
	<include name="SimpleWindowBackground">
		<control type="image">
			<include>FullscreenDimensions</include>
			<texture colordiffuse="$VAR[BackgroundColor]">color_white.png</texture>
		</control>
	</include>
	<include name="DialogBackgroundImage">
		<control type="image">
			<include>FullscreenDimensions</include>
			<texture colordiffuse="$VAR[BackgroundColor]">color_white.png</texture>
		</control>
	</include>
	<include name="WindowBackgroundImage">
		<control type="image">
			<include>FullscreenDimensions</include>
			<texture colordiffuse="$VAR[Black]">views/white_100.png</texture>
		</control>
		<control type="group">
			<animation type="Conditional" condition="Window.IsActive(contextmenu)">
				<effect type="zoom" center="auto" start="100" end="95" time="200" tween="cubic" easing="out"/>
			</animation>
			<control type="image">
				<include>FullscreenDimensions</include>
				<texture>$INFO[Skin.String(backgroundimage)]</texture>
			</control>
			<control type="image">
				<include>FullscreenDimensions</include>
				<texture colordiffuse="$VAR[Fade]">views/white_100.png</texture>
			</control>
		</control>
	</include>
	<!-- Fullscreen Video -->
	<include name="WindowBackgroundVideo">
		<control type="image">
			<include>FullscreenDimensions</include>
			<texture colordiffuse="$VAR[Black]">color_white.png</texture>
			<visible>Player.HasVideo | Player.HasGame</visible>	
		</control>
		<control type="videowindow">
			<include>FullscreenDimensions</include>
		</control>
		<control type="gamewindow">
			<include>FullscreenDimensions</include>
			<videofilter>$INFO[ListItem.Property(game.videofilter)]</videofilter>
			<stretchmode>$INFO[ListItem.Property(game.stretchmode)]</stretchmode>
			<rotation>$INFO[ListItem.Property(game.videorotation)]</rotation>
			<visible></visible>
		</control>
		<control type="image">
			<include>FullscreenDimensions</include>
			<texture colordiffuse="$VAR[Black]">views/white_50.png</texture>		
		</control>
	</include>
	<!-- Logo -->
	<include name="Logo">
		<control type="button">
			<centerright>100</centerright>
			<top>25</top>
			<width>80</width>
			<height>80</height>
			<label> </label>
			<onclick>Dialog.Close(contextmenu)</onclick>
			<onclick>Dialog.Close(all,true)</onclick>
			<onclick>ActivateWindow(PlayerControls)</onclick>
			<texturefocus colordiffuse="$VAR[White]">xb1.png</texturefocus>
			<texturenofocus colordiffuse="$VAR[White]">xb1.png</texturenofocus>
		</control>
	</include>
	<!-- Menu fade background image -->
	<include name="MenuFadeBackgroundImage">
		<control type="image">
			<include>WindowFadeAnimation</include>
			<include>FullscreenDimensions</include>
			<texture colordiffuse="$VAR[BackgroundColor]">views/white_50.png</texture>
		</control>
	</include>
	<!-- Options background image -->
	<include name="OptionsBackgroundImage">
		<control type="image">
			<include>FullscreenDimensions</include>
			<texture border="20">dialogs/OptionsBackground.png</texture>
		</control>
	</include>
	<!-- Fanart -->
	<include name="Fanart">
		<control type="group">			
			<control type="image">
				<include>FullscreenDimensions</include>
				<fadetime>400</fadetime>
				<texture fallback="views/white_0.png" background="true">$VAR[Fanart]</texture>
				<visible>![Window.IsActive(music) + Control.IsVisible(521)]</visible>
			</control>
		</control>
	</include>
	<!-- Clock -->
	<include name="Clock">
		<control type="grouplist">
			<right>20</right>
			<bottom>10</bottom>
			<width>400</width>
			<height>60</height>
			<align>right</align>
			<itemgap>0</itemgap>
			<orientation>horizontal</orientation>
			<include>HomeClockAnimation</include>
			<control type="label">
				<width>auto</width>
				<height>59</height>
				<font>Med60</font>
				<align>right</align>
				<textcolor>$VAR[SecondaryColor]</textcolor>
				<label>$INFO[System.Time(hh)]</label>
			</control>
			<control type="label">
				<width>auto</width>
				<height>69</height>
				<font>Thin48</font>
				<align>right</align>
				<textcolor>$VAR[White]</textcolor>
				<label>$INFO[System.Time(mm)]</label>
			</control>
		</control>
	</include>
	<include name="Clock2">
		<control type="grouplist">
			<right>20</right>
			<bottom>10</bottom>
			<width>400</width>
			<height>60</height>
			<align>right</align>
			<itemgap>0</itemgap>
			<orientation>horizontal</orientation>
			<include>HomeClockAnimation</include>
			<control type="label">
				<width>auto</width>
				<height>59</height>
				<font>Med60</font>
				<align>right</align>
				<textcolor>$VAR[BackgroundColor]</textcolor>
				<label>$INFO[System.Time(hh)]</label>
			</control>
			<control type="label">
				<width>auto</width>
				<height>69</height>
				<font>Thin48</font>
				<align>right</align>
				<textcolor>$VAR[White]</textcolor>
				<label>$INFO[System.Time(mm)]</label>
			</control>
		</control>
	</include>
	<!--  Watched Indicator -->
	<include name="WatchedIndicator">
		<control type="image">
			<right>0</right>
			<width>50</width>
			<height>50</height>
			<texture>views/watched_indicator.png</texture>
			<visible>String.Contains(ListItem.Overlay,OverlayWatched.png)</visible>
		</control>
		<control type="image">
			<right>0</right>
			<width>50</width>
			<height>50</height>
			<texture colordiffuse="$VAR[Black]">views/watched_indicator_back.png</texture>
			<visible>String.Contains(ListItem.Overlay,OverlayWatched.png)</visible>
		</control>
	</include>
	<include name="WatchedIndicator2">
		<control type="image">
			<right>0</right>
			<width>50</width>
			<height>50</height>
			<texture>views/watched_indicator.png</texture>
			<visible>String.Contains(ListItem.Overlay,OverlayWatched.png)</visible>
		</control>
		<control type="image">
			<right>0</right>
			<width>50</width>
			<height>50</height>
			<texture colordiffuse="$VAR[SecondaryColor]">views/watched_indicator_back.png</texture>
			<visible>String.Contains(ListItem.Overlay,OverlayWatched.png)</visible>
		</control>
	</include>
	<!--  Selected -->
	<include name="BorderSelected">
		<param name="type"/>
		<definition>
			<control type="image">
				<centerleft>50%</centerleft>
				<centertop>50%</centertop>
				<width>60</width>
				<height>60</height>
				<texture colordiffuse="$VAR[White]">views/check.png</texture>
				<visible>String.IsEqual(System.CurrentControl,Skin.String($PARAM[type]))</visible>
			</control>
		</definition>
	</include>

	<include name="MediaInfoDiffuse">
		<control type="image">
			<include>FullscreenDimensions</include>
			<texture colordiffuse="$VAR[SecondaryColor]">views/white_90.png</texture>
		</control>
	</include>
	<include name="MediaInfoWidth860">
		<width>860</width>
	</include>
	<include name="MediaInfoWidth738">
		<width>738</width>
	</include>
	<include name="Flags">
		<!-- Studio Flag -->
		<control type="image">
			<left>50</left>
			<top>420</top>
			<width>120</width>
			<height>80</height>
			<aspectratio>keep</aspectratio>
			<texture colordiffuse="$VAR[White]" fallback="flags/default_studio.png">$INFO[ListItem.Studio,flags/studios/,.png]</texture>
			<visible>!SubString(ListItem.Icon,Default) + !Container.Content(artists)</visible>
		</control>
		<!-- MPAA Rating Flag -->
		<control type="image">
			<left>200</left>
			<top>420</top>
			<width>120</width>
			<height>80</height>
			<aspectratio>keep</aspectratio>
			<texture colordiffuse="$VAR[White]" fallback="flags/default_rating.png">$VAR[Info_Certificate]</texture>
			<visible>!SubString(ListItem.Icon,Default) + !Container.Content(artists)</visible>
		</control>
		<!-- Source Flag -->
		<control type="image">
			<left>350</left>
			<width>120</width>
			<height>80</height>
			<aspectratio>keep</aspectratio>
			<texture colordiffuse="$VAR[TextColor]">$VAR[Video_Source]</texture>
		</control>
	</include>
	<!-- Hidden control -->
	<include name="HiddenControl">
		<left>-100</left>
		<top>-100</top>
		<width>1</width>
		<height>1</height>
		<label></label>
		<font>-</font>
		<texture>-</texture>
		<texturefocus>-</texturefocus>
		<texturenofocus>-</texturenofocus>
		<alttexturenofocus>-</alttexturenofocus>
		<alttexturefocus>-</alttexturefocus>
		<textureradiofocus>-</textureradiofocus>
		<textureradionofocus>-</textureradionofocus>
	</include>
	<!-- Dialog Button -->
	<include name="DialogButton">
		<width>auto</width>
		<height>100</height>
		<font>Font-Condensed-S34</font>
		<align>left</align>
		<textcolor>$VAR[White]</textcolor>
		<focusedcolor>white</focusedcolor>
		<disabledcolor>FF484848</disabledcolor>
		<texturefocus colordiffuse="$VAR[SecondaryColor]" border="9">views/Card_bg_white.png</texturefocus>
		<texturenofocus colordiffuse="$VAR[MaterialColorDark]" border="9">views/Card_bg_white.png</texturenofocus>
		<textoffsetx>55</textoffsetx>
		<textoffsety>25</textoffsety>
	</include>
	<!-- Settings Button -->
	<include name="SettingsButton">
		<width>auto</width>
		<height>100</height>
		<font>Font-Condensed-S34</font>
		<align>left</align>
		<textcolor>$VAR[White]</textcolor>
		<focusedcolor>$VAR[Black]</focusedcolor>
		<disabledcolor>FF484848</disabledcolor>
		<texturefocus colordiffuse="$VAR[SecondaryColor]">color_white.png</texturefocus>
		<texturenofocus colordiffuse="$VAR[Black]">color_white.png</texturenofocus>
		<textoffsetx>25</textoffsetx>
		<textoffsety>55</textoffsety>
	</include>
	<!-- Conq -->
	<!-- Time -->
	<include name="Time">
		<control type="button">
			<left>120</left>
			<top>110</top>
			<width>1680</width>
			<height>33</height>
			<aligny>top</aligny>
			<label>[COLOR TextColor1]$VAR[HeadingLabel][/COLOR]</label>
			<label2>$INFO[System.Time]</label2>
			<font>Font33</font>
			<textcolor>$VAR[UnFocusedColor]</textcolor>
			<animation type="WindowOpen" condition="Window.Previous(startup)">
				<effect type="fade" start="50" end="100" time="200" tween="cubic" easing="out"/>
			</animation>
		</control>
	</include>
	<!-- Options buttons -->
	<include name="OptionButtons">
		<width>480</width>
		<height>54</height>
		<font>Font48</font>
		<textcolor>$VAR[TextColor]</textcolor>
		<focusedcolor>$VAR[TextColor]</focusedcolor>
	</include>
	<!-- Keyboard buttons -->
	<include name="KeyboardButtons">
		<width>114</width>
		<height>74</height>
		<font>Font-Condensed-S32</font>
		<align>center</align>
		<aligny>top</aligny>
		<texturefocus colordiffuse="$VAR[SecondaryColor]" border="20">kb/key-fo.png</texturefocus>
		<texturenofocus border="20">kb/key-nf.png</texturenofocus>
		<textoffsetx>10</textoffsetx>
		<textoffsety>23</textoffsety>
	</include>
	<include name="KeyboardButtons2">
		<font>Font-Condensed-S32</font>
		<align>center</align>
		<aligny>top</aligny>
		<texturefocus colordiffuse="$VAR[SecondaryColor]" border="20">kb/key-fo.png</texturefocus>
		<texturenofocus border="20">kb/key-nf.png</texturenofocus>
		<textoffsetx>10</textoffsetx>
		<textoffsety>23</textoffsety>
	</include>
	<!-- OSD Play buttons -->
	<include name="OSDPlayStopButtons">
		<control type="togglebutton" id="1">
			<width>60</width>
			<height>60</height>
			<label>  </label>
			<texturefocus colordiffuse="$VAR[White]">osd/pause.png</texturefocus>
			<texturenofocus colordiffuse="$VAR[UnFocusedColor]">osd/pause.png</texturenofocus>
			<usealttexture>Player.Paused | Player.Forwarding | Player.Rewinding</usealttexture>
			<alttexturefocus colordiffuse="$VAR[White]">osd/play.png</alttexturefocus>
			<alttexturenofocus colordiffuse="$VAR[UnFocusedColor]">osd/play.png</alttexturenofocus>
			<onclick>PlayerControl(Play)</onclick>
		</control>
		<control type="button" id="2">
			<width>60</width>
			<height>60</height>
			<label>  </label>
			<texturefocus colordiffuse="$VAR[White]">osd/stop.png</texturefocus>
			<texturenofocus colordiffuse="$VAR[UnFocusedColor]">osd/stop.png</texturenofocus>
			<onclick>PlayerControl(Stop)</onclick>
		</control>
	</include>
	<!-- OSD Stop buttons -->
	<include name="OSDStopButton">
		<control type="button" id="1">
			<width>60</width>
			<height>60</height>
			<label>  </label>
			<texturefocus colordiffuse="$VAR[White]">osd/stop.png</texturefocus>
			<texturenofocus colordiffuse="$VAR[UnFocusedColor]">osd/stop.png</texturenofocus>
			<onclick>PlayerControl(Stop)</onclick>
		</control>
	</include>
	<!-- Item count -->
	<include name="ItemCount">
		<control type="grouplist">
			<right>120</right>
			<bottom>110</bottom>
			<width>800</width>
			<height>44</height>
			<itemgap>6</itemgap>
			<align>right</align>
			<orientation>horizontal</orientation>
			<usecontrolcoords>true</usecontrolcoords>
			<visible>IntegerGreaterThan(Container.NumItems,0)</visible>
			<control type="label">
				<top>3</top>
				<width>auto</width>
				<height>44</height>
				<align>right</align>
				<label>$INFO[Container.NumItems]</label>
				<font>Font25</font>
				<textcolor>$VAR[UnFocusedColor]</textcolor>
			</control>
			<control type="label">
				<width>auto</width>
				<height>44</height>
				<align>right</align>
				<label>$VAR[ContentType]</label>
				<font>Font33</font>
				<textcolor>$VAR[UnFocusedColor]</textcolor>
			</control>
		</control>
	</include>
	<!-- ScrollBars -->
	<include name="ScrollBars">
		<!-- Scrollbar -->
		<control type="scrollbar" id="60">
			<right>0</right>
			<width>10</width>
			<height>100%</height>
			<onleft>50</onleft>
			<onright>3000</onright>
			<showonepage>false</showonepage>
			<orientation>vertical</orientation>
			<texturesliderbackground colordiffuse="$VAR[UnFocusedColor]">views/white_50.png</texturesliderbackground>
			<texturesliderbar colordiffuse="$VAR[BackgroundColor]">views/white_70.png</texturesliderbar>
			<texturesliderbarfocus colordiffuse="$VAR[BackgroundColor]">views/white_100.png</texturesliderbarfocus>
			<textureslidernib>-</textureslidernib>
			<textureslidernibfocus>-</textureslidernibfocus>
			<visible>Control.IsVisible(50) | Control.IsVisible(52) | Control.IsVisible(530) | Control.IsVisible(522)</visible>
			<include>ScrollBarAnimation</include>
		</control>

		<control type="scrollbar" id="60">
			<bottom>0</bottom>
			<width>1920</width>
			<height>10</height>
			<onup>50</onup>
			<ondown>3000</ondown>
			<showonepage>true</showonepage>
			<orientation>horizontal</orientation>
			<texturesliderbackground colordiffuse="$VAR[UnFocusedColor]">views/white_50.png</texturesliderbackground>
			<texturesliderbar colordiffuse="$VAR[BackgroundColor]">views/white_70.png</texturesliderbar>
			<texturesliderbarfocus colordiffuse="$VAR[BackgroundColor]">views/white_100.png</texturesliderbarfocus>
			<textureslidernib>-</textureslidernib>
			<textureslidernibfocus>-</textureslidernibfocus>
			<visible>![Control.IsVisible(50) | Control.IsVisible(51) | Control.IsVisible(52) | Control.IsVisible(530) | Control.IsVisible(522)]</visible>
			<include>ScrollBarAnimation</include>
		</control>
	</include>

	<!-- PlayingWindows -->
	<include name="NowPlayingWindow">
		<control type="group">
			<visible>Player.HasVideo</visible>
			<animation type="Conditional" condition="Control.HasFocus(9050)">
				<effect type="zoom" start="100" end="110" center="auto" time="500" tween="cubic" easing="inout" />
				<effect type="slide" start="0" end="0,50" center="auto" time="500" tween="cubic" easing="inout" />
			</animation>
			<animation type="Conditional" condition="Control.HasFocus(9050) + Control.IsVisible(530)">
				<effect type="zoom" start="100" end="110" center="auto" time="500" tween="cubic" easing="inout" />
				<effect type="slide" start="0" end="0,1050" delay="100" center="auto" time="500" tween="cubic" easing="inout" />
			</animation>
			<animation type="Conditional" condition="Control.IsVisible(530)">
				<effect type="slide" end="0,-1000" center="auto" time="0" tween="cubic" easing="inout" />
			</animation>
			<control type="list" id="9050">
				<description>Control list</description>
				<height>2</height>
				<width>2</width>
				<onleft condition="Control.IsVisible(50)">3000</onleft>
				<onleft>noop</onleft>
				<onup>noop</onup>
				<ondown condition="Control.IsVisible(50)">50</ondown>
				<ondown condition="Control.IsVisible(510)">510</ondown>
				<ondown condition="Control.IsVisible(520)">520</ondown>
				<ondown condition="Control.IsVisible(521)">521</ondown>
				<ondown condition="Control.IsVisible(522)">522</ondown>
				<ondown condition="Control.IsVisible(530)">530</ondown>
				<ondown condition="Control.IsVisible(531)">531</ondown>
				<onright condition="Control.IsVisible(550)">550</onright>
				<ondown condition="Control.IsVisible(551)">551</ondown>
				<orientation>vertical</orientation>
				<scrolltime>0</scrolltime>
				<pagecontrol>2</pagecontrol>
				<viewtype>list</viewtype>
				<defaultcontrol>1</defaultcontrol>
				<content>
					<item id="1">
						<label>Fullscreen</label>
						<onclick>Fullscreen</onclick>
					</item>
				</content>
			</control>
			<control type="group">
				<visible>!Control.IsVisible(533)</visible>
				<control type="image">	
					<top>10</top>
					<centerleft>50%</centerleft>
					<width>1140</width>
					<height>630</height>
					<texture colordiffuse="$VAR[Black]">color_white.png</texture>
					<aspectratio>stretch</aspectratio>
				</control>
				<control type="videowindow">
					<top>10</top>
					<centerleft>50%</centerleft>
					<width>1140</width>
					<height>630</height>
					<aspectratio>scale</aspectratio>
					<visible>Player.HasVideo</visible>
					<onclick>Fullscreen</onclick>
				</control>
			</control>
		</control>
	</include>

	<include name="PlayingMusicWindow">
		<control type="group">
			<visible>Player.HasAudio</visible>
			<animation type="WindowOpen">
				<effect type="slide" start="0,600" end="0,0" center="auto" tween="Cubic" easing="inout" delay="100" time="500"/>
			</animation>
			<!--> Background <!-->
			<control type="image">
				<bottom>0</bottom>
				<width>100%</width>
				<height>120</height>
				<aspectratio>stretch</aspectratio>
				<texture colordiffuse="$VAR[MaterialColorDark]">color_white.png</texture>
			</control>
			<!--> Vignette <!-->
			<control type="image">
				<bottom>120</bottom>
				<width>100%</width>
				<height>50%</height>
				<aspectratio>stretch</aspectratio>
				<texture colordiffuse="70000000">views/vignette.png</texture>
			</control>
			<!--> Progress <!-->
			<control type="progress">
				<left>0</left>
				<bottom>120</bottom>
				<width>100%</width>
				<height>5</height>
				<info>Player.Progress</info>
				<texturebg border="2">osd/OSDProgressBack.png</texturebg>
				<lefttexture>-</lefttexture>
				<midtexture border="2" colordiffuse="$VAR[SecondaryColor]">osd/OSDProgressBar.png</midtexture>
				<righttexture>-</righttexture>
				<overlaytexture>-</overlaytexture>
			</control>
			<!--> Volume <!-->
			<control type="image">
				<right>400</right>
				<width>50</width>
				<height>120</height>
				<bottom>0</bottom>
				<aspectratio>keep</aspectratio>
				<texture colordiffuse="$VAR[UnFocusedColor]">osd/volume.png</texture>
			</control>
			<control type="progress">
				<right>65</right>
				<bottom>55</bottom>
				<width>330</width>
				<height>10</height>
				<info>player.volume</info>
				<texturebg border="2">osd/OSDProgressBack.png</texturebg>
				<lefttexture>-</lefttexture>
				<midtexture border="2" colordiffuse="$VAR[SecondaryColor]">osd/OSDProgressBar.png</midtexture>
				<righttexture>-</righttexture>
				<overlaytexture>-</overlaytexture>
			</control>
			<!-- Play/Pause -->
			<control type="group">
				<bottom>0</bottom>
				<left>25</left>
				<width>100</width>
				<height>90</height>				
				<control type="togglebutton" id="9052">
					<onright>9051</onright>
					<onup condition="Control.IsVisible(50)">50</onup>
					<onup condition="Control.IsVisible(510)">510</onup>
					<onup condition="Control.IsVisible(520)">520</onup>
					<onup condition="Control.IsVisible(521)">521</onup>
					<onup condition="Control.IsVisible(522)">522</onup>
					<onup condition="Control.IsVisible(530)">530</onup>
					<onup condition="Control.IsVisible(531)">531</onup>
					<onup condition="Control.IsVisible(550)">550</onup>
					<onup condition="Control.IsVisible(551)">551</onup>
					<onup condition="Control.IsVisible(552)">552</onup>
					<width>60</width>
					<height>60</height>
					<label>  </label>
					<texturefocus colordiffuse="$VAR[White]">osd/pause.png</texturefocus>
					<texturenofocus colordiffuse="$VAR[UnFocusedColor]">osd/pause.png</texturenofocus>
					<usealttexture>Player.Paused | Player.Forwarding | Player.Rewinding</usealttexture>
					<alttexturefocus colordiffuse="$VAR[White]">osd/play.png</alttexturefocus>
					<alttexturenofocus colordiffuse="$VAR[UnFocusedColor]">osd/play.png</alttexturenofocus>
					<onclick>PlayerControl(Play)</onclick>
				</control>
			</control>

			<control type="list" id="9051">
				<width>20%</width>
				<height>120</height>
				<right>300</right>
				<bottom>0</bottom>
				<onup condition="Control.IsVisible(50)">50</onup>
				<onup condition="Control.IsVisible(510)">510</onup>
				<onup condition="Control.IsVisible(520)">520</onup>
				<onup condition="Control.IsVisible(521)">521</onup>
				<onup condition="Control.IsVisible(522)">522</onup>
				<onup condition="Control.IsVisible(530)">530</onup>
				<onup condition="Control.IsVisible(531)">531</onup>
				<onup condition="Control.IsVisible(550)">550</onup>
				<onup condition="Control.IsVisible(551)">551</onup>
				<onup condition="Control.IsVisible(552)">552</onup>
				<onleft>9052</onleft>
				<ondown>60</ondown>
				<ondown>3000</ondown>
				<orientation>horizontal</orientation>
				<scrolltime>0</scrolltime>
				<viewtype>list</viewtype>
				<defaultcontrol>1</defaultcontrol>
				<itemlayout width="80" height="80">
					<control type="image">
						<width>40</width>
						<height>120</height>
						<aspectratio>keep</aspectratio>
						<texture colordiffuse="$VAR[UnFocusedColor]">$INFO[ListItem.Icon]</texture>
					</control>
				</itemlayout>
				<focusedlayout width="80" height="80">
					<control type="image">
						<width>40</width>
						<height>120</height>
						<aspectratio>keep</aspectratio>
						<texture colordiffuse="$VAR[UnFocusedColor]">$INFO[ListItem.Icon]</texture>
					</control>
					<control type="image">
						<width>40</width>
						<height>120</height>
						<aspectratio>keep</aspectratio>
						<texture colordiffuse="$VAR[FocusedColor]">$INFO[ListItem.Icon]</texture>
						<visible>Control.HasFocus(9051)</visible>
					</control>
				</focusedlayout>
				<content>
					<item id="1">
						<label>$LOCALIZE[559]</label>
						<icon>osd/playlist.png</icon>
						<onclick>ActivateWindow(musicplaylist)</onclick>
					</item>
					<item id="2">
						<label>$LOCALIZE[191]</label>
						<icon>osd/shuffleoff.png</icon>
						<onclick>PlayerControl(Random)</onclick>
						<visible>!Playlist.IsRandom</visible>
					</item>
					<item id="2">
						<label>$LOCALIZE[191]</label>
						<icon>osd/shuffle.png</icon>
						<onclick>PlayerControl(Random)</onclick>
						<visible>Playlist.IsRandom</visible>
					</item>
					<item id="3">
						<label>$LOCALIZE[486]</label>
						<icon>osd/repeatoff.png</icon>
						<onclick>PlayerControl(Repeat)</onclick>
						<visible>![Playlist.IsRepeat | Playlist.IsRepeatOne]</visible>
					</item>
					<item id="3">
						<label>$LOCALIZE[486]</label>
						<icon>osd/repeat.png</icon>
						<onclick>PlayerControl(Repeat)</onclick>
						<visible>Playlist.IsRepeat</visible>
					</item>
					<item id="3">
						<label>$LOCALIZE[487]</label>
						<icon>osd/repeat_one.png</icon>
						<onclick>PlayerControl(Repeat)</onclick>
						<visible>Playlist.IsRepeatOne</visible>
					</item>
				</content>
			</control>

			<!--> Background 
			<control type="image">
				<bottom>-480</bottom>
				<width>100%</width>
				<height>100%</height>
				<aspectratio>keep</aspectratio>
				<texture>demo/single-track.png</texture>
			</control><!-->

			<!--> Artist & Track <!-->
			<control type="label">
				<left>150</left>		
				<width>auto</width>
				<height>140</height>
				<align>left</align>
				<bottom>0</bottom>
				<label>$INFO[MusicPlayer.Title]</label>
				<font>MNPlayTit</font>
				<textcolor>$VAR[FocusedColor]</textcolor>
			</control>

			<control type="label">
				<left>150</left>		
				<width>auto</width>
				<height>90</height>
				<align>left</align>
				<bottom>0</bottom>
				<label>$INFO[MusicPlayer.Artist]</label>
				<font>MNPlayArt</font>
				<textcolor>$VAR[UnFocusedColor]</textcolor>
			</control>

			<!--> TimeRemaining & Duration <!-->
			<control type="label">
				<right>900</right>		
				<width>auto</width>
				<height>120</height>
				<align>right</align>
				<bottom>0</bottom>
				<label>$INFO[Player.Time] [COLOR $VAR[SecondaryColor]]/[/COLOR] $INFO[Player.Duration]</label>
				<font>tile</font>
				<textcolor>$VAR[FocusedColor]</textcolor>
			</control>
		</control>
	</include>

	<!-- debug -->
	<include name="debug_Header">
		<height>40</height>
		<font>Home</font>
	</include>
	<include name="debug_Label">
		<height>25</height>
		<font>Tile</font>
	</include>

	<!-- Apps -->
	<include name="RetroSystem">
		<!-- Resume -->
		<item>
			<label>Playlist</label>
			<icon>osd/home/playlist.png</icon>
			<onclick>ActivateWindow(musicplaylist)</onclick>
			<visible>Container(9000).HasFocus(89)</visible>
		</item>
		<item>
			<label>$LOCALIZE[31059]</label>
			<thumb>osd/home/play.png</thumb>
			<onclick>PlayerControl(Play)</onclick>
			<visible>Container(9000).HasFocus(89)</visible>
		</item>
		<item>
			<label>$LOCALIZE[209]</label>
			<thumb>osd/home/next.png</thumb>
			<onclick>PlayerControl(Next)</onclick>
			<visible>Container(9000).HasFocus(89)</visible>
		</item>
		<item>
			<label>$LOCALIZE[210]</label>
			<thumb>osd/home/prev.png</thumb>
			<onclick>PlayerControl(Previous)</onclick>
			<visible>Container(9000).HasFocus(89)</visible>
		</item>
		<item>
			<label>$LOCALIZE[31060]</label>
			<thumb>osd/home/stop.png</thumb>
			<onclick>PlayerControl(Stop)</onclick>
			<visible>Container(9000).HasFocus(89)</visible>
		</item>
		<!-- System -->
		<item>
			<label>$LOCALIZE[31024]</label>
			<onclick>PlayDisc()</onclick>
			<thumb>home/disc.png</thumb>
			<visible>System.HasMediadvd + Container(9000).HasFocus(90)</visible>
		</item>
		<item>
			<label>$LOCALIZE[14204]</label>
			<onclick>ActivateWindow(tvchannels)</onclick>
			<thumb>home/pvr.png</thumb>
			<visible>Pvr.HasTVChannels + Container(9000).HasFocus(90)</visible>
		</item>
		<item>
			<label>$LOCALIZE[3]</label>
			<onclick>ActivateWindow(1109)</onclick>
			<thumb>home/tv.png</thumb>
			<visible>Container(9000).HasFocus(90)</visible>
		</item>
		<item>
			<label>$LOCALIZE[2]</label>
			<onclick>ActivateWindow(1108)</onclick>
			<thumb>home/music.png</thumb>
			<visible>Container(9000).HasFocus(90)</visible>
		</item>
		<item>
			<label>$LOCALIZE[10821]</label>
			<onclick>ActivateWindow(games)</onclick>
			<thumb>home/games.png</thumb>
			<visible>Container(9000).HasFocus(90)</visible>
		</item>
		<item>
			<label>$LOCALIZE[1]</label>
			<onclick>ActivateWindow(pictures)</onclick>
			<thumb>home/pictures.png</thumb>
			<visible>Container(9000).HasFocus(90)</visible>
		</item>
		<item>
			<label>$LOCALIZE[31027]</label>
			<onclick>ActivateWindow(addonbrowser)</onclick>
			<thumb>home/addon.png</thumb>
			<visible>Container(9000).HasFocus(90)</visible>
		</item>
		<item>
			<label>$LOCALIZE[21417]</label>
			<onclick>ActivateWindow(Settings)</onclick>
			<thumb>home/settings.png</thumb>
			<visible>Container(9000).HasFocus(90)</visible>
		</item>
		<item>
			<label>$LOCALIZE[33060]</label>
			<onclick>ActivateWindow(PlayerControls)</onclick>
			<thumb>dialogs/charms/charm_shutdown.png</thumb>
			<visible>Container(9000).HasFocus(90)</visible>
		</item>
		<!-- Apps -->
		<item>
			<label>Netflix</label>
			<onclick>ActivateWindow(9500)</onclick>
			<icon>home/apps/thumb/netflix.png</icon>
			<thumb>home/apps/netflix.png</thumb>
			<visible>System.HasAddon(plugin.video.netflix) + Container(9000).HasFocus(91)</visible>
		</item>
		<item>
			<label>Youtube</label>
			<onclick>ActivateWindow(1110)</onclick>
			<icon>home/apps/thumb/youtube.jpg</icon>
			<thumb>home/apps/youtube.png</thumb>
			<visible>System.HasAddon(plugin.video.youtube) + Container(9000).HasFocus(91)</visible>
		</item>
		<item>
			<label>Twitch</label>
			<onclick>ActivateWindow(1111)</onclick>
			<icon>home/apps/thumb/twitch.jpg</icon>
			<thumb>home/apps/twitch.jpg</thumb>
			<visible>System.HasAddon(plugin.video.twitch) + Container(9000).HasFocus(91)</visible>
		</item>
		<item>
			<label>Pluto TV</label>
			<onclick>ActivateWindow(1120)</onclick>
			<icon>home/apps/thumb/pluto.png</icon>
			<thumb>home/apps/pluto.png</thumb>
			<visible>System.HasAddon(plugin.video.plutotv) + Container(9000).HasFocus(91)</visible>
		</item>
		<item>
			<label>Amazon</label>
			<onclick>ActivateWindow(Videos,plugin://plugin.video.amazon-test/)</onclick>
			<icon>home/apps/thumb/amazon.png</icon>
			<thumb>home/apps/amazon.png</thumb>
			<visible>System.HasAddon(plugin.video.amazon-test) + Container(9000).HasFocus(91)</visible>
		</item>
		<item>
			<label>Spotify</label>
			<onclick>ActivateWindow(Music,plugin://plugin.audio.spotify/,return)</onclick>
			<icon>home/apps/thumb/spotify.png</icon>
			<thumb>home/apps/spotify.jpg</thumb>
			<visible>System.HasAddon(plugin.audio.spotify) + System.Platform.Windows + Container(9000).HasFocus(91)</visible>
		</item>
		<item>
			<label>Steam</label>
			<onclick>RunScript(script.steam.launcher)</onclick>
			<icon>home/apps/thumb/steam.jpg</icon>
			<thumb>home/apps/steam.png</thumb>
			<visible>System.HasAddon(script.steam.launcher) + Container(9000).HasFocus(91)</visible>
		</item>
	</include>
	<include name="SystemApps1">
		<item>
			<label>$LOCALIZE[31024]</label>
			<onclick>PlayDisc()</onclick>
			<thumb>home/disc.png</thumb>
			<visible>System.HasMediadvd</visible>
		</item>
		<item>
			<label>$LOCALIZE[10821]</label>
			<onclick>ActivateWindow(games)</onclick>
			<!--<onclick>ActivateWindow(1106)</onclick>-->
			<thumb>home/games.png</thumb>
		</item>
	</include>
	<include name="SystemApps2">
		<item>
			<label>$LOCALIZE[3]</label>
			<onclick>ActivateWindow(1109)</onclick>
			<thumb>home/tv.png</thumb>
		</item>
		<item>
			<label>$LOCALIZE[2]</label>
			<onclick>ActivateWindow(1108)</onclick>
			<thumb>home/music.png</thumb>
		</item>
		<item>
			<label>$LOCALIZE[1]</label>
			<onclick>ActivateWindow(pictures)</onclick>
			<thumb>home/pictures.png</thumb>
		</item>
		<item>					
			<label>$LOCALIZE[14204]</label>
			<onclick>ActivateWindow(tvchannels)</onclick>
			<thumb>home/pvr.png</thumb>
			<visible>Pvr.HasTVChannels</visible>
		</item>
		<item>
			<label>$LOCALIZE[31025]</label>
			<onclick>ActivateWindow(programs,androidapp://sources/apps/,return)</onclick>
			<thumb>DefaultAddonHelper.png</thumb>
			<visible>System.Platform.Android</visible>
		</item>
		<item>
			<label>$LOCALIZE[31027]</label>
			<onclick>ActivateWindow(addonbrowser)</onclick>
			<thumb>home/addon.png</thumb>
		</item>
		<item id="99">
			<label>$LOCALIZE[21417]</label>
			<onclick>ActivateWindow(Settings)</onclick>
			<thumb>home/settings.png</thumb>
		</item>
	</include>
	<include name="VideoApps">
		<item>
			<label>Netflix</label>
			<onclick>ActivateWindow(9500)</onclick>
			<!--><onclick>ActivateWindow(Videos,plugin://plugin.video.netflix)</onclick><!-->
			<icon>home/apps/thumb/netflix.png</icon>
			<thumb>home/apps/netflix.png</thumb>
			<visible>System.HasAddon(plugin.video.netflix)</visible>
		</item>
		<item>
			<label>Youtube</label>
			<onclick>ActivateWindow(1110)</onclick>
			<!--><onclick>ActivateWindow(Videos,plugin://plugin.video.youtube/,return)</onclick><!-->
			<icon>home/apps/thumb/youtube.jpg</icon>
			<thumb>home/apps/youtube.png</thumb>
			<visible>System.HasAddon(plugin.video.youtube)</visible>
		</item>
		<item>
			<label>Twitch</label>
			<!--><onclick>ActivateWindow(Videos,plugin://plugin.video.twitch/,return)</onclick><!-->
			<onclick>ActivateWindow(1111)</onclick>
			<icon>home/apps/thumb/twitch.jpg</icon>
			<thumb>home/apps/twitch.jpg</thumb>
			<visible>System.HasAddon(plugin.video.twitch)</visible>
		</item>
		<item>
			<label>Pluto TV</label>
			<onclick>ActivateWindow(1120)</onclick>
			<icon>home/apps/thumb/pluto.png</icon>
			<thumb>home/apps/pluto.png</thumb>
			<visible>System.HasAddon(plugin.video.plutotv)</visible>
		</item>
		<item>
			<label>Amazon</label>
			<onclick>ActivateWindow(Videos,plugin://plugin.video.amazon-test/)</onclick>
			<icon>home/apps/thumb/amazon.png</icon>
			<thumb>home/apps/amazon.png</thumb>
			<visible>System.HasAddon(plugin.video.amazon-test)</visible>
		</item>
	</include>
	<include name="MusicApps">
		<item>
			<label>Spotify</label>
			<!--><onclick>RunScript(special://skin/scripts/spotify.py)</onclick><!-->
			<onclick>ActivateWindow(Music,plugin://plugin.audio.spotify/,return)</onclick>
			<icon>home/apps/thumb/spotify.png</icon>
			<thumb>home/apps/spotify.jpg</thumb>
			<visible>System.HasAddon(plugin.audio.spotify) + System.Platform.Windows</visible>
		</item>
	</include>
	<include name="GameApps">
		<item>
			<label>Steam</label>
			<onclick>RunScript(script.steam.launcher)</onclick>
			<icon>home/apps/thumb/steam.jpg</icon>
			<thumb>home/apps/steam.png</thumb>
			<visible>System.HasAddon(script.steam.launcher)</visible>
		</item>
	</include>
	<include name="Android">
		<content target="programs">androidapp://sources/apps/</content>
	</include>
	<include name="AllApps">
		<include>VideoApps</include>
		<include>MusicApps</include>
		<include>GameApps</include>
	</include>
	<include name="Favourites">
		<item id="1">
			<label>$INFO[Window(Home).Property(favourite.1.Name)]</label>
			<onclick>$INFO[Window(Home).Property(favourite.1.Path)]</onclick>
			<icon>$INFO[Window(Home).Property(favourite.1.Thumb)]</icon>
			<visible>!String.IsEmpty(Window(Home).Property(favourite.1.Path))</visible>
		</item>
		<item id="2">
			<label>$INFO[Window(Home).Property(favourite.2.Name)]</label>
			<onclick>$INFO[Window(Home).Property(favourite.2.Path)]</onclick>
			<icon>$INFO[Window(Home).Property(favourite.2.Thumb)]</icon>
			<visible>!String.IsEmpty(Window(Home).Property(favourite.2.Path))</visible>
		</item>
		<item id="3">
			<label>$INFO[Window(Home).Property(favourite.3.Name)]</label>
			<onclick>$INFO[Window(Home).Property(favourite.3.Path)]</onclick>
			<icon>$INFO[Window(Home).Property(favourite.3.Thumb)]</icon>
			<visible>!String.IsEmpty(Window(Home).Property(favourite.3.Path))</visible>
		</item>
		<item id="4">
			<label>$INFO[Window(Home).Property(favourite.4.Name)]</label>
			<onclick>$INFO[Window(Home).Property(favourite.4.Path)]</onclick>
			<icon>$INFO[Window(Home).Property(favourite.4.Thumb)]</icon>
			<visible>!String.IsEmpty(Window(Home).Property(favourite.4.Path))</visible>
		</item>
		<item id="5">
			<label>$INFO[Window(Home).Property(favourite.5.Name)]</label>
			<onclick>$INFO[Window(Home).Property(favourite.5.Path)]</onclick>
			<icon>$INFO[Window(Home).Property(favourite.5.Thumb)]</icon>
			<visible>!String.IsEmpty(Window(Home).Property(favourite.5.Path))</visible>
		</item>
		<item id="6">
			<label>$INFO[Window(Home).Property(favourite.6.Name)]</label>
			<onclick>$INFO[Window(Home).Property(favourite.6.Path)]</onclick>
			<icon>$INFO[Window(Home).Property(favourite.6.Thumb)]</icon>
			<visible>!String.IsEmpty(Window(Home).Property(favourite.6.Path))</visible>
		</item>
		<item id="7">
			<label>$INFO[Window(Home).Property(favourite.7.Name)]</label>
			<onclick>$INFO[Window(Home).Property(favourite.7.Path)]</onclick>
			<icon>$INFO[Window(Home).Property(favourite.7.Thumb)]</icon>
			<visible>!String.IsEmpty(Window(Home).Property(favourite.7.Path))</visible>
		</item>
		<item id="8">
			<label>$INFO[Window(Home).Property(favourite.8.Name)]</label>
			<onclick>$INFO[Window(Home).Property(favourite.8.Path)]</onclick>
			<icon>$INFO[Window(Home).Property(favourite.8.Thumb)]</icon>
			<visible>!String.IsEmpty(Window(Home).Property(favourite.8.Path))</visible>
		</item>
		<item id="9">
			<label>$INFO[Window(Home).Property(favourite.9.Name)]</label>
			<onclick>$INFO[Window(Home).Property(favourite.9.Path)]</onclick>
			<icon>$INFO[Window(Home).Property(favourite.9.Thumb)]</icon>
			<visible>!String.IsEmpty(Window(Home).Property(favourite.9.Path))</visible>
		</item>
		<item id="10">
			<label>$INFO[Window(Home).Property(favourite.10.Name)]</label>
			<onclick>$INFO[Window(Home).Property(favourite.10.Path)]</onclick>
			<icon>$INFO[Window(Home).Property(favourite.10.Thumb)]</icon>
			<visible>!String.IsEmpty(Window(Home).Property(favourite.10.Path))</visible>
		</item>
		<item id="11">
			<label>$INFO[Window(Home).Property(favourite.11.Name)]</label>
			<onclick>$INFO[Window(Home).Property(favourite.11.Path)]</onclick>
			<icon>$INFO[Window(Home).Property(favourite.11.Thumb)]</icon>
			<visible>!String.IsEmpty(Window(Home).Property(favourite.11.Path))</visible>
		</item>
		<item id="12">
			<label>$INFO[Window(Home).Property(favourite.12.Name)]</label>
			<onclick>$INFO[Window(Home).Property(favourite.12.Path)]</onclick>
			<icon>$INFO[Window(Home).Property(favourite.12.Thumb)]</icon>
			<visible>!String.IsEmpty(Window(Home).Property(favourite.12.Path))</visible>
		</item>
		<item id="13">
			<label>$INFO[Window(Home).Property(favourite.13.Name)]</label>
			<onclick>$INFO[Window(Home).Property(favourite.13.Path)]</onclick>
			<icon>$INFO[Window(Home).Property(favourite.13.Thumb)]</icon>
			<visible>!String.IsEmpty(Window(Home).Property(favourite.13.Path))</visible>
		</item>
		<item id="14">
			<label>$INFO[Window(Home).Property(favourite.14.Name)]</label>
			<onclick>$INFO[Window(Home).Property(favourite.14.Path)]</onclick>
			<icon>$INFO[Window(Home).Property(favourite.14.Thumb)]</icon>
			<visible>!String.IsEmpty(Window(Home).Property(favourite.14.Path))</visible>
		</item>
		<item id="15">
			<label>$INFO[Window(Home).Property(favourite.15.Name)]</label>
			<onclick>$INFO[Window(Home).Property(favourite.15.Path)]</onclick>
			<icon>$INFO[Window(Home).Property(favourite.15.Thumb)]</icon>
			<visible>!String.IsEmpty(Window(Home).Property(favourite.15.Path))</visible>
		</item>
	</include>
</includes>