<?xml version="1.0" encoding="UTF-8"?>
<window>
	<!-- pictures -->
	<backgroundcolor>$VAR[BackgroundColor]</backgroundcolor>
	<defaultcontrol always="true">510</defaultcontrol>
	<menucontrol>3000</menucontrol>
	<onload condition="!SubString(Control.GetLabel(9),*) | IsEmpty(Skin.String(PicturesRandom))">Skin.SetString(PicturesRandom,off)</onload>
	<views>510</views>
	<controls>
		<!-- Hidden controls -->
		<control type="button" id="3">
			<include>HiddenControl</include>
		</control>
		<control type="togglebutton" id="4">
			<usealttexture>Container.SortDirection(Descending)</usealttexture>
			<include>HiddenControl</include>
		</control>
		<control type="button" id="6">
			<include>HiddenControl</include>
		</control>
		<control type="button" id="7">
			<include>HiddenControl</include>
		</control>
		<control type="radiobutton" id="9">
			<include>HiddenControl</include>
		</control>
		<control type="edit" id="19">
			<include>HiddenControl</include>
		</control>
		<!-- Image -->
		<control type="group">
			<animation effect="fade" start="100" end="0" time="200" condition="!Control.IsVisible(50) | SubString(ListItem.Icon,Default) | SubString(Control.GetLabel(999),empty)">Conditional</animation>
			<control type="image" id="999">
				<include>FullscreenDimensions</include>
				<include>VisibleFadeAnimation</include>
				<fadetime>400</fadetime>
				<aspectratio>scale</aspectratio>
				<colordiffuse>$VAR[FanartColor]</colordiffuse>
				<texture fallback="empty" background="true">$VAR[PictureFanart]</texture>
			</control>
			<control type="image">
				<include>FullscreenDimensions</include>
				<texture colordiffuse="$VAR[DiffuseColor]">views/white_100.png</texture>
			</control>
		</control>
		<!-- Now Playing -->
		<include>NowPlayingWindow</include>
		<!-- Main group -->
		<control type="group">
			<include>WindowFadeAnimation</include>
			<include>OptionsHideAnimation</include>
			<!-- Views -->
			<include>Viewtype_510_Pics</include>
			<!-- Now Playing Music -->
			<include>PlayingMusicWindow</include>
			<include>ScrollBars</include>
		</control>
		<!-- Options -->
		<control type="image">
			<include>VisibleFadeAnimation</include>
			<include>FullscreenDimensions</include>
			<texture colordiffuse="$VAR[SecondaryColor]">views/white_70.png</texture>
			<visible>Control.HasFocus(3000)</visible>
		</control>
		<control type="fixedlist" id="3000">
			<left>1030</left>
			<top>144</top>
			<width>860</width>
			<height>896</height>
			<onup>50</onup>
			<ondown>50</ondown>
			<onback>50</onback>
			<onleft condition="String.IsEmpty(Container(3000).ListItem.Property(ActionLeft))">50</onleft>
			<onright condition="String.IsEmpty(Container(3000).ListItem.Property(ActionRight))">50</onright>
			<onleft condition="!String.IsEmpty(Container(3000).ListItem.Property(ActionLeft))">$INFO[Container(3000).ListItem.Property(ActionLeft)]</onleft>
			<onleft condition="!String.IsEmpty(Container(3000).ListItem.Property(ActionLeft2))">$INFO[Container(3000).ListItem.Property(ActionLeft2)]</onleft>
			<onright condition="!String.IsEmpty(Container(3000).ListItem.Property(ActionRight))">$INFO[Container(3000).ListItem.Property(ActionRight)]</onright>
			<onright condition="!String.IsEmpty(Container(3000).ListItem.Property(ActionRight2))">$INFO[Container(3000).ListItem.Property(ActionRight2)]</onright>
			<movement>6</movement>
			<focusposition>6</focusposition>
			<orientation>vertical</orientation>
			<viewtype label="535">list</viewtype>
			<defaultcontrol always="true">0</defaultcontrol>
			<scrolltime tween="sine" easing="inout">200</scrolltime>
			<visible allowhiddenfocus="true">Control.HasFocus(3000)</visible>
			<include>OptionsAnimation</include>
			<itemlayout height="59" width="860">
				<control type="label">
					<width>860</width>
					<height>59</height>
					<font>Thin48</font>
					<textcolor>$VAR[TextColor]</textcolor>
					<label>$INFO[ListItem.Label2]</label>
				</control>
			</itemlayout>
			<focusedlayout height="70" width="860">
				<control type="label">
					<width>860</width>
					<height>70</height>
					<font>Light60</font>
					<textcolor>$VAR[TextColor]</textcolor>
					<label>[UPPERCASE]$INFO[ListItem.Label][/UPPERCASE]</label>
				</control>
			</focusedlayout>
			<content>
				<!-- Viewmode -->
				<item>
					<onclick>SetFocus(50)</onclick>
					<label>‹ $LOCALIZE[535] ›</label>
					<label2>$LOCALIZE[31105] | $LOCALIZE[535]</label2>
					<property name="ActionLeft">Container.PreviousViewMode</property>
					<property name="ActionRight">Container.NextViewMode</property>
					<visible>Control.IsVisible(50)</visible>
				</item>
				<item>
					<onclick>SetFocus(500)</onclick>
					<label>‹ $LOCALIZE[31500] ›</label>
					<label2>$LOCALIZE[31105] | $LOCALIZE[31500]</label2>
					<property name="ActionLeft">Container.PreviousViewMode</property>
					<property name="ActionRight">Container.NextViewMode</property>
					<visible>Control.IsVisible(500)</visible>
				</item>
				<item>
					<onclick>SetFocus(501)</onclick>
					<label>‹ $LOCALIZE[31501] ›</label>
					<label2>$LOCALIZE[31105] | $LOCALIZE[31501]</label2>
					<property name="ActionLeft">Container.PreviousViewMode</property>
					<property name="ActionRight">Container.NextViewMode</property>
					<visible>Control.IsVisible(501)</visible>
				</item>
				<item>
					<onclick>SetFocus(510)</onclick>
					<label>‹ $LOCALIZE[31510] ›</label>
					<label2>$LOCALIZE[31105] | $LOCALIZE[31510]</label2>
					<property name="ActionLeft">Container.PreviousViewMode</property>
					<property name="ActionRight">Container.NextViewMode</property>
					<visible>Control.IsVisible(510)</visible>
				</item>
				<item>
					<onclick>SetFocus(511)</onclick>
					<label>‹ $LOCALIZE[31511] ›</label>
					<label2>$LOCALIZE[31105] | $LOCALIZE[31511]</label2>
					<property name="ActionLeft">Container.PreviousViewMode</property>
					<property name="ActionRight">Container.NextViewMode</property>
					<visible>Control.IsVisible(511)</visible>
				</item>
				<item>
					<onclick>SetFocus(520)</onclick>
					<label>‹ $LOCALIZE[31520] ›</label>
					<label2>$LOCALIZE[31105] | $LOCALIZE[31520]</label2>
					<property name="ActionLeft">Container.PreviousViewMode</property>
					<property name="ActionRight">Container.NextViewMode</property>
					<visible>Control.IsVisible(520)</visible>
				</item>
				<item>
					<onclick>SetFocus(521)</onclick>
					<label>‹ $LOCALIZE[31521] ›</label>
					<label2>$LOCALIZE[31105] | $LOCALIZE[31521]</label2>
					<property name="ActionLeft">Container.PreviousViewMode</property>
					<property name="ActionRight">Container.NextViewMode</property>
					<visible>Control.IsVisible(521)</visible>
				</item>
				<item>
					<onclick>SetFocus(522)</onclick>
					<label>‹ $LOCALIZE[31522] ›</label>
					<label2>$LOCALIZE[31105] | $LOCALIZE[31522]</label2>
					<property name="ActionLeft">Container.PreviousViewMode</property>
					<property name="ActionRight">Container.NextViewMode</property>
					<visible>Control.IsVisible(522)</visible>
				</item>
				<item>
					<onclick>SetFocus(523)</onclick>
					<label>‹ $LOCALIZE[31523] ›</label>
					<label2>$LOCALIZE[31105] | $LOCALIZE[31523]</label2>
					<property name="ActionLeft">Container.PreviousViewMode</property>
					<property name="ActionRight">Container.NextViewMode</property>
					<visible>Control.IsVisible(523)</visible>
				</item>
				<item>
					<onclick>SetFocus(530)</onclick>
					<label>‹ $LOCALIZE[31530] ›</label>
					<label2>$LOCALIZE[31105] | $LOCALIZE[31530]</label2>
					<property name="ActionLeft">Container.PreviousViewMode</property>
					<property name="ActionRight">Container.NextViewMode</property>
					<visible>Control.IsVisible(530)</visible>
				</item>
				<item>
					<onclick>SetFocus(531)</onclick>
					<label>‹ $LOCALIZE[31531] ›</label>
					<label2>$LOCALIZE[31105] | $LOCALIZE[31531]</label2>
					<property name="ActionLeft">Container.PreviousViewMode</property>
					<property name="ActionRight">Container.NextViewMode</property>
					<visible>Control.IsVisible(531)</visible>
				</item>
				<item>
					<onclick>SetFocus(532)</onclick>
					<label>‹ $LOCALIZE[31532] ›</label>
					<label2>$LOCALIZE[31105] | $LOCALIZE[31532]</label2>
					<property name="ActionLeft">Container.PreviousViewMode</property>
					<property name="ActionRight">Container.NextViewMode</property>
					<visible>Control.IsVisible(532)</visible>
				</item>
				<item>
					<onclick>SetFocus(533)</onclick>
					<label>‹ $LOCALIZE[31533] ›</label>
					<label2>$LOCALIZE[31105] | $LOCALIZE[31533]</label2>
					<property name="ActionLeft">Container.PreviousViewMode</property>
					<property name="ActionRight">Container.NextViewMode</property>
					<visible>Control.IsVisible(533)</visible>
				</item>
				<item>
					<onclick>SetFocus(534)</onclick>
					<label>‹ $LOCALIZE[31534] ›</label>
					<label2>$LOCALIZE[31105] | $LOCALIZE[31534]</label2>
					<property name="ActionLeft">Container.PreviousViewMode</property>
					<property name="ActionRight">Container.NextViewMode</property>
					<visible>Control.IsVisible(534)</visible>
				</item>
				<!-- Sort -->
				<item>
					<onclick>SetFocus(50)</onclick>
					<label>‹ $LOCALIZE[551] ›</label>
					<label2>$LOCALIZE[31106] | $LOCALIZE[551]</label2>
					<property name="ActionLeft">Container.PreviousSortMethod</property>
					<property name="ActionRight">Container.NextSortMethod</property>
					<visible>Control.IsEnabled(3) + String.Contains(Container.SortMethod,$LOCALIZE[551])</visible>
				</item>
				<item>
					<onclick>SetFocus(50)</onclick>
					<label>‹ $LOCALIZE[552] ›</label>
					<label2>$LOCALIZE[31106] | $LOCALIZE[552]</label2>
					<property name="ActionLeft">Container.PreviousSortMethod</property>
					<property name="ActionRight">Container.NextSortMethod</property>
					<visible>Control.IsEnabled(3) + String.Contains(Container.SortMethod,$LOCALIZE[552])</visible>
				</item>
				<item>
					<onclick>SetFocus(50)</onclick>
					<label>‹ $LOCALIZE[553] ›</label>
					<label2>$LOCALIZE[31106] | $LOCALIZE[553]</label2>
					<property name="ActionLeft">Container.PreviousSortMethod</property>
					<property name="ActionRight">Container.NextSortMethod</property>
					<visible>Control.IsEnabled(3) + String.Contains(Container.SortMethod,$LOCALIZE[553])</visible>
				</item>
				<item>
					<onclick>SetFocus(50)</onclick>
					<label>‹ $LOCALIZE[623] ›</label>
					<label2>$LOCALIZE[31106] | $LOCALIZE[623]</label2>
					<property name="ActionLeft">Container.PreviousSortMethod</property>
					<property name="ActionRight">Container.NextSortMethod</property>
					<visible>Control.IsEnabled(3) + String.Contains(Container.SortMethod,$LOCALIZE[623])</visible>
				</item>
				<item>
					<onclick>SetFocus(50)</onclick>
					<label>‹ $LOCALIZE[564] ›</label>
					<label2>$LOCALIZE[31106] | $LOCALIZE[564]</label2>
					<property name="ActionLeft">Container.PreviousSortMethod</property>
					<property name="ActionRight">Container.NextSortMethod</property>
					<visible>Control.IsEnabled(3) + String.Contains(Container.SortMethod,$LOCALIZE[564])</visible>
				</item>
				<item>
					<onclick>SetFocus(50)</onclick>
					<label>‹ $LOCALIZE[554] ›</label>
					<label2>$LOCALIZE[31106] | $LOCALIZE[554]</label2>
					<property name="ActionLeft">Container.PreviousSortMethod</property>
					<property name="ActionRight">Container.NextSortMethod</property>
					<visible>Control.IsEnabled(3) + String.Contains(Container.SortMethod,$LOCALIZE[554])</visible>
				</item>
				<item>
					<onclick>SetFocus(50)</onclick>
					<label>‹ $LOCALIZE[20359] ›</label>
					<label2>$LOCALIZE[31106] | $LOCALIZE[20359]</label2>
					<property name="ActionLeft">Container.PreviousSortMethod</property>
					<property name="ActionRight">Container.NextSortMethod</property>
					<visible>Control.IsEnabled(3) + String.Contains(Container.SortMethod,$LOCALIZE[20359])</visible>
				</item>
				<item>
					<onclick>SetFocus(50)</onclick>
					<label>‹ $LOCALIZE[180] ›</label>
					<label2>$LOCALIZE[31106] | $LOCALIZE[180]</label2>
					<property name="ActionLeft">Container.PreviousSortMethod</property>
					<property name="ActionRight">Container.NextSortMethod</property>
					<visible>Control.IsEnabled(3) + String.Contains(Container.SortMethod,$LOCALIZE[180])</visible>
				</item>
				<item>
					<onclick>SetFocus(50)</onclick>
					<label>‹ $LOCALIZE[556] ›</label>
					<label2>$LOCALIZE[31106] | $LOCALIZE[556]</label2>
					<property name="ActionLeft">Container.PreviousSortMethod</property>
					<property name="ActionRight">Container.NextSortMethod</property>
					<visible>Control.IsEnabled(3) + String.Contains(Container.SortMethod,$LOCALIZE[556])</visible>
				</item>
				<item>
					<onclick>SetFocus(50)</onclick>
					<label>‹ $LOCALIZE[557] ›</label>
					<label2>$LOCALIZE[31106] | $LOCALIZE[557]</label2>
					<property name="ActionLeft">Container.PreviousSortMethod</property>
					<property name="ActionRight">Container.NextSortMethod</property>
					<visible>Control.IsEnabled(3) + String.Contains(Container.SortMethod,$LOCALIZE[557])</visible>
				</item>
				<item>
					<onclick>SetFocus(50)</onclick>
					<label>‹ $LOCALIZE[558] ›</label>
					<label2>$LOCALIZE[31106] | $LOCALIZE[558]</label2>
					<property name="ActionLeft">Container.PreviousSortMethod</property>
					<property name="ActionRight">Container.NextSortMethod</property>
					<visible>Control.IsEnabled(3) + String.Contains(Container.SortMethod,$LOCALIZE[558])</visible>
				</item>
				<item>
					<onclick>SetFocus(50)</onclick>
					<label>‹ $LOCALIZE[515] ›</label>
					<label2>$LOCALIZE[31106] | $LOCALIZE[515]</label2>
					<property name="ActionLeft">Container.PreviousSortMethod</property>
					<property name="ActionRight">Container.NextSortMethod</property>
					<visible>Control.IsEnabled(3) + String.Contains(Container.SortMethod,$LOCALIZE[515])</visible>
				</item>
				<item>
					<onclick>SetFocus(50)</onclick>
					<label>‹ $LOCALIZE[574] ›</label>
					<label2>$LOCALIZE[31106] | $LOCALIZE[574]</label2>
					<property name="ActionLeft">Container.PreviousSortMethod</property>
					<property name="ActionRight">Container.NextSortMethod</property>
					<visible>Control.IsEnabled(3) + String.Contains(Container.SortMethod,$LOCALIZE[574])</visible>
				</item>
				<item>
					<onclick>SetFocus(50)</onclick>
					<label>‹ $LOCALIZE[570] ›</label>
					<label2>$LOCALIZE[31106] | $LOCALIZE[570]</label2>
					<property name="ActionLeft">Container.PreviousSortMethod</property>
					<property name="ActionRight">Container.NextSortMethod</property>
					<visible>Control.IsEnabled(3) + String.Contains(Container.SortMethod,$LOCALIZE[570])</visible>
				</item>
				<item>
					<onclick>SetFocus(50)</onclick>
					<label>‹ $LOCALIZE[561] ›</label>
					<label2>$LOCALIZE[31106] | $LOCALIZE[561]</label2>
					<property name="ActionLeft">Container.PreviousSortMethod</property>
					<property name="ActionRight">Container.NextSortMethod</property>
					<visible>Control.IsEnabled(3) + String.Contains(Container.SortMethod,$LOCALIZE[561])</visible>
				</item>
				<item>
					<onclick>SetFocus(50)</onclick>
					<label>‹ $LOCALIZE[563] ›</label>
					<label2>$LOCALIZE[31106] | $LOCALIZE[563]</label2>
					<property name="ActionLeft">Container.PreviousSortMethod</property>
					<property name="ActionRight">Container.NextSortMethod</property>
					<visible>Control.IsEnabled(3) + String.Contains(Container.SortMethod,$LOCALIZE[563])</visible>
				</item>
				<item>
					<onclick>SetFocus(50)</onclick>
					<label>‹ $LOCALIZE[38018] ›</label>
					<label2>$LOCALIZE[31106] | $LOCALIZE[38018]</label2>
					<property name="ActionLeft">Container.PreviousSortMethod</property>
					<property name="ActionRight">Container.NextSortMethod</property>
					<visible>Control.IsEnabled(3) + String.Contains(Container.SortMethod,$LOCALIZE[38018])</visible>
				</item>
				<item>
					<onclick>SetFocus(50)</onclick>
					<label>‹ $LOCALIZE[171] ›</label>
					<label2>$LOCALIZE[31106] | $LOCALIZE[171]</label2>
					<property name="ActionLeft">Container.PreviousSortMethod</property>
					<property name="ActionRight">Container.NextSortMethod</property>
					<visible>Control.IsEnabled(3) + String.Contains(Container.SortMethod,$LOCALIZE[171])</visible>
				</item>
				<item>
					<onclick>SetFocus(50)</onclick>
					<label>‹ $LOCALIZE[562] ›</label>
					<label2>$LOCALIZE[31106] | $LOCALIZE[562]</label2>
					<property name="ActionLeft">Container.PreviousSortMethod</property>
					<property name="ActionRight">Container.NextSortMethod</property>
					<visible>Control.IsEnabled(3) + String.Contains(Container.SortMethod,$LOCALIZE[562])</visible>
				</item>
				<item>
					<onclick>SetFocus(50)</onclick>
					<label>‹ $LOCALIZE[20368] ›</label>
					<label2>$LOCALIZE[31106] | $LOCALIZE[20368]</label2>
					<property name="ActionLeft">Container.PreviousSortMethod</property>
					<property name="ActionRight">Container.NextSortMethod</property>
					<visible>Control.IsEnabled(3) + String.Contains(Container.SortMethod,$LOCALIZE[20368])</visible>
				</item>
				<item>
					<onclick>SetFocus(50)</onclick>
					<label>‹ $LOCALIZE[567] ›</label>
					<label2>$LOCALIZE[31106] | $LOCALIZE[567]</label2>
					<property name="ActionLeft">Container.PreviousSortMethod</property>
					<property name="ActionRight">Container.NextSortMethod</property>
					<visible>Control.IsEnabled(3) + String.Contains(Container.SortMethod,$LOCALIZE[567])</visible>
				</item>
				<item>
					<onclick>SetFocus(50)</onclick>
					<label>‹ $LOCALIZE[559] ›</label>
					<label2>$LOCALIZE[31106] | $LOCALIZE[559]</label2>
					<property name="ActionLeft">Container.PreviousSortMethod</property>
					<property name="ActionRight">Container.NextSortMethod</property>
					<visible>Control.IsEnabled(3) + String.Contains(Container.SortMethod,$LOCALIZE[559])</visible>
				</item>
				<item>
					<onclick>SetFocus(50)</onclick>
					<label>‹ $LOCALIZE[20074] ›</label>
					<label2>$LOCALIZE[31106] | $LOCALIZE[20074]</label2>
					<property name="ActionLeft">Container.PreviousSortMethod</property>
					<property name="ActionRight">Container.NextSortMethod</property>
					<visible>Control.IsEnabled(3) + String.Contains(Container.SortMethod,$LOCALIZE[20074])</visible>
				</item>
				<item>
					<onclick>SetFocus(50)</onclick>
					<label>‹ $LOCALIZE[572] ›</label>
					<label2>$LOCALIZE[31106] | $LOCALIZE[572]</label2>
					<property name="ActionLeft">Container.PreviousSortMethod</property>
					<property name="ActionRight">Container.NextSortMethod</property>
					<visible>Control.IsEnabled(3) + String.Contains(Container.SortMethod,$LOCALIZE[572])</visible>
				</item>
				<item>
					<onclick>SetFocus(50)</onclick>
					<label>‹ $LOCALIZE[573] ›</label>
					<label2>$LOCALIZE[31106] | $LOCALIZE[573]</label2>
					<property name="ActionLeft">Container.PreviousSortMethod</property>
					<property name="ActionRight">Container.NextSortMethod</property>
					<visible>Control.IsEnabled(3) + String.Contains(Container.SortMethod,$LOCALIZE[573])</visible>
				</item>
				<item>
					<onclick>SetFocus(50)</onclick>
					<label>‹ $LOCALIZE[568] ›</label>
					<label2>$LOCALIZE[31106] | $LOCALIZE[568]</label2>
					<property name="ActionLeft">Container.PreviousSortMethod</property>
					<property name="ActionRight">Container.NextSortMethod</property>
					<visible>Control.IsEnabled(3) + String.Contains(Container.SortMethod,$LOCALIZE[568])</visible>
				</item>
				<item>
					<onclick>SetFocus(50)</onclick>
					<label>‹ $LOCALIZE[20455] ›</label>
					<label2>$LOCALIZE[31106] | $LOCALIZE[20455]</label2>
					<property name="ActionLeft">Container.PreviousSortMethod</property>
					<property name="ActionRight">Container.NextSortMethod</property>
					<visible>Control.IsEnabled(3) + String.Contains(Container.SortMethod,$LOCALIZE[20455])</visible>
				</item>
				<item>
					<onclick>SetFocus(50)</onclick>
					<label>‹ $LOCALIZE[19029] ›</label>
					<label2>$LOCALIZE[31106] | $LOCALIZE[19029]</label2>
					<property name="ActionLeft">Container.PreviousSortMethod</property>
					<property name="ActionRight">Container.NextSortMethod</property>
					<visible>Control.IsEnabled(3) + String.Contains(Container.SortMethod,$LOCALIZE[19029])</visible>
				</item>
				<item>
					<onclick>SetFocus(50)</onclick>
					<label>‹ $LOCALIZE[549] ›</label>
					<label2>$LOCALIZE[31106] | $LOCALIZE[549]</label2>
					<property name="ActionLeft">Container.PreviousSortMethod</property>
					<property name="ActionRight">Container.NextSortMethod</property>
					<visible>Control.IsEnabled(3) + String.Contains(Container.SortMethod,$LOCALIZE[549])</visible>
				</item>
				<item>
					<onclick>SetFocus(50)</onclick>
					<label>‹ $LOCALIZE[577] ›</label>
					<label2>$LOCALIZE[31106] | $LOCALIZE[577]</label2>
					<property name="ActionLeft">Container.PreviousSortMethod</property>
					<property name="ActionRight">Container.NextSortMethod</property>
					<visible>Control.IsEnabled(3) + String.Contains(Container.SortMethod,$LOCALIZE[577])</visible>
				</item>
				<item>
					<onclick>SetFocus(50)</onclick>
					<label>‹ $LOCALIZE[16018] ›</label>
					<label2>$LOCALIZE[31106] | $LOCALIZE[16018]</label2>
					<property name="ActionLeft">Container.PreviousSortMethod</property>
					<property name="ActionRight">Container.NextSortMethod</property>
					<visible>Control.IsEnabled(3) + String.Contains(Container.SortMethod,$LOCALIZE[16018])</visible>
				</item>
				<item>
					<onclick>SetFocus(50)</onclick>
					<label>‹ $LOCALIZE[205] ›</label>
					<label2>$LOCALIZE[31106] | $LOCALIZE[205]</label2>
					<property name="ActionLeft">Container.PreviousSortMethod</property>
					<property name="ActionRight">Container.NextSortMethod</property>
					<visible>Control.IsEnabled(3) + String.Contains(Container.SortMethod,$LOCALIZE[205])</visible>
				</item>
				<item>
					<onclick>SetFocus(50)</onclick>
					<label>‹ $LOCALIZE[13409] ›</label>
					<label2>$LOCALIZE[31106] | $LOCALIZE[13409]</label2>
					<property name="ActionLeft">Container.PreviousSortMethod</property>
					<property name="ActionRight">Container.NextSortMethod</property>
					<visible>Control.IsEnabled(3) + String.Contains(Container.SortMethod,$LOCALIZE[13409])</visible>
				</item>
				<item>
					<onclick>SetFocus(50)</onclick>
					<label>‹ $LOCALIZE[20364] ›</label>
					<label2>$LOCALIZE[31106] | $LOCALIZE[20364]</label2>
					<property name="ActionLeft">Container.PreviousSortMethod</property>
					<property name="ActionRight">Container.NextSortMethod</property>
					<visible>Control.IsEnabled(3) + String.Contains(Container.SortMethod,$LOCALIZE[20364])</visible>
				</item>
				<item>
					<onclick>SetFocus(50)</onclick>
					<label>‹ $LOCALIZE[126] ›</label>
					<label2>$LOCALIZE[31106] | $LOCALIZE[126]</label2>
					<property name="ActionLeft">Container.PreviousSortMethod</property>
					<property name="ActionRight">Container.NextSortMethod</property>
					<visible>Control.IsEnabled(3) + String.Contains(Container.SortMethod,$LOCALIZE[126])</visible>
				</item>
				<item>
					<onclick>SetFocus(50)</onclick>
					<label>‹ $LOCALIZE[20373] ›</label>
					<label2>$LOCALIZE[31106] | $LOCALIZE[20373]</label2>
					<property name="ActionLeft">Container.PreviousSortMethod</property>
					<property name="ActionRight">Container.NextSortMethod</property>
					<visible>Control.IsEnabled(3) + String.Contains(Container.SortMethod,$LOCALIZE[20373])</visible>
				</item>
				<item>
					<onclick>SetFocus(50)</onclick>
					<label>‹ $LOCALIZE[20360] ›</label>
					<label2>$LOCALIZE[31106] | $LOCALIZE[20360]</label2>
					<property name="ActionLeft">Container.PreviousSortMethod</property>
					<property name="ActionRight">Container.NextSortMethod</property>
					<visible>Control.IsEnabled(3) + String.Contains(Container.SortMethod,$LOCALIZE[20360])</visible>
				</item>
				<item>
					<onclick>SetFocus(50)</onclick>
					<label>‹ $LOCALIZE[21441] ›</label>
					<label2>$LOCALIZE[31106] | $LOCALIZE[21441]</label2>
					<property name="ActionLeft">Container.PreviousSortMethod</property>
					<property name="ActionRight">Container.NextSortMethod</property>
					<visible>Control.IsEnabled(3) + String.Contains(Container.SortMethod,$LOCALIZE[21441])</visible>
				</item>
				<item>
					<onclick>SetFocus(50)</onclick>
					<label>‹ $LOCALIZE[21443] ›</label>
					<label2>$LOCALIZE[31106] | $LOCALIZE[21443]</label2>
					<property name="ActionLeft">Container.PreviousSortMethod</property>
					<property name="ActionRight">Container.NextSortMethod</property>
					<visible>Control.IsEnabled(3) + String.Contains(Container.SortMethod,$LOCALIZE[21443])</visible>
				</item>
				<item>
					<onclick>SetFocus(50)</onclick>
					<label>‹ $LOCALIZE[21445] ›</label>
					<label2>$LOCALIZE[31106] | $LOCALIZE[21445]</label2>
					<property name="ActionLeft">Container.PreviousSortMethod</property>
					<property name="ActionRight">Container.NextSortMethod</property>
					<visible>Control.IsEnabled(3) + String.Contains(Container.SortMethod,$LOCALIZE[21445])</visible>
				</item>
				<item>
					<onclick>SetFocus(50)</onclick>
					<label>‹ $LOCALIZE[21374] ›</label>
					<label2>$LOCALIZE[31106] | $LOCALIZE[21374]</label2>
					<property name="ActionLeft">Container.PreviousSortMethod</property>
					<property name="ActionRight">Container.NextSortMethod</property>
					<visible>Control.IsEnabled(3) + String.Contains(Container.SortMethod,$LOCALIZE[21374])</visible>
				</item>
				<item>
					<onclick>SetFocus(50)</onclick>
					<label>‹ $LOCALIZE[21444] ›</label>
					<label2>$LOCALIZE[31106] | $LOCALIZE[21444]</label2>
					<property name="ActionLeft">Container.PreviousSortMethod</property>
					<property name="ActionRight">Container.NextSortMethod</property>
					<visible>Control.IsEnabled(3) + String.Contains(Container.SortMethod,$LOCALIZE[21444])</visible>
				</item>
				<item>
					<onclick>SetFocus(50)</onclick>
					<label>‹ $LOCALIZE[21446] ›</label>
					<label2>$LOCALIZE[31106] | $LOCALIZE[21446]</label2>
					<property name="ActionLeft">Container.PreviousSortMethod</property>
					<property name="ActionRight">Container.NextSortMethod</property>
					<visible>Control.IsEnabled(3) + String.Contains(Container.SortMethod,$LOCALIZE[21446])</visible>
				</item>
				<item>
					<onclick>SetFocus(50)</onclick>
					<label>‹ $LOCALIZE[21447] ›</label>
					<label2>$LOCALIZE[31106] | $LOCALIZE[21447]</label2>
					<property name="ActionLeft">Container.PreviousSortMethod</property>
					<property name="ActionRight">Container.NextSortMethod</property>
					<visible>Control.IsEnabled(3) + String.Contains(Container.SortMethod,$LOCALIZE[21447])</visible>
				</item>
				<item>
					<onclick>SetFocus(50)</onclick>
					<label>‹ $LOCALIZE[21448] ›</label>
					<label2>$LOCALIZE[31106] | $LOCALIZE[21448]</label2>
					<property name="ActionLeft">Container.PreviousSortMethod</property>
					<property name="ActionRight">Container.NextSortMethod</property>
					<visible>Control.IsEnabled(3) + String.Contains(Container.SortMethod,$LOCALIZE[21448])</visible>
				</item>
				<item>
					<onclick>SetFocus(50)</onclick>
					<label>‹ $LOCALIZE[590] ›</label>
					<label2>$LOCALIZE[31106] | $LOCALIZE[590]</label2>
					<property name="ActionLeft">Container.PreviousSortMethod</property>
					<property name="ActionRight">Container.NextSortMethod</property>
					<visible>Control.IsEnabled(3) + String.Contains(Container.SortMethod,$LOCALIZE[590])</visible>
				</item>
				<!-- Order -->
				<item>
					<onclick>SetFocus(50)</onclick>
					<label>‹ $LOCALIZE[584] ›</label>
					<label2>$LOCALIZE[31107] | $LOCALIZE[584]</label2>
					<property name="ActionLeft">SendClick(4)</property>
					<property name="ActionRight">SendClick(4)</property>
					<visible>Control.IsEnabled(4) + Container.SortDirection(ascending)</visible>
				</item>
				<item>
					<onclick>SetFocus(50)</onclick>
					<label>‹ $LOCALIZE[585] ›</label>
					<label2>$LOCALIZE[31107] | $LOCALIZE[585]</label2>
					<property name="ActionLeft">SendClick(4)</property>
					<property name="ActionRight">SendClick(4)</property>
					<visible>Control.IsEnabled(4) + Container.SortDirection(descending)</visible>
				</item>
				<!-- Filter -->
				<item>
					<onclick>SetFocus(50)</onclick>
					<onclick condition="Container.CanFilter + !Container.CanFilterAdvanced">SetFocus(19)</onclick>
					<onclick condition="Container.CanFilter + !Container.CanFilterAdvanced">Select</onclick>
					<onclick condition="Container.CanFilter + !Container.CanFilterAdvanced">SetFocus(50)</onclick>
					<onclick condition="Container.CanFilterAdvanced">Filter</onclick>
					<label>587</label>
					<label2>587</label2>
					<visible>Container.CanFilter | Container.CanFilterAdvanced</visible>
				</item>
				<!-- Slideshow -->
				<item>
					<onclick condition="!ListItem.IsFolder + Control.IsEnabled(6)">SendClick(6)</onclick>
					<onclick condition="ListItem.IsFolder + Control.IsEnabled(7)">SendClick(7)</onclick>
					<label>108</label>
					<label2>108</label2>
					<visible>Control.IsEnabled(6) | Control.IsEnabled(7)</visible>
				</item>
				<!-- Randomize -->
				<item>
					<onclick>SetFocus(50)</onclick>
					<onclick condition="!ListItem.IsFolder + Control.IsEnabled(6)">SendClick(6)</onclick>
					<onclick condition="ListItem.IsFolder + Control.IsEnabled(7)">SendClick(7)</onclick>
					<label>‹ $LOCALIZE[16039] ›</label>
					<label2>$LOCALIZE[13319] | $LOCALIZE[16039]</label2>
					<property name="ActionLeft">SendClick(9)</property>
					<property name="ActionLeft2">Skin.SetString(PicturesRandom,on)</property>
					<property name="ActionRight">SendClick(9)</property>
					<property name="ActionRight2">Skin.SetString(PicturesRandom,on)</property>
					<visible>Control.IsEnabled(9) + SubString(Skin.String(PicturesRandom),off)</visible>
				</item>
				<item>
					<onclick>SetFocus(50)</onclick>
					<onclick condition="!ListItem.IsFolder + Control.IsEnabled(6)">SendClick(6)</onclick>
					<onclick condition="ListItem.IsFolder + Control.IsEnabled(7)">SendClick(7)</onclick>
					<label>‹ $LOCALIZE[16041] ›</label>
					<label2>$LOCALIZE[13319] | $LOCALIZE[16041]</label2>
					<property name="ActionLeft">SendClick(9)</property>
					<property name="ActionLeft2">Skin.SetString(PicturesRandom,off)</property>
					<property name="ActionRight">SendClick(9)</property>
					<property name="ActionRight2">Skin.SetString(PicturesRandom,off)</property>
					<visible>Control.IsEnabled(9) + SubString(Skin.String(PicturesRandom),on)</visible>
				</item>
			</content>
		</control>
		<!--> Logo <!-->
		<include>Logo</include>
	</controls>
</window>