<?xml version="1.0" encoding="UTF-8"?>
<window type="dialog">
	<!-- playercontrols -->
	<defaultcontrol always="true">1</defaultcontrol>
	<onload condition="Window.IsActive(9085)">Dialog.Close(all,true)</onload>
	<onload>AlarmClock(SetFocus,SetFocus(1),00:01,silent)</onload>
	<controls>

		<control type="image">
			<include>FullscreenDimensions</include>
			<texture colordiffuse="$VAR[BackgroundColor]">views/white_50.png</texture>
		</control>

		<control type="group">
			<visible>Container(1).HasFocus(1)</visible>
			<animation type="visible">
				<effect type="slide" start="0,-80" end="0" tween="Cubic" easing="out" time="200"/>
			</animation>
			<animation type="WindowOpen">
				<effect type="slide" start="0,-80" end="0" delay="900" tween="Cubic" easing="out" time="200"/>
			</animation>
			<control type="image">
				<left>50</left>
				<top>100</top>
				<width>500</width>
				<height>340</height>
				<texture colordiffuse="$VAR[BackgroundColor]" border="9">views/Card_bg_white.png</texture>
			</control>

			<control type="list" id="2">
				<description>Control Area</description>
				<left>50</left>
				<top>100</top>
				<width>500</width>
				<height>350</height>
				<onup>1</onup>
				<scrolltime tween="cubic" easing="out">500</scrolltime>
				<orientation>vertical</orientation>
				<itemlayout width="500" height="80">
					<control type="label">
						<left>40</left>
						<height>100</height>
						<font>Font-Condensed-S30-B</font>
						<align>left</align>
						<textcolor>$VAR[UnFocusedColor]</textcolor>
						<label>$INFO[ListItem.Label]</label> 
					</control>
				</itemlayout>
				<focusedlayout width="500" height="80">
					<control type="image">
						<height>100</height>
						<texture colordiffuse="$VAR[SecondaryColor]" border="9">views/Card_bg_white.png</texture>
						<visible>Control.HasFocus(2)</visible>
					</control>
					<control type="label">
						<left>40</left>
						<height>100</height>
						<font>Font-Condensed-S30-B</font>
						<align>left</align>
						<textcolor>$VAR[UnFocusedColor]</textcolor>
						<label>$INFO[ListItem.Label]</label> 
						<visible>!Control.HasFocus(2)</visible>
					</control>
					<control type="label">
						<left>40</left>
						<height>100</height>
						<font>Font-Condensed-S30-B</font>
						<align>left</align>
						<textcolor>$VAR[TextColor]</textcolor>
						<label>$INFO[ListItem.Label]</label> 
						<visible>Control.HasFocus(2)</visible>
					</control>
				</focusedlayout>
				<content>
					<item>
						<label>$LOCALIZE[31058] $INFO[Skin.String(snapname)]</label>
						<onclick>Dialog.Close(all,true)</onclick>
						<onclick>ActivateWindow($INFO[Skin.String(snapwindow)])</onclick>
						<onclick>$INFO[Skin.String(snapwindow)]</onclick>
						<thumb>dialogs/charms/charm_home.png</thumb>
					</item>
					<item>
						<label>$LOCALIZE[3]</label>
						<onclick>Dialog.Close(all,true)</onclick>
						<onclick>ActivateWindow(1109)</onclick>
						<thumb>home/tv.png</thumb>
					</item>
					<item>
						<label>$LOCALIZE[2]</label>
						<onclick>Dialog.Close(all,true)</onclick>
						<onclick>ActivateWindow(1108)</onclick>
						<thumb>home/music.png</thumb>
					</item>
					<item>
						<label>$LOCALIZE[5]</label>
						<onclick>Dialog.Close(all,true)</onclick>
						<onclick>ActivateWindow(Settings)</onclick>
					</item>
				</content>
			</control>
		</control>

		<control type="group">
			<visible>Container(1).HasFocus(2)</visible>
			<animation type="visible">
				<effect type="slide" start="0,-80" end="0" tween="Cubic" easing="out" time="200"/>
			</animation>
			<animation type="WindowOpen">
				<effect type="slide" start="0,-80" end="0" delay="900" tween="Cubic" easing="out" time="200"/>
			</animation>
			<control type="image">
				<left>260</left>
				<top>100</top>
				<width>500</width>
				<height>340</height>
				<texture colordiffuse="$VAR[BackgroundColor]" border="9">views/Card_bg_white.png</texture>
			</control>

			<control type="list" id="4">
				<description>Control Area</description>
				<left>260</left>
				<top>100</top>
				<width>500</width>
				<height>350</height>
				<onup>1</onup>
				<scrolltime tween="cubic" easing="out">500</scrolltime>
				<orientation>vertical</orientation>
				<itemlayout width="500" height="80">
					<control type="label">
						<left>40</left>
						<height>100</height>
						<font>Font-Condensed-S30-B</font>
						<align>left</align>
						<textcolor>$VAR[UnFocusedColor]</textcolor>
						<label>$INFO[ListItem.Label]</label> 
					</control>
				</itemlayout>
				<focusedlayout width="500" height="80">
					<control type="image">
						<height>100</height>
						<texture colordiffuse="$VAR[SecondaryColor]" border="9">views/Card_bg_white.png</texture>
						<visible>Control.HasFocus(4)</visible>
					</control>
					<control type="label">
						<left>40</left>
						<height>100</height>
						<font>Font-Condensed-S30-B</font>
						<align>left</align>
						<textcolor>$VAR[UnFocusedColor]</textcolor>
						<label>$INFO[ListItem.Label]</label> 
						<visible>!Control.HasFocus(4)</visible>
					</control>
					<control type="label">
						<left>40</left>
						<height>100</height>
						<font>Font-Condensed-S30-B</font>
						<align>left</align>
						<textcolor>$VAR[TextColor]</textcolor>
						<label>$INFO[ListItem.Label]</label> 
						<visible>Control.HasFocus(4)</visible>
					</control>
				</focusedlayout>
				<content>
					<item>
						<label>$LOCALIZE[31059]</label>
						<onclick>PlayerControl(Play)</onclick>
					</item>
					<item>
						<label>$LOCALIZE[209]</label>
						<onclick>PlayerControl(Next)</onclick>
					</item>
					<item>
						<label>$LOCALIZE[210]</label>
						<onclick>PlayerControl(Previous)</onclick>
					</item>
					<item>
						<label>$LOCALIZE[31060]</label>
						<onclick>PlayerControl(Stop)</onclick>
						<onclick>SetFocus(1)</onclick>
					</item>
				</content>
			</control>
		</control>

		<control type="group">
			<visible>Container(1).HasFocus(3)</visible>
			<animation type="Visible">
				<effect type="slide" start="0,-80" end="0" tween="Cubic" easing="out" time="200"/>
			</animation>
			<animation type="Conditional" condition="Player.HasMedia">
				<effect type="slide" start="0" end="210" time="0"/>
			</animation>
			<animation type="WindowOpen">
				<effect type="slide" start="0,-80" end="0" delay="900" tween="Cubic" easing="out" time="200"/>
			</animation>
			<control type="image">
				<left>260</left>
				<top>100</top>
				<width>500</width>
				<height>340</height>
				<texture colordiffuse="$VAR[BackgroundColor]" border="9">views/Card_bg_white.png</texture>
			</control>
			<control type="list" id="6">
				<left>260</left>
				<top>100</top>
				<width>500</width>
				<height>350</height>
				<onup>1</onup>
				<orientation>vertical</orientation>
				<itemlayout width="500" height="80">
					<control type="label">
						<left>40</left>
						<height>100</height>
						<font>Font-Condensed-S30-B</font>
						<align>left</align>
						<textcolor>$VAR[UnFocusedColor]</textcolor>
						<label>$INFO[ListItem.Label]</label> 
					</control>
				</itemlayout>
				<focusedlayout width="500" height="80">
					<control type="image">
						<height>100</height>
						<texture colordiffuse="$VAR[SecondaryColor]" border="9">views/Card_bg_white.png</texture>
						<visible>Control.HasFocus(6)</visible>
					</control>
					<control type="label">
						<left>40</left>
						<height>100</height>
						<font>Font-Condensed-S30-B</font>
						<align>left</align>
						<textcolor>$VAR[UnFocusedColor]</textcolor>
						<label>$INFO[ListItem.Label]</label> 
						<visible>!Control.HasFocus(6)</visible>
					</control>
					<control type="label">
						<left>40</left>
						<height>100</height>
						<font>Font-Condensed-S30-B</font>
						<align>left</align>
						<textcolor>$VAR[TextColor]</textcolor>
						<label>$INFO[ListItem.Label]</label> 
						<visible>Control.HasFocus(6)</visible>
					</control>
				</focusedlayout>
				<content>
					<item>
						<label>$LOCALIZE[13012]</label>
						<onclick>Dialog.Close(all,true)</onclick>
						<onclick>XBMC.Quit()</onclick>
					</item>
					<item>
						<label>$LOCALIZE[13016]</label>
						<onclick>Dialog.Close(all,true)</onclick>
						<onclick>XBMC.Powerdown()</onclick>
						<visible>System.CanPowerDown</visible>
					</item>
					<item>
						<label>$LOCALIZE[13011]</label>
						<onclick>Dialog.Close(all,true)</onclick>
						<onclick>XBMC.Suspend()</onclick>
						<visible>System.CanSuspend</visible>
					</item>
					<item>
						<label>$LOCALIZE[13010]</label>
						<onclick>Dialog.Close(all,true)</onclick>
						<onclick>XBMC.Hibernate()</onclick>
						<visible>System.CanHibernate</visible>
					</item>
					<item>
						<label>$LOCALIZE[20183]</label>
						<onclick>Dialog.Close(all,true)</onclick>
						<onclick>XBMC.ReloadSkin()</onclick>
					</item>
				</content>
			</control>
		</control>

		<control type="group">
			<animation type="WindowOpen">
				<effect type="slide" start="2000" end="0,0" center="100" tween="Cubic" easing="inout" time="1000"/>
			</animation>
			<control type="image">
				<left>50</left>
				<top>15</top>
				<width>95%</width>
				<height>100</height>
				<texture colordiffuse="$VAR[BackgroundColor]" border="9">views/Card_bg_white.png</texture>
			</control>

			<control type="list" id="1">
				<left>50</left>
				<top>15</top>
				<width>800</width>
				<height>100</height>
				<scrolltime>0</scrolltime>
				<viewtype>list</viewtype>
				<ondown condition="Container(1).HasFocus(1)">Control.SetFocus(2,0)</ondown>
				<ondown condition="Container(1).HasFocus(2)">Control.SetFocus(4,0)</ondown>
				<ondown condition="Container(1).HasFocus(3)">Control.SetFocus(6,0)</ondown>
				<defaultcontrol>1</defaultcontrol>
				<orientation>horizontal</orientation>
				<animation type="WindowOpen">
					<effect type="fade" start="0" end="100" delay="300" tween="Cubic" easing="inout" time="500"/>
				</animation>	
				<itemlayout width="210" height="100">
					<control type="image">
						<width>80</width>
						<height>100</height>
						<texture colordiffuse="$VAR[White]">$INFO[ListItem.Icon]</texture>
						<aspectratio>keep</aspectratio>
					</control>
					<control type="label">
						<left>90</left>
						<width>200</width>
						<height>100</height>
						<font>Tile</font>
						<align>left</align>
						<textcolor>$VAR[White]</textcolor>
						<label>$INFO[ListItem.Label]</label> 
					</control>
				</itemlayout>
				<focusedlayout width="210" height="100">
					<control type="image">
						<width>210</width>
						<height>100</height>
						<animation type="Focus">
							<effect type="zoom" center="auto" start="90" end="100" time="200" tween="cubic" easing="inout"/>
							<effect type="fade" center="auto" start="0" end="200" time="200" tween="cubic" easing="inout"/>
						</animation>
						<texture colordiffuse="$VAR[SecondaryColor]" border="9">views/Card_bg_white.png</texture>
					</control>
					<control type="image">
						<width>80</width>
						<height>100</height>
						<texture>$INFO[ListItem.Icon]</texture>
						<aspectratio>keep</aspectratio>
					</control>
					<control type="label">
						<left>90</left>
						<width>200</width>
						<height>100</height>
						<font>Tile</font>
						<align>left</align>
						<textcolor>$VAR[TextColor]</textcolor>
						<label>$INFO[ListItem.Label]</label> 
					</control>
				</focusedlayout>
				<content>
					<item id="1">
						<label>$LOCALIZE[10000]</label>
						<onclick>Dialog.Close(all,true)</onclick>
						<onclick>ActivateWindow(Home)</onclick>
						<thumb>dialogs/charms/charm_home.png</thumb>
					</item>
					<item id="2">
						<label>$LOCALIZE[35232]</label>
						<thumb>dialogs/charms/charm_video.png</thumb>
						<visible>Player.HasMedia</visible>
						<onclick>Dialog.Close(all,true)</onclick>
						<onclick>Fullscreen</onclick>
					</item>
					<item id="3">
						<label>$LOCALIZE[33060]</label>
						<thumb>dialogs/charms/charm_shutdown.png</thumb>
					</item>
				</content>
			</control>
		</control>

	<!--> Logo <!-->
	<include>Logo</include>
</controls>
</window>