<?xml version='1.0' encoding='UTF-8'?>
<includes>
	<include name="skinshortcuts-mainmenu">
		<item id="1">
			<property name="id">$NUMBER[1]</property>
			<label>Titles</label>
			<label2 />
			<icon>DefaultFolder.png</icon>
			<thumb />
			<property name="labelID">titles</property>
			<property name="defaultID">titles</property>
			<property name="translatedPath">ActivateWindow(Videos,library://video/movies/titles.xml/,return)</property>
			<property name="widget">Library</property>
			<property name="widgetName">Movies - Titles</property>
			<property name="widgetType">movies</property>
			<property name="widgetTarget">videos</property>
			<property name="widgetPath">library://video/movies/titles.xml/</property>
			<property name="widgetLayout">Landscape</property>
			<property name="widgetArt">fanart</property>
			<visible>Library.HasContent(Movies)</visible>
			<onclick>ActivateWindow(Videos,library://video/movies/titles.xml/,return)</onclick>
			<property name="path">ActivateWindow(Videos,library://video/movies/titles.xml/,return)</property>
			<property name="list">library://video/movies/titles.xml/</property>
			<visible>String.IsEqual(System.ProfileName,Master user)</visible>
			<property name="submenuVisibility">titles</property>
			<property name="group">mainmenu</property>
			<property name="hasSubmenu">False</property>
		</item>
		<item id="2">
			<property name="id">$NUMBER[2]</property>
			<label>$LOCALIZE[132]</label>
			<label2>item</label2>
			<icon>DefaultMusicAlbums.png</icon>
			<thumb />
			<property name="labelID">132</property>
			<property name="defaultID">132</property>
			<property name="translatedPath">ActivateWindow(music,library://music/albums.xml/,return)</property>
			<property name="widget">Library</property>
			<property name="widgetName">Albums</property>
			<property name="widgetType">albums</property>
			<property name="widgetTarget">music</property>
			<property name="widgetPath">library://music/albums.xml/</property>
			<property name="widgetLayout">Square</property>
			<property name="widgetArt">thumb</property>
			<visible>Library.HasContent(Music)</visible>
			<onclick>ActivateWindow(music,library://music/albums.xml/,return)</onclick>
			<property name="path">ActivateWindow(music,library://music/albums.xml/,return)</property>
			<property name="list">library://music/albums.xml/</property>
			<visible>String.IsEqual(System.ProfileName,Master user)</visible>
			<property name="submenuVisibility">num-132</property>
			<property name="group">mainmenu</property>
			<property name="hasSubmenu">True</property>
		</item>
		<item id="3">
			<property name="id">$NUMBER[3]</property>
			<label>Titles</label>
			<label2 />
			<icon>DefaultFolder.png</icon>
			<thumb />
			<property name="labelID">titles--0</property>
			<property name="defaultID">titles</property>
			<property name="translatedPath">ActivateWindow(Videos,library://video/tvshows/titles.xml/,return)</property>
			<property name="widget">Library</property>
			<property name="widgetName">TV shows - Titles</property>
			<property name="widgetType">tvshows</property>
			<property name="widgetTarget">videos</property>
			<property name="widgetPath">library://video/tvshows/titles.xml/</property>
			<property name="widgetLayout">Landscape</property>
			<property name="widgetArt">fanart</property>
			<visible>Library.HasContent(TVShows)</visible>
			<onclick>ActivateWindow(Videos,library://video/tvshows/titles.xml/,return)</onclick>
			<property name="path">ActivateWindow(Videos,library://video/tvshows/titles.xml/,return)</property>
			<property name="list">library://video/tvshows/titles.xml/</property>
			<visible>String.IsEqual(System.ProfileName,Master user)</visible>
			<property name="submenuVisibility">titles-0</property>
			<property name="group">mainmenu</property>
			<property name="hasSubmenu">False</property>
		</item>
		<item id="4">
			<property name="id">$NUMBER[4]</property>
			<label>Titles</label>
			<label2 />
			<icon>DefaultFolder.png</icon>
			<thumb />
			<property name="labelID">titles--1</property>
			<property name="defaultID">titles</property>
			<property name="translatedPath">ActivateWindow(Videos,library://video/movies/titles.xml/,return)</property>
			<property name="widget">Addon</property>
			<property name="widgetName">Netflix - New Releases</property>
			<property name="widgetType">movies</property>
			<property name="widgetTarget">videos</property>
			<property name="widgetPath">plugin://plugin.video.netflix/?action=video_list&amp;video_list_id=c27ff70d-e8fa-47cf-8851-fc01ea842307_20201730X32XX1543646282682&amp;type=newRelease&amp;reload=$INFO[Window(Home).Property(widgetreload)]</property>
			<property name="widgetLayout">Banner</property>
			<property name="widgetArt">fanart</property>
			<visible>Library.HasContent(Movies)</visible>
			<onclick>ActivateWindow(Videos,library://video/movies/titles.xml/,return)</onclick>
			<property name="path">ActivateWindow(Videos,library://video/movies/titles.xml/,return)</property>
			<property name="list">library://video/movies/titles.xml/</property>
			<visible>String.IsEqual(System.ProfileName,Master user)</visible>
			<property name="submenuVisibility">titles-1</property>
			<property name="group">mainmenu</property>
			<property name="hasSubmenu">False</property>
		</item>
	</include>
	<include />
	<include name="skinshortcuts-submenu">
		<item id="1">
			<property name="id">$NUMBER[1]</property>
			<property name="mainmenuid">2</property>
			<label>$LOCALIZE[744]</label>
			<label2>$ADDON[script.skinshortcuts 32019]</label2>
			<icon>DefaultFolder.png</icon>
			<thumb />
			<property name="labelID">744</property>
			<property name="defaultID">744</property>
			<onclick>ActivateWindow(Music,Files,Return)</onclick>
			<property name="path">ActivateWindow(Music,Files,Return)</property>
			<property name="list">Files</property>
			<visible>[String.IsEqual(System.ProfileName,Master user)] + String.IsEqual(Container(9000).ListItem.Property(submenuVisibility),num-132)</visible>
			<property name="group">132</property>
			<property name="isSubmenu">True</property>
		</item>
		<item id="2">
			<property name="id">$NUMBER[2]</property>
			<property name="mainmenuid">2</property>
			<label>$LOCALIZE[15100]</label>
			<label2>$ADDON[script.skinshortcuts 32019]</label2>
			<icon>DefaultFolder.png</icon>
			<thumb />
			<property name="labelID">15100</property>
			<property name="defaultID">15100</property>
			<onclick>ActivateWindow(Music,MusicLibrary,return)</onclick>
			<property name="path">ActivateWindow(Music,MusicLibrary,return)</property>
			<property name="list">MusicLibrary</property>
			<visible>[String.IsEqual(System.ProfileName,Master user)] + String.IsEqual(Container(9000).ListItem.Property(submenuVisibility),num-132)</visible>
			<property name="group">132</property>
			<property name="isSubmenu">True</property>
		</item>
		<item id="3">
			<property name="id">$NUMBER[3]</property>
			<property name="mainmenuid">2</property>
			<label>$LOCALIZE[1038]</label>
			<label2>$ADDON[script.skinshortcuts 32019]</label2>
			<icon>DefaultAddonMusic.png</icon>
			<thumb />
			<property name="labelID">1038</property>
			<property name="defaultID">1038</property>
			<onclick>ActivateWindow(Music,Addons,return)</onclick>
			<property name="path">ActivateWindow(Music,Addons,return)</property>
			<property name="list">Addons</property>
			<visible>[String.IsEqual(System.ProfileName,Master user)] + String.IsEqual(Container(9000).ListItem.Property(submenuVisibility),num-132)</visible>
			<property name="group">132</property>
			<property name="isSubmenu">True</property>
		</item>
	</include>
	<include name="skinshortcuts-group-titles">
		<description>No items</description>
	</include>
	<include name="skinshortcuts-group-alt-titles">
		<description>No items</description>
	</include>
	<include name="skinshortcuts-group-num-132">
		<item id="1">
			<property name="id">$NUMBER[1]</property>
			<property name="mainmenuid">2</property>
			<label>$LOCALIZE[744]</label>
			<label2>$ADDON[script.skinshortcuts 32019]</label2>
			<icon>DefaultFolder.png</icon>
			<thumb />
			<property name="labelID">744</property>
			<property name="defaultID">744</property>
			<onclick>ActivateWindow(Music,Files,Return)</onclick>
			<property name="path">ActivateWindow(Music,Files,Return)</property>
			<property name="list">Files</property>
			<visible>String.IsEqual(System.ProfileName,Master user)</visible>
			<property name="group">132</property>
			<property name="isSubmenu">True</property>
		</item>
		<item id="2">
			<property name="id">$NUMBER[2]</property>
			<property name="mainmenuid">2</property>
			<label>$LOCALIZE[15100]</label>
			<label2>$ADDON[script.skinshortcuts 32019]</label2>
			<icon>DefaultFolder.png</icon>
			<thumb />
			<property name="labelID">15100</property>
			<property name="defaultID">15100</property>
			<onclick>ActivateWindow(Music,MusicLibrary,return)</onclick>
			<property name="path">ActivateWindow(Music,MusicLibrary,return)</property>
			<property name="list">MusicLibrary</property>
			<visible>String.IsEqual(System.ProfileName,Master user)</visible>
			<property name="group">132</property>
			<property name="isSubmenu">True</property>
		</item>
		<item id="3">
			<property name="id">$NUMBER[3]</property>
			<property name="mainmenuid">2</property>
			<label>$LOCALIZE[1038]</label>
			<label2>$ADDON[script.skinshortcuts 32019]</label2>
			<icon>DefaultAddonMusic.png</icon>
			<thumb />
			<property name="labelID">1038</property>
			<property name="defaultID">1038</property>
			<onclick>ActivateWindow(Music,Addons,return)</onclick>
			<property name="path">ActivateWindow(Music,Addons,return)</property>
			<property name="list">Addons</property>
			<visible>String.IsEqual(System.ProfileName,Master user)</visible>
			<property name="group">132</property>
			<property name="isSubmenu">True</property>
		</item>
	</include>
	<include name="skinshortcuts-group-alt-num-132">
		<item id="1">
			<property name="id">$NUMBER[1]</property>
			<property name="mainmenuid">2</property>
			<label>$LOCALIZE[744]</label>
			<label2>$ADDON[script.skinshortcuts 32019]</label2>
			<icon>DefaultFolder.png</icon>
			<thumb />
			<property name="labelID">744</property>
			<property name="defaultID">744</property>
			<onclick>ActivateWindow(Music,Files,Return)</onclick>
			<property name="path">ActivateWindow(Music,Files,Return)</property>
			<property name="list">Files</property>
			<visible>[String.IsEqual(System.ProfileName,Master user)] + String.IsEqual(Window(10000).Property(submenuVisibility),num-132)</visible>
			<property name="group">132</property>
			<property name="isSubmenu">True</property>
		</item>
		<item id="2">
			<property name="id">$NUMBER[2]</property>
			<property name="mainmenuid">2</property>
			<label>$LOCALIZE[15100]</label>
			<label2>$ADDON[script.skinshortcuts 32019]</label2>
			<icon>DefaultFolder.png</icon>
			<thumb />
			<property name="labelID">15100</property>
			<property name="defaultID">15100</property>
			<onclick>ActivateWindow(Music,MusicLibrary,return)</onclick>
			<property name="path">ActivateWindow(Music,MusicLibrary,return)</property>
			<property name="list">MusicLibrary</property>
			<visible>[String.IsEqual(System.ProfileName,Master user)] + String.IsEqual(Window(10000).Property(submenuVisibility),num-132)</visible>
			<property name="group">132</property>
			<property name="isSubmenu">True</property>
		</item>
		<item id="3">
			<property name="id">$NUMBER[3]</property>
			<property name="mainmenuid">2</property>
			<label>$LOCALIZE[1038]</label>
			<label2>$ADDON[script.skinshortcuts 32019]</label2>
			<icon>DefaultAddonMusic.png</icon>
			<thumb />
			<property name="labelID">1038</property>
			<property name="defaultID">1038</property>
			<onclick>ActivateWindow(Music,Addons,return)</onclick>
			<property name="path">ActivateWindow(Music,Addons,return)</property>
			<property name="list">Addons</property>
			<visible>[String.IsEqual(System.ProfileName,Master user)] + String.IsEqual(Window(10000).Property(submenuVisibility),num-132)</visible>
			<property name="group">132</property>
			<property name="isSubmenu">True</property>
		</item>
	</include>
	<include name="skinshortcuts-group-titles-0">
		<description>No items</description>
	</include>
	<include name="skinshortcuts-group-alt-titles-0">
		<description>No items</description>
	</include>
	<include name="skinshortcuts-group-titles-1">
		<description>No items</description>
	</include>
	<include name="skinshortcuts-group-alt-titles-1">
		<description>No items</description>
	</include>
</includes>
