<?xml version="1.0" encoding="UTF-8"?>
<window>
	<!-- systeminfo -->
	<!-- SetFocus(500) -->
	<backgroundcolor>$VAR[SecondaryColor]</backgroundcolor>
	<defaultcontrol always="true">95</defaultcontrol>

	<controls>


		<!-- Clock -->
		<include>Clock2</include>
		
		<control type="group">
			<animation type="WindowOpen">
                <effect type="slide" start="200" end="0" tween="cubic" easing="out" time="650" />
                <effect type="fade" start="0" end="100" tween="sine" easing="inout" time="300" />
                <effect type="zoom" start="88" end="100" center="576,560" tween="cubic" easing="out" time="400" />
            </animation>
            <animation type="WindowClose">
                <effect type="fade" start="100" end="0" time="300" tween="sine" easing="out" />
                <effect type="zoom" start="100" end="85" time="300" center="960,600" tween="sine" easing="out" />
            </animation>
            <animation type="Visible">
                <effect type="fade" start="0" end="100" time="300" delay="300" tween="sine" easing="out" />
                <effect type="zoom" start="85" end="100" time="300" delay="300" center="960,600" tween="sine" easing="out" />
            </animation>
            <animation type="Hidden">
                <effect type="fade" start="100" end="0" time="300" tween="sine" easing="out" />
                <effect type="zoom" start="100" end="85" time="300" center="960,600" tween="sine" easing="out" />
            </animation>

			<!-- Main list -->
			<control type="grouplist" id="50">
				<description>Button Area</description>
				<centerleft>50%</centerleft>
				<centertop>20%</centertop>
				<width>90%</width>				
				<height>150</height>
				<itemgap>0</itemgap>
				<onup>50</onup>
				<ondown>500</ondown>
				<scrolltime tween="cubic" easing="out">500</scrolltime>
				<orientation>horizontal</orientation>

				<!-- Summary -->
				<control type="button" id="95">
					<label>20037</label>
					<width>250</width>
					<height>60</height>
					<font>Font33</font>
					<texturefocus colordiffuse="$VAR[BackgroundColor]">views/white_100.png</texturefocus>
					<texturenofocus colordiffuse="$VAR[SecondaryColor]">views/white_100.png</texturenofocus>
					<textcolor>$VAR[SettingButtonFade]</textcolor>
					<invalidcolor>$VAR[DisabledColor]</invalidcolor>
					<disabledcolor>$VAR[DisabledColor]</disabledcolor>
				</control>
				<!-- Storage -->
				<control type="togglebutton" id="94">
					<label>13277</label>
					<width>250</width>
					<height>60</height>
					<font>Font33</font>
					<texturefocus colordiffuse="$VAR[BackgroundColor]">views/white_100.png</texturefocus>
					<texturenofocus colordiffuse="$VAR[SecondaryColor]">views/white_100.png</texturenofocus>
					<textcolor>$VAR[SettingButtonFade]</textcolor>
					<invalidcolor>$VAR[DisabledColor]</invalidcolor>
					<disabledcolor>$VAR[DisabledColor]</disabledcolor>
				</control>
				<!-- Network -->
				<control type="button" id="96">
					<label>13279</label>
					<width>250</width>
					<height>60</height>
					<font>Font33</font>
					<texturefocus colordiffuse="$VAR[BackgroundColor]">views/white_100.png</texturefocus>
					<texturenofocus colordiffuse="$VAR[SecondaryColor]">views/white_100.png</texturenofocus>
					<textcolor>$VAR[SettingButtonFade]</textcolor>
					<invalidcolor>$VAR[DisabledColor]</invalidcolor>
					<disabledcolor>$VAR[DisabledColor]</disabledcolor>
				</control>
				<!-- Video -->
				<control type="button" id="97">
					<label>13280</label>
					<width>250</width>
					<height>60</height>
					<font>Font33</font>
					<texturefocus colordiffuse="$VAR[BackgroundColor]">views/white_100.png</texturefocus>
					<texturenofocus colordiffuse="$VAR[SecondaryColor]">views/white_100.png</texturenofocus>
					<textcolor>$VAR[SettingButtonFade]</textcolor>
					<invalidcolor>$VAR[DisabledColor]</invalidcolor>
					<disabledcolor>$VAR[DisabledColor]</disabledcolor>
				</control>
				<!-- Hardware -->
				<control type="button" id="98">
					<label>13281</label>
					<width>250</width>
					<height>60</height>
					<font>Font33</font>
					<texturefocus colordiffuse="$VAR[BackgroundColor]">views/white_100.png</texturefocus>
					<texturenofocus colordiffuse="$VAR[SecondaryColor]">views/white_100.png</texturenofocus>
					<textcolor>$VAR[SettingButtonFade]</textcolor>
					<invalidcolor>$VAR[DisabledColor]</invalidcolor>
					<disabledcolor>$VAR[DisabledColor]</disabledcolor>
				</control>
				<!-- PVR -->
				<control type="button" id="99">
					<label>19191</label>
					<width>250</width>
					<height>60</height>
					<font>Font33</font>
					<texturefocus colordiffuse="$VAR[BackgroundColor]">views/white_100.png</texturefocus>
					<texturenofocus colordiffuse="$VAR[SecondaryColor]">views/white_100.png</texturenofocus>
					<textcolor>$VAR[SettingButtonFade]</textcolor>
					<invalidcolor>$VAR[DisabledColor]</invalidcolor>
					<disabledcolor>$VAR[DisabledColor]</disabledcolor>
				</control>
			</control>

			<control type="image">
				<centerleft>50%</centerleft>
				<centertop>53%</centertop>
				<width>90%</width>				
				<height>70%</height>
				<texture colordiffuse="$VAR[BackgroundColor]">views/white_100.png</texture>
			</control>

			<!-- Default list -->
			<control type="grouplist" id="500">
				<description>Control Area</description>
				<posx>155</posx>
				<posy>220</posy>
				<width>1000</width>
				<height>66%</height>
				<itemgap>30</itemgap>
				<onup>50</onup>
				<ondown>500</ondown>
				<scrolltime tween="cubic" easing="out">500</scrolltime>
				<orientation>vertical</orientation>

				<control type="button" id="102">
					<height>77</height>
					<font>Font-Condensed-S30-B</font>
					<textoffsetx>45</textoffsetx>
					<textwidth>900</textwidth>
					<textcolor>$VAR[UnFocusedColor]</textcolor>
					<texturefocus colordiffuse="$VAR[SecondaryColor]">views/white_100.png</texturefocus>
					<texturenofocus colordiffuse="$VAR[BackgroundColor]">views/white_100.png</texturenofocus>
					<invalidcolor>$VAR[DisabledColor]</invalidcolor>
					<disabledcolor>$VAR[DisabledColor]</disabledcolor>
					<label>$INFO[Control.GetLabel(2)]</label>
					<visible>!String.IsEmpty(Control.GetLabel(2))</visible>
				</control>

				<control type="button" id="103">
					<height>77</height>
					<font>Font-Condensed-S30-B</font>
					<textoffsetx>45</textoffsetx>
					<textwidth>900</textwidth>
					<textcolor>$VAR[UnFocusedColor]</textcolor>
					<texturefocus colordiffuse="$VAR[SecondaryColor]">views/white_100.png</texturefocus>
					<texturenofocus colordiffuse="$VAR[BackgroundColor]">views/white_100.png</texturenofocus>
					<invalidcolor>$VAR[DisabledColor]</invalidcolor>
					<disabledcolor>$VAR[DisabledColor]</disabledcolor>
					<label>$INFO[Control.GetLabel(3)]</label>
					<visible>!String.IsEmpty(Control.GetLabel(3))</visible>
				</control>

				<control type="button" id="104">
					<height>77</height>
					<font>Font-Condensed-S30-B</font>
					<textoffsetx>45</textoffsetx>
					<textwidth>900</textwidth>
					<textcolor>$VAR[UnFocusedColor]</textcolor>
					<texturefocus colordiffuse="$VAR[SecondaryColor]">views/white_100.png</texturefocus>
					<texturenofocus colordiffuse="$VAR[BackgroundColor]">views/white_100.png</texturenofocus>
					<invalidcolor>$VAR[DisabledColor]</invalidcolor>
					<disabledcolor>$VAR[DisabledColor]</disabledcolor>
					<label>$INFO[Control.GetLabel(4)]</label>
					<visible>!String.IsEmpty(Control.GetLabel(4))</visible>
				</control>

				<control type="button" id="105">
					<height>77</height>
					<font>Font-Condensed-S30-B</font>
					<textoffsetx>45</textoffsetx>
					<textwidth>900</textwidth>
					<textcolor>$VAR[UnFocusedColor]</textcolor>
					<texturefocus colordiffuse="$VAR[SecondaryColor]">views/white_100.png</texturefocus>
					<texturenofocus colordiffuse="$VAR[BackgroundColor]">views/white_100.png</texturenofocus>
					<invalidcolor>$VAR[DisabledColor]</invalidcolor>
					<disabledcolor>$VAR[DisabledColor]</disabledcolor>
					<label>$INFO[Control.GetLabel(5)]</label>
					<visible>!String.IsEmpty(Control.GetLabel(5))</visible>
				</control>

				<control type="button" id="106">
					<height>77</height>
					<font>Font-Condensed-S30-B</font>
					<textoffsetx>45</textoffsetx>
					<textwidth>900</textwidth>
					<textcolor>$VAR[UnFocusedColor]</textcolor>
					<texturefocus colordiffuse="$VAR[SecondaryColor]">views/white_100.png</texturefocus>
					<texturenofocus colordiffuse="$VAR[BackgroundColor]">views/white_100.png</texturenofocus>
					<invalidcolor>$VAR[DisabledColor]</invalidcolor>
					<disabledcolor>$VAR[DisabledColor]</disabledcolor>
					<label>$INFO[Control.GetLabel(6)]</label>
					<visible>!String.IsEmpty(Control.GetLabel(6))</visible>
				</control>

				<control type="button" id="107">
					<height>77</height>
					<font>Font-Condensed-S30-B</font>
					<textoffsetx>45</textoffsetx>
					<textwidth>900</textwidth>
					<textcolor>$VAR[UnFocusedColor]</textcolor>
					<texturefocus colordiffuse="$VAR[SecondaryColor]">views/white_100.png</texturefocus>
					<texturenofocus colordiffuse="$VAR[BackgroundColor]">views/white_100.png</texturenofocus>
					<invalidcolor>$VAR[DisabledColor]</invalidcolor>
					<disabledcolor>$VAR[DisabledColor]</disabledcolor>
					<label>$INFO[Control.GetLabel(7)]</label>
					<visible>!String.IsEmpty(Control.GetLabel(7))</visible>
				</control>

				<control type="button" id="108">
					<height>77</height>
					<font>Font-Condensed-S30-B</font>
					<textoffsetx>45</textoffsetx>
					<textwidth>900</textwidth>
					<textcolor>$VAR[UnFocusedColor]</textcolor>
					<texturefocus colordiffuse="$VAR[SecondaryColor]">views/white_100.png</texturefocus>
					<texturenofocus colordiffuse="$VAR[BackgroundColor]">views/white_100.png</texturenofocus>
					<invalidcolor>$VAR[DisabledColor]</invalidcolor>
					<disabledcolor>$VAR[DisabledColor]</disabledcolor>
					<label>$INFO[Control.GetLabel(8)]</label>
					<visible>!String.IsEmpty(Control.GetLabel(8))</visible>
				</control>

				<control type="button" id="109">
					<height>77</height>
					<font>Font-Condensed-S30-B</font>
					<textoffsetx>45</textoffsetx>
					<textwidth>900</textwidth>
					<textcolor>$VAR[UnFocusedColor]</textcolor>
					<texturefocus colordiffuse="$VAR[SecondaryColor]">views/white_100.png</texturefocus>
					<texturenofocus colordiffuse="$VAR[BackgroundColor]">views/white_100.png</texturenofocus>
					<invalidcolor>$VAR[DisabledColor]</invalidcolor>
					<disabledcolor>$VAR[DisabledColor]</disabledcolor>
					<label>$INFO[Control.GetLabel(9)]</label>
					<visible>!String.IsEmpty(Control.GetLabel(9))</visible>
				</control>

				<control type="button" id="110">
					<height>77</height>
					<font>Font-Condensed-S30-B</font>
					<textoffsetx>45</textoffsetx>
					<textwidth>900</textwidth>
					<textcolor>$VAR[UnFocusedColor]</textcolor>
					<texturefocus colordiffuse="$VAR[SecondaryColor]">views/white_100.png</texturefocus>
					<texturenofocus colordiffuse="$VAR[BackgroundColor]">views/white_100.png</texturenofocus>
					<invalidcolor>$VAR[DisabledColor]</invalidcolor>
					<disabledcolor>$VAR[DisabledColor]</disabledcolor>
					<label>$INFO[Control.GetLabel(10)]</label>
					<visible>!String.IsEmpty(Control.GetLabel(10))</visible>
				</control>

				<control type="button" id="111">
					<height>77</height>
					<font>Font-Condensed-S30-B</font>
					<textoffsetx>45</textoffsetx>
					<textwidth>900</textwidth>
					<textcolor>$VAR[UnFocusedColor]</textcolor>
					<texturefocus colordiffuse="$VAR[SecondaryColor]">views/white_100.png</texturefocus>
					<texturenofocus colordiffuse="$VAR[BackgroundColor]">views/white_100.png</texturenofocus>
					<invalidcolor>$VAR[DisabledColor]</invalidcolor>
					<disabledcolor>$VAR[DisabledColor]</disabledcolor>
					<label>$INFO[Control.GetLabel(11)]</label>
					<visible>!String.IsEmpty(Control.GetLabel(11))</visible>
				</control>
			</control>

			<!-- XBMC info -->
			<control type="textbox">
				<left>1170</left>
				<posy>220</posy>
				<width>620</width>
				<height>60%</height>
				<textcolor>$VAR[UnFocusedColor]</textcolor>
				<label>$INFO[Control.GetLabel(52)][CR]$LOCALIZE[13271] $INFO[System.CPUUsage][CR]$LOCALIZE[31059] $INFO[system.memory(used.percent)]</label>
			</control>

			<!-- Hidden labels for grouplist 500 -->
			<control type="group">
				<top>-1000</top>
				<control type="label" id="2">
					<font>-</font>
				</control>
				<control type="label" id="3">
					<font>-</font>
				</control>
				<control type="label" id="4">
					<font>-</font>
				</control>
				<control type="label" id="5">
					<font>-</font>
				</control>
				<control type="label" id="6">
					<font>-</font>
				</control>
				<control type="label" id="7">
					<font>-</font>
				</control>
				<control type="label" id="8">
					<font>-</font>
				</control>
				<control type="label" id="9">
					<font>-</font>
				</control>
				<control type="label" id="10">
					<font>-</font>
				</control>
				<control type="label" id="11">
					<font>-</font>
				</control>
				<control type="label" id="52">
					<font>-</font>
				</control>
			</control>
		</control>

	</controls>
</window>
