<?xml version="1.0" encoding="UTF-8"?>
<includes>
	<include name="Viewtype_551_Netflix">		
		<control type="group">
			<visible>Control.IsVisible(551) + !Player.HasVideo</visible>
			<animation type="Conditional" condition="Control.HasFocus(9050)">
				<effect type="fade" start="2000" end="0,0" time="500" tween="cubic" easing="inout" />
			</animation>
			<!--> Vignette <!-->		
			<control type="image">
				<include>FullscreenDimensions</include>
				<aspectratio>stretch</aspectratio>
				<texture flipx="true" colordiffuse="$VAR[Black]">views\vignetteInfo_light.png</texture>
			</control>
	
			<control type="label">
				<left>50</left>
				<top>20</top>
				<width>90%</width>
				<height>70</height>
				<font>Med60</font>
				<align>left</align>
				<scroll>true</scroll>
				<textcolor>$VAR[White]</textcolor>
				<label>$VAR[ListLabelNF]</label> 
			</control>
			<control type="textbox">
				<left>50</left>
				<top>120</top>
				<width>1000</width>
				<height>300</height>
				<font>Light27</font>
				<label>$VAR[BillboardPlot]</label>
				<textcolor>$VAR[White]</textcolor>
			</control>
			<include>Flags</include>
			<control type="label">
				<left>50</left>
				<top>500</top>
				<width>90%</width>
				<height>70</height>
				<font>Tile</font>
				<align>left</align>
				<scroll>true</scroll>
				<textcolor>$VAR[SecondaryColor]</textcolor>
				<label>Runtime</label>
			</control>
			<control type="label">
				<left>200</left>
				<top>500</top>
				<width>90%</width>
				<height>70</height>
				<font>Tile</font>
				<align>left</align>
				<scroll>true</scroll>
				<textcolor>$VAR[White]</textcolor>
				<label>$INFO[ListItem.Duration]</label>
			</control>

			<control type="label">
				<left>50</left>
				<top>540</top>
				<width>90%</width>
				<height>70</height>
				<font>Tile</font>
				<align>left</align>
				<scroll>true</scroll>
				<textcolor>$VAR[SecondaryColor]</textcolor>
				<label>Premiered</label>
			</control>
			<control type="label">
				<left>200</left>
				<top>540</top>
				<width>90%</width>
				<height>70</height>
				<font>Tile</font>
				<align>left</align>
				<scroll>true</scroll>
				<textcolor>$VAR[White]</textcolor>
				<label>$INFO[ListItem.Premiered]</label>
			</control>
		</control>

		<control type="group">
			<visible>Control.IsVisible(551)</visible>
			<animation type="WindowClose">
				<effect type="slide" start="0" end="-1000" center="auto" tween="Cubic" easing="in" time="500"/>
				<!--><effect type="fade" start="0" end="100" time="200"/><!-->
			</animation>
			<animation type="Conditional" condition="Control.HasFocus(9050)">
				<effect type="slide" start="0" end="96,150" time="500" tween="cubic" easing="inout" />
				<effect type="zoom" start="100" end="90" time="500" tween="cubic" easing="inout" />
			</animation>
			<animation type="Conditional" condition="Player.HasVideo">
				<effect type="slide" start="0" end="96,150" time="500" tween="cubic" easing="inout" />
				<effect type="zoom" start="100" end="90" time="500" tween="cubic" easing="inout" />
			</animation>

			<control type="label">
				<centerleft>50%</centerleft>
				<centertop>53%</centertop>
				<width>100%</width>
				<height>70</height>
				<font>Med60</font>
				<align>center</align>
				<scroll>true</scroll>
				<textcolor>$VAR[TextColor]</textcolor>
				<label>$VAR[ListLabelNF]</label>
				<visible>Control.IsVisible(551) + Player.HasVideo</visible> 
			</control>

			<!-- List -->
			<control type="wraplist" id="551">
				<centerleft>50%</centerleft>
				<bottom>-600</bottom>
				<width>155%</width>
				<height>100%</height>
				<onleft>551</onleft>
				<onright>551</onright>
				<onup condition="Player.HasMedia">9050</onup>
				<ondown>60</ondown>
				<pagecontrol>60</pagecontrol>
				<preloaditems>2</preloaditems>
				<focusposition>1</focusposition>
				<orientation>horizontal</orientation>
				<viewtype label="31522">list</viewtype>
				<scrolltime tween="sine" easing="inout">360</scrolltime>
				<visible>String.Contains(Container.Content, episodes) | String.Contains(Container.FolderPath,plugin://plugin.video.netflix)</visible>
				<itemlayout width="560" height="410">
					<control type="group">
						<top>20</top>
						<left>20</left>
						<control type="image">
							<width>550</width>
							<height>310</height>
							<texture background="true" fallback="color_black.png">$INFO[ListItem.Icon]</texture>
							<aspectratio>scale</aspectratio>
						</control>
						<control type="label">
							<left>0</left>
							<bottom>30</bottom>
							<width>550</width>
							<height>66</height>
							<label>$INFO[ListItem.Label]</label>
							<font>Tile</font>
							<textcolor>$VAR[TextColor]</textcolor>
							<align>left</align>
							<aligny>center</aligny>
							<textoffsetx>20</textoffsetx>
							<scroll>false</scroll>
						</control>
						<control type="label">
							<left>0</left>
							<bottom>5</bottom>
							<width>550</width>
							<height>66</height>
							<label>$INFO[ListItem.Duration]</label>
							<font>Tile</font>
							<textcolor>$VAR[UnFocusedColor]</textcolor>
							<align>left</align>
							<aligny>center</aligny>
							<textoffsetx>20</textoffsetx>
							<scroll>false</scroll>
						</control>
					</control>
				</itemlayout>
				<focusedlayout width="560" height="410">
					<control type="group">
						<top>20</top>
						<left>20</left>
						<animation type="Focus">
							<effect type="zoom" center="auto" start="100" end="105" time="200"/>
						</animation>
						<animation type="UnFocus">
							<effect type="zoom" center="auto" start="105" end="100" time="200"/>
						</animation>
						<control type="image">
							<width>550</width>
							<height>380</height>
							<texture colordiffuse="FF000000">views/white_100.png</texture>
							<aspectratio>scale</aspectratio>
							<visible>Control.HasFocus(551)</visible>
						</control>
						<control type="image">
							<width>550</width>
							<height>380</height>
							<texture colordiffuse="$VAR[SecondaryColor]">views/white_100.png</texture>
							<aspectratio>scale</aspectratio>
							<visible>Control.HasFocus(551)</visible>
						</control>
						<control type="image">
							<width>550</width>
							<height>310</height>
							<texture background="true" fallback="color_black.png">$INFO[ListItem.Icon]</texture>
							<aspectratio>scale</aspectratio>
						</control>
						<control type="label">
							<left>0</left>
							<bottom>30</bottom>
							<width>550</width>
							<height>66</height>
							<label>$INFO[ListItem.Label]</label>
							<font>Tile</font>
							<textcolor>$VAR[TextColor]</textcolor>
							<align>left</align>
							<aligny>center</aligny>
							<textoffsetx>20</textoffsetx>
							<scroll>true</scroll>
						</control>
						<control type="label">
							<left>0</left>
							<bottom>5</bottom>
							<width>550</width>
							<height>66</height>
							<label>$INFO[ListItem.Duration]</label>
							<font>Tile</font>
							<textcolor>$VAR[UnFocusedColor]</textcolor>
							<align>left</align>
							<aligny>center</aligny>
							<textoffsetx>20</textoffsetx>
							<scroll>true</scroll>
						</control>
						<control type="image">
							<width>550</width>
							<height>310</height>
							<texture colordiffuse="$VAR[SecondaryColor]" border="11,43,43,11">$VAR[BorderImage]</texture>
						</control>
						<control type="image">
							<left>-30</left>
							<top>-35</top>
							<width>610</width>
							<height>450</height>
							<texture colordiffuse="$VAR[SecondaryColor]" border="40">fo.png</texture>
							<visible>Control.HasFocus(551)</visible>
						</control>
					</control>
				</focusedlayout>
			</control>
			
		</control>
	</include>
</includes>