<?xml version="1.0" encoding="utf-8"?>
<fonts>

	<fontset id="Default">

		<!-- Bold -->
		<font>
			<name>Bold100</name>
			<filename>RobotoCondensed-Bold.ttf</filename>
			<size>100</size>
		</font>
		<font>
			<name>Bold75</name>
			<filename>RobotoCondensed-Bold.ttf</filename>
			<size>75</size>
		</font>
		
		<!--> Header <!-->
		<font>
			<name>NetflixHeader</name>
			<filename>Roboto-Light.ttf</filename>
			<!--><filename>NetflixSans-Regular-Opt.ttf</filename><!-->
			<size>60</size>
		</font>
		<font>
			<name>Header</name>
			<filename>Roboto-Thin.ttf</filename>
			<size>40</size>
		</font>
		<font>
			<name>SubHeader</name>
			<filename>Roboto-Medium.ttf</filename>
			<size>25</size>
		</font>

		<!--> Apps <!-->
		<font>
			<name>Home</name>
			<filename>SegoeWP.ttf</filename>
			<size>40</size>
		</font>
		<font>
			<name>Tile</name>
			<filename>SegoeWP-SemiBold.ttf</filename>
			<size>22</size>
		</font>
		<font>
			<name>Tile2</name>
			<filename>SegoeWP-SemiBold.ttf</filename>
			<size>26</size>
		</font>
		<font>
			<name>Setting</name>
			<filename>SegoeWP-SemiBold.ttf</filename>
			<size>25</size>
		</font>

		<font>
			<name>Large</name>
			<filename>SegoeWP-SemiLight.ttf</filename>
			<size>40</size>
			<linespacing>0.65</linespacing>
		</font>

		<font>
			<name>LargeLogo</name>
			<filename>SegoeWP-SemiLight.ttf</filename>
			<size>60</size>
			<style>lighten</style>
			<linespacing>0.65</linespacing>
		</font>
		
		<font>
			<name>LargeLogoBold</name>
			<filename>SegoeWP-Bold.ttf</filename>
			<size>75</size>
			<linespacing>0.65</linespacing>
		</font>
		
		<!-- Now Playing -->
		<font>
			<name>MNPlayTit</name>
			<filename>SegoeWP-Semibold.ttf</filename>
			<size>24</size>
		</font>
		<font>
			<name>MNPlayArt</name>
			<filename>SegoeWP-Bold.ttf</filename>
			<size>20</size>
		</font>

		<!-- Monstercat -->
		<!-- FM -->
		<font>
			<name>McatA</name>
			<filename>Nexa Bold.ttf</filename>
			<style>uppercase</style>
			<size>60</size>
		</font>
		<font>
			<name>McatT</name>
			<filename>Nexa Light.ttf</filename>
     		<aspect>0.98</aspect>
			<style>uppercase</style>
			<size>40</size>
		</font>

		<!-- Call of The Wild -->
		<font>
			<name>McatAlCotw</name>
			<filename>Nexa Bold.ttf</filename>
			<style>uppercase</style>
			<size>22</size>
		</font>
		<font>
			<name>McatACotw</name>
			<filename>Nexa Bold.ttf</filename>
			<!-- <filename>Stem-Bold.ttf</filename> -->
     		<aspect>0.98</aspect>
			<style>uppercase</style>
			<size>85</size>
		</font>
		<font>
			<name>McatTCotw</name>
			<filename>Nexa Light.ttf</filename>
			<!-- <filename>Stem-Regular.ttf</filename> -->
			<style>uppercase</style>
     		<aspect>0.99</aspect>
			<size>54</size>
		</font>

		<font>
            <name>Font-Condensed-S25</name>
            <filename>OpenSansCond.ttf</filename>
            <size>45</size>
        </font>
        
		<!-- Regular -->
		<font>
			<name>Reg60</name>
			<filename>Roboto-Regular.ttf</filename>
			<size>60</size>
		</font>
		<font>
			<name>Reg48</name>
			<filename>Roboto-Regular.ttf</filename>
			<size>48</size>
		</font>
		<font>
			<name>Reg46</name>
			<filename>Roboto-Regular.ttf</filename>
			<size>46</size>
		</font>
		<font>
			<name>Reg35</name>
			<filename>Roboto-Medium.ttf</filename>
			<linespacing>1.3</linespacing>
			<size>35</size>
		</font>
		<font>
			<name>Reg30-Notification</name>
			<filename>Roboto-Medium.ttf</filename>
			<size>30</size>
		</font>
		<font>
			<name>Reg30</name>
			<filename>Roboto-Medium.ttf</filename>
			<linespacing>1.3</linespacing>
			<size>30</size>
		</font>
		<font>
			<name>Reg25</name>
			<filename>Roboto-Medium.ttf</filename>
			<size>25</size>
		</font>
		<font>
			<name>Reg20</name>
			<filename>Roboto-Medium.ttf</filename>
			<size>20</size>
		</font>
		<font>
			<name>Reg15</name>
			<filename>Roboto-Medium.ttf</filename>
			<size>15</size>
		</font>
		
		<!-- Medium -->
		<font>
			<name>Med60</name>
			<filename>Roboto-Medium.ttf</filename>
			<size>60</size>
		</font>
		<font>
			<name>Med60Upper</name>
			<filename>Roboto-Medium.ttf</filename>
			<style>uppercase</style>
			<size>60</size>
		</font>
		<font>
			<name>Med48</name>
			<filename>Roboto-Medium.ttf</filename>
			<size>48</size>
		</font>
		<font>
			<name>Med46</name>
			<filename>Roboto-Medium.ttf</filename>
			<size>46</size>
		</font>
		<font>
			<name>Med36</name>
			<filename>Roboto-Medium.ttf</filename>
			<size>36</size>
		</font>
		<font>
			<name>Med33</name>
			<filename>Roboto-Medium.ttf</filename>
			<size>33</size>
		</font>
		<font>
			<name>Med20</name>
			<filename>Roboto-Medium.ttf</filename>
			<size>20</size>
		</font>
		<font>
			<name>Med20Upper</name>
			<filename>Roboto-Medium.ttf</filename>
			<style>uppercase</style>
			<size>20</size>
		</font>
		<font>
			<name>Med16</name>
			<filename>Roboto-Medium.ttf</filename>
			<size>16</size>
		</font>

		<!-- Thin -->
		<font>
			<name>Thin48</name>
			<filename>Roboto-Thin.ttf</filename>
			<size>48</size>
		</font>
		<font>
			<name>Thin33</name>
			<filename>Roboto-Thin.ttf</filename>
			<size>33</size>
		</font>
		<font>
			<name>Thin30</name>
			<filename>Roboto-Thin.ttf</filename>
			<size>30</size>
		</font>
		<font>
			<name>Thin16</name>
			<filename>Roboto-Thin.ttf</filename>
			<size>16</size>
		</font>
		<font>
			<name>Thin27</name>
			<filename>Roboto-Thin.ttf</filename>
			<size>27</size>
		</font>
		<!-- Light -->
		<font>
			<name>Light60Spaced</name>
			<filename>Roboto-Light.ttf</filename>
			<linespacing>0.94</linespacing>
			<size>60</size>
		</font>
		<font>
			<name>Light60Upper</name>
			<filename>Roboto-Light.ttf</filename>
			<style>uppercase</style>
			<size>60</size>
		</font>
		<font>
			<name>Light60</name>
			<filename>Roboto-Light.ttf</filename>
			<size>60</size>
		</font>
		<font>
			<name>Light48</name>
			<filename>Roboto-Light.ttf</filename>
			<size>48</size>
		</font>
		<font>
			<name>Light36</name>
			<filename>Roboto-Light.ttf</filename>
			<size>36</size>
		</font>
		<font>
			<name>Light33</name>
			<filename>Roboto-Light.ttf</filename>
			<size>33</size>
		</font>
		<font>
			<name>Light33Upper</name>
			<filename>Roboto-Light.ttf</filename>
			<style>uppercase</style>
			<size>33</size>
		</font>
		<font>
			<name>Light30Upper</name>
			<filename>Roboto-Light.ttf</filename>
			<style>uppercase</style>
			<size>30</size>
		</font>
		<font>
			<name>Light30</name>
			<filename>Roboto-Light.ttf</filename>
			<size>30</size>
		</font>
		<font>
			<name>Light27</name>
			<filename>Roboto-Light.ttf</filename>
			<size>27</size>
		</font>
		<font>
			<name>Light20</name>
			<filename>Roboto-Light.ttf</filename>
			<size>20</size>
		</font>
		<font>
			<name>Light16</name>
			<filename>Roboto-Light.ttf</filename>
			<size>16</size>
		</font>
		<font>
			<name>Light12</name>
			<filename>Roboto-Light.ttf</filename>
			<size>12</size>
		</font>

		<!-- Thin -->
		<font>
			<name>Thin48</name>
			<filename>Roboto-Thin.ttf</filename>
			<size>48</size>
		</font>

		<!-- Old -->
		<font>
			<name>Font72</name>
			<filename>Roboto-Light.ttf</filename>
			<size>72</size>
		</font>
		<font>
			<name>Font48</name>
			<filename>Roboto-Light.ttf</filename>
			<size>48</size>
		</font>
		<font>
			<name>Font42</name>
			<filename>Roboto-Light.ttf</filename>
			<size>42</size>
		</font>
		<font>
			<name>Font36</name>
			<filename>Roboto-Light.ttf</filename>
			<size>36</size>
			<linespacing>1.3</linespacing>
		</font>
		<font>
			<name>Font33</name>
			<filename>Roboto-Light.ttf</filename>
			<size>33</size>
		</font>
		<font>
			<name>Font30</name>
			<filename>Roboto-Light.ttf</filename>
			<size>30</size>
		</font>
		<font>
			<name>Font27</name>
			<filename>Roboto-Light.ttf</filename>
			<size>27</size>
			<linespacing>1.3</linespacing>
		</font>
		<font>
			<name>Font25</name>
			<filename>Roboto-Light.ttf</filename>
			<size>25</size>
			<linespacing>1.3</linespacing>
		</font>
		<!-- Required for system -->
		<font>
			<name>font13</name>
			<filename>Arial.ttf</filename>
			<size>21</size>
		</font>

	</fontset>

</fonts>